employee_id,name,role_id,designation,department,current_assignment,educational_qualifications,work_experience_years,previous_trainings,self_rated_skills,quiz_verified_skills
E001,A Hait,R038,Private Secretary,General Administration Division,Conducting field verification and monitoring visits for General Administration Division,M.Sc. Statistics,18,"C649,C067,C267,C057",S001:2;S002:1;S003:2;S004:2;S005:3;S006:1;S007:1;S008:2;S009:1;S010:1;S011:3;S012:1;S013:3;S014:1;S015:1;S016:1,S002:2;S004:2;S006:1;S007:1;S013:3
E002,A Kiruthika,R040,Deputy Commissioner,Municipal Corporation of Delhi (MCD),Analysing recent data releases and drafting a brief for Municipal Corporation of Delhi (MCD) leadership,M.A. Statistics,21,"C177,C777,C641,C653,C063",S001:3;S002:1;S003:1;S004:2;S005:1;S006:1;S007:1;S008:1;S009:1;S010:2;S011:2;S012:1;S013:2;S014:1;S015:3;S016:2,S004:2;S010:2;S011:2;S013:2;S014:1;S015:3;S016:1
E003,A Ray,R038,Private Secretary,General Administration Division,Conducting field verification and monitoring visits for General Administration Division,M.Sc. Mathematics,18,"C589,C580,C429,C633",S001:1;S002:1;S003:1;S004:2;S005:2;S006:1;S007:3;S008:3;S009:1;S010:3;S011:3;S012:1;S013:2;S014:1;S015:1;S016:1,S003:1;S004:2;S006:1;S007:3;S010:3;S011:3;S013:2
E004,A P Bhadange,R025,Director,NSO (SSD),Reviewing SOPs and process digitisation for NSO (SSD),M.Sc. Mathematics,20,"C577,C621,C454",S001:3;S002:2;S003:1;S004:2;S005:2;S006:1;S007:2;S008:2;S009:2;S010:1;S011:2;S012:2;S013:2;S014:2;S015:2;S016:3,S003:1;S004:1;S005:2;S006:1;S009:2;S011:2;S014:1
E005,A S Chauhan,R040,Deputy Commissioner,Municipal Corporation of Delhi (MCD),Preparing the Q4 performance report for Municipal Corporation of Delhi (MCD),M.A. Statistics,21,"C629,C213,C534",S001:3;S002:2;S003:3;S004:2;S005:3;S006:2;S007:3;S008:2;S009:1;S010:2;S011:3;S012:1;S013:1;S014:1;S015:3;S016:1,S004:2;S006:2;S008:2;S012:1;S013:1;S016:2
E006,A. Abdul Rahman,R048,Deputy Director (Admn),General Administration Division,Handling grievance redressal and correspondence for General Administration Division,PGDM,16,"C112,C641,C476",S001:3;S002:1;S003:1;S004:3;S005:3;S006:1;S007:2;S008:2;S009:1;S010:2;S011:1;S012:1;S013:2;S014:1;S015:2;S016:1,S001:2;S002:1;S004:3;S007:2;S009:1;S010:2;S011:1;S016:1
E007,A. G. Wagde,R008,Director General (CS),Office of Secretary,Handling grievance redressal and correspondence for Office of Secretary,Ph.D. Data Science,34,"C191,C679,C085,C699",S001:2;S002:3;S003:2;S004:2;S005:1;S006:1;S007:2;S008:3;S009:1;S010:3;S011:3;S012:3;S013:3;S014:1;S015:3;S016:3,S005:1;S006:1;S007:2;S009:1;S012:3;S013:3
E008,A. J. Parmar,R002,Director General,Office of Secretary,Supervising staff training rollout within Office of Secretary,Ph.D. Demography,34,"C262,C694,C177,C758,C713,C213",S001:3;S002:3;S003:3;S004:3;S005:1;S006:1;S007:2;S008:3;S009:1;S010:3;S011:2;S012:3;S013:3;S014:2;S015:2;S016:2,S003:2;S004:3;S007:2;S011:2;S012:3;S013:3;S016:2
E009,A. R. Tirkey,R047,Executive Officer (Census),O/o Registrar General of India (RGI),Handling grievance redressal and correspondence for O/o Registrar General of India (RGI),M.Sc. Statistics,19,"C232,C682,C592,C066,C668",S001:3;S002:2;S003:2;S004:1;S005:3;S006:2;S007:2;S008:1;S009:2;S010:1;S011:2;S012:1;S013:2;S014:3;S015:3;S016:2,S002:2;S007:2;S008:1;S011:2;S016:2
E010,A.R. Khadke,R056,Assistant Director,NSO (FOD),Managing stakeholder coordination on a NSO (FOD) modernisation initiative,PGDM,1,"C321,C459",S001:1;S002:1;S003:2;S004:1;S005:3;S006:1;S007:2;S008:1;S009:2;S010:1;S011:1;S012:1;S013:1;S014:2;S015:1;S016:1,S001:1;S003:1;S004:1;S006:1;S007:2;S008:1;S010:2;S013:1
E011,Aarti Mahawar,R033,Deputy Secretary,General Administration Division,Leading survey design updates for General Administration Division's ongoing field operations,M.Sc. Economics,16,"C393,C642,C050,C555",S001:2;S002:2;S003:2;S004:2;S005:3;S006:2;S007:1;S008:2;S009:1;S010:3;S011:3;S012:1;S013:1;S014:1;S015:1;S016:2,S002:2;S003:2;S005:3;S007:1;S015:1;S016:1
E012,Aastha Gaur,R003,Director General (NSS),NSO,Overseeing budget and resource planning for NSO for the current cycle,M.Sc. Applied Statistics,37,"C460,C375,C501,C442,C614",S001:1;S002:3;S003:2;S004:1;S005:2;S006:1;S007:3;S008:3;S009:2;S010:3;S011:2;S012:3;S013:3;S014:1;S015:3;S016:2,S002:3;S004:2;S006:2;S007:3;S009:2;S011:2;S012:3
E013,Aayushi Mishra,R054,Under Secretary,General Administration Division,Reviewing SOPs and process digitisation for General Administration Division,M.Sc. Economics,7,"C782,C309",S001:1;S002:3;S003:1;S004:1;S005:1;S006:2;S007:1;S008:1;S009:3;S010:1;S011:1;S012:1;S013:2;S014:1;S015:1;S016:1,S001:1;S002:3;S003:1;S007:1;S012:2;S013:3;S015:1;S016:1
E014,Abhijeet Sharma,R044,Senior Manager,Coconut Development Board,Coordinating the Q1 data quality review for Coconut Development Board,M.A. Statistics,18,"C358,C117,C254",S001:2;S002:2;S003:1;S004:2;S005:2;S006:1;S007:1;S008:2;S009:1;S010:2;S011:2;S012:1;S013:2;S014:1;S015:1;S016:1,S003:1;S009:2;S010:2;S013:1;S014:1;S015:1
E015,Abhijit Kr. Medhi,R022,Statistical Advisor,Labour Bureau,Analysing recent data releases and drafting a brief for Labour Bureau leadership,M.Sc. Statistics,25,"C085,C251,C191,C373,C377",S001:3;S002:3;S003:2;S004:2;S005:3;S006:1;S007:2;S008:3;S009:1;S010:2;S011:2;S012:2;S013:2;S014:3;S015:3;S016:1,S003:2;S004:2;S007:2;S009:1;S010:1;S013:2
E016,Abhishek Gaurav,R020,Statistical Advisor,O/o Economic Adviser,Leading survey design updates for O/o Economic Adviser's ongoing field operations,M.Sc. Economics,22,"C045,C504,C620,C714,C592,C650",S001:3;S002:1;S003:1;S004:3;S005:3;S006:2;S007:3;S008:3;S009:1;S010:2;S011:3;S012:2;S013:3;S014:3;S015:2;S016:1,S002:1;S007:3;S008:3;S009:1;S011:3;S016:1
E017,Abhishek Kumar,R030,Joint Director,Labour Bureau,Conducting field verification and monitoring visits for Labour Bureau,M.Sc. Economics,16,"C094,C213,C665",S001:3;S002:2;S003:1;S004:1;S005:3;S006:2;S007:3;S008:3;S009:1;S010:2;S011:2;S012:1;S013:2;S014:3;S015:3;S016:2,S002:2;S003:1;S004:1;S006:2;S015:3
E018,Abhishek Shukla,R012,Joint Secretary,Office of Secretary,Conducting field verification and monitoring visits for Office of Secretary,M.Sc. Operations Research,32,"C396,C052,C280,C533,C446,C474",S001:2;S002:3;S003:3;S004:3;S005:2;S006:3;S007:2;S008:2;S009:2;S010:3;S011:2;S012:3;S013:2;S014:2;S015:1;S016:1,S002:3;S003:3;S005:2;S007:2;S010:2;S013:2;S015:1;S016:1
E019,Abhishek Tiwari,R036,Officer-on-Special Duty,MPLADS,Supervising staff training rollout within MPLADS,M.Sc. Mathematics,19,"C376,C702,C111,C769",S001:3;S002:1;S003:2;S004:3;S005:2;S006:1;S007:2;S008:2;S009:1;S010:1;S011:2;S012:2;S013:2;S014:1;S015:1;S016:1,S001:3;S002:2;S004:3;S005:2;S007:1;S016:2
E020,Achennaro,R039,Deputy Commissioner,O/o Registrar General of India (RGI),Leading survey design updates for O/o Registrar General of India (RGI)'s ongoing field operations,M.Sc. Economics,17,"C648,C552,C571",S001:3;S002:2;S003:1;S004:3;S005:1;S006:2;S007:2;S008:2;S009:1;S010:1;S011:2;S012:1;S013:1;S014:1;S015:3;S016:1,S003:1;S006:2;S011:3;S014:1;S016:1
E021,Achu Sreekumar,R029,Joint Director,CBHI,Reviewing SOPs and process digitisation for CBHI,M.Sc. Mathematics,14,"C040,C286,C129,C530,C724",S001:3;S002:3;S003:1;S004:2;S005:3;S006:2;S007:2;S008:2;S009:1;S010:3;S011:2;S012:1;S013:2;S014:2;S015:3;S016:1,S002:3;S003:1;S008:3;S012:1;S015:3
E022,Aditya Mandal,R060,Assistant Director (Probationer),NSSTA,Coordinating the Q3 data quality review for NSSTA,M.Sc. Applied Statistics,3,"C076,C320,C737",S001:1;S002:1;S003:1;S004:2;S005:3;S006:3;S007:1;S008:1;S009:2;S010:1;S011:1;S012:1;S013:1;S014:2;S015:2;S016:1,S002:1;S004:2;S006:3;S008:1;S009:1;S011:1;S015:2
E023,Afinity Mon Lyngwa,R057,Assistant Director,NSO (DIID),Reviewing SOPs and process digitisation for NSO (DIID),M.A. Statistics,2,"C142,C156",S001:3;S002:1;S003:2;S004:1;S005:2;S006:2;S007:3;S008:1;S009:1;S010:1;S011:1;S012:2;S013:2;S014:2;S015:3;S016:1,S002:1;S004:1;S005:3;S006:1;S012:2;S014:3;S016:1
E024,Agrawal Sachita Rakesh,R032,Member Secretary,NC for SC/ST,Preparing the Q3 performance report for NC for SC/ST,M.Sc. Statistics,20,"C505,C085,C734,C641,C487",S001:2;S002:3;S003:3;S004:2;S005:1;S006:3;S007:1;S008:3;S009:1;S010:1;S011:1;S012:1;S013:2;S014:1;S015:1;S016:3,S002:3;S004:1;S005:2;S007:1;S010:1;S013:2;S015:1;S016:3
E025,Agrima Rastogi,R014,Joint Secretary,General Administration Division,Assisting in policy note preparation for General Administration Division,M.Sc. Mathematics,28,"C648,C452,C034,C691,C592,C668",S001:2;S002:3;S003:3;S004:3;S005:1;S006:1;S007:1;S008:3;S009:1;S010:3;S011:2;S012:3;S013:2;S014:1;S015:1;S016:2,S001:2;S002:3;S005:1;S007:1;S008:2;S016:2
E026,Aisha Saeed,R041,Deputy General Manager,Rashtriya Chemicals and Fertilizers Limited,Overseeing budget and resource planning for Rashtriya Chemicals and Fertilizers Limited for the current cycle,M.Sc. Mathematics,21,"C444,C595,C464",S001:3;S002:1;S003:1;S004:1;S005:2;S006:2;S007:2;S008:2;S009:1;S010:3;S011:2;S012:2;S013:2;S014:1;S015:1;S016:1,S002:1;S005:2;S006:2;S008:1;S009:1;S012:2;S016:1
E027,Ajay Baksi,R027,Director,DGCI&S,Supervising staff training rollout within DGCI&S,M.A. Economics,19,"C042,C050,C155,C539,C044",S001:3;S002:2;S003:1;S004:2;S005:3;S006:1;S007:2;S008:1;S009:3;S010:2;S011:2;S012:1;S013:3;S014:2;S015:3;S016:1,S002:2;S007:2;S008:1;S009:3;S013:3;S015:3;S016:2
E028,Ajay Kumar Kumawat,R050,Deputy Passport Officer,Regional Passport Offices,Piloting a new dashboard/reporting tool for Regional Passport Offices,M.A. Economics,17,"C263,C036,C735",S001:2;S002:2;S003:1;S004:2;S005:2;S006:2;S007:1;S008:2;S009:1;S010:2;S011:3;S012:1;S013:2;S014:1;S015:1;S016:3,S003:1;S006:2;S007:1;S008:2;S009:1;S016:3
E029,Ajit Kumar,R019,Vice Chairman,Office of Secretary,Reviewing SOPs and process digitisation for Office of Secretary,M.Sc. Mathematics,25,"C318,C306,C606,C520,C344,C380",S001:1;S002:2;S003:3;S004:3;S005:3;S006:3;S007:1;S008:3;S009:2;S010:3;S011:3;S012:2;S013:3;S014:2;S015:1;S016:1,S001:1;S002:2;S004:2;S007:1;S012:2;S016:1
E030,Ajit Pal Singh,R059,Assistant Director (Probationer),NSO (RAU),Managing stakeholder coordination on a NSO (RAU) modernisation initiative,M.Sc. Mathematics,3,"C103,C750",S001:2;S002:1;S003:2;S004:2;S005:3;S006:1;S007:3;S008:1;S009:2;S010:2;S011:1;S012:1;S013:2;S014:3;S015:3;S016:2,S002:1;S008:1;S009:2;S013:3;S015:3
E031,Ajith Kumar N,R019,Vice Chairman,Office of Secretary,Conducting field verification and monitoring visits for Office of Secretary,MBA (General Management),26,"C773,C318,C367,C202,C015",S001:2;S002:3;S003:3;S004:3;S005:3;S006:2;S007:1;S008:3;S009:1;S010:3;S011:3;S012:2;S013:2;S014:1;S015:1;S016:3,S003:3;S005:3;S008:3;S012:2;S016:3
E032,Akhilesh Jha,R052,Deputy Director,NSO (EnSD),Analysing recent data releases and drafting a brief for NSO (EnSD) leadership,M.Sc. Mathematics,9,"C252,C287,C765,C681",S001:3;S002:1;S003:1;S004:1;S005:2;S006:1;S007:1;S008:1;S009:1;S010:1;S011:1;S012:1;S013:2;S014:1;S015:1;S016:1,S001:3;S006:1;S011:2;S012:1;S014:1
E033,Akhilesh Kumar,R028,Joint Director,NSO (PSD),Supervising staff training rollout within NSO (PSD),M.Sc. Economics,14,"C517,C388,C474",S001:2;S002:3;S003:3;S004:1;S005:3;S006:1;S007:2;S008:2;S009:2;S010:3;S011:2;S012:1;S013:3;S014:2;S015:3;S016:2,S004:2;S009:2;S011:2;S013:3;S015:2;S016:2
E034,Akshita Arora,R015,Deputy Director General,NSO (FOD),Analysing recent data releases and drafting a brief for NSO (FOD) leadership,M.A. Statistics,29,"C390,C516,C176,C177",S001:2;S002:3;S003:1;S004:2;S005:3;S006:2;S007:3;S008:3;S009:1;S010:3;S011:3;S012:1;S013:2;S014:3;S015:1;S016:3,S003:1;S005:3;S007:3;S009:1;S012:1;S013:3;S014:3;S015:1
E035,Alisha Khan,R021,Statistical Advisor,DES,Assisting in policy note preparation for DES,M.Sc. Economics,29,"C467,C777,C459,C169,C213",S001:3;S002:2;S003:2;S004:2;S005:3;S006:2;S007:3;S008:3;S009:1;S010:3;S011:2;S012:3;S013:1;S014:2;S015:2;S016:2,S003:2;S005:3;S009:1;S010:2;S011:2;S012:3;S013:1;S015:2
E036,Alisha khanam,R028,Joint Director,NSO (PSD),Reviewing SOPs and process digitisation for NSO (PSD),M.Sc. Mathematics,17,"C599,C403,C726,C213",S001:3;S002:2;S003:1;S004:1;S005:3;S006:1;S007:3;S008:3;S009:1;S010:2;S011:2;S012:1;S013:1;S014:2;S015:3;S016:1,S003:1;S004:1;S005:3;S007:3;S009:1;S014:2
E037,Alok Kumar,R055,Under Secretary,D/o Expenditure,Preparing the Q2 performance report for D/o Expenditure,M.Sc. Mathematics,14,"C549,C714,C205,C612",S001:2;S002:3;S003:2;S004:2;S005:3;S006:1;S007:2;S008:1;S009:1;S010:1;S011:1;S012:1;S013:1;S014:1;S015:1;S016:1,S001:2;S007:2;S009:1;S010:1;S012:1;S013:1;S014:2
E038,Alok Kumar Singh,R004,Director General (NSS),NSSTA,Supervising staff training rollout within NSSTA,Ph.D. Economics,33,"C357,C277,C642,C394,C584,C293",S001:1;S002:3;S003:2;S004:2;S005:1;S006:2;S007:1;S008:3;S009:1;S010:3;S011:2;S012:3;S013:3;S014:1;S015:3;S016:3,S001:1;S004:2;S005:1;S006:2;S009:2;S010:2;S012:3;S015:3
E039,Alok Kumar Verma,R049,Deputy Passport Officer,Central Passport Organisation,Analysing recent data releases and drafting a brief for Central Passport Organisation leadership,M.A. Statistics,15,"C779,C743,C047,C154",S001:2;S002:3;S003:1;S004:2;S005:3;S006:2;S007:2;S008:3;S009:1;S010:2;S011:1;S012:1;S013:3;S014:1;S015:1;S016:3,S007:2;S008:3;S011:1;S012:2;S015:1;S016:2
E040,Altaf Hussain Haji,R003,Director General (NSS),NSO,Overseeing budget and resource planning for NSO for the current cycle,Ph.D. Demography,34,"C203,C376,C111,C143,C095",S001:2;S002:3;S003:1;S004:2;S005:1;S006:1;S007:2;S008:3;S009:1;S010:2;S011:3;S012:3;S013:3;S014:1;S015:2;S016:1,S002:3;S005:1;S006:1;S007:2;S009:1;S010:2
E041,Ambica Anand,R004,Director General (NSS),NSSTA,Assisting in policy note preparation for NSSTA,M.Sc. Operations Research,38,"C672,C771,C379,C218,C354",S001:2;S002:3;S003:2;S004:2;S005:1;S006:1;S007:2;S008:3;S009:1;S010:2;S011:2;S012:3;S013:3;S014:1;S015:2;S016:1,S003:2;S008:3;S009:1;S010:2;S013:3;S015:2;S016:1
E042,Amelia Betsy C.,R059,Assistant Director (Probationer),NSO (RAU),Conducting field verification and monitoring visits for NSO (RAU),MBA (Public Policy),5,"C758,C288",S001:2;S002:1;S003:1;S004:1;S005:3;S006:1;S007:3;S008:1;S009:2;S010:1;S011:1;S012:1;S013:1;S014:2;S015:2;S016:1,S006:1;S011:1;S012:1;S013:1;S014:2;S016:1
E043,Amit Kumar,R003,Director General (NSS),NSO,Managing stakeholder coordination on a NSO modernisation initiative,Ph.D. Data Science,34,"C773,C499,C302,C483",S001:1;S002:2;S003:1;S004:2;S005:1;S006:2;S007:3;S008:3;S009:1;S010:3;S011:2;S012:3;S013:3;S014:1;S015:3;S016:1,S002:1;S004:2;S005:1;S015:3;S016:1
E044,Amit Kumar,R041,Deputy General Manager,Rashtriya Chemicals and Fertilizers Limited,Leading survey design updates for Rashtriya Chemicals and Fertilizers Limited's ongoing field operations,M.A. Statistics,19,"C720,C206,C719,C538",S001:2;S002:2;S003:1;S004:1;S005:1;S006:1;S007:1;S008:1;S009:2;S010:2;S011:2;S012:1;S013:2;S014:1;S015:1;S016:2,S003:2;S004:1;S006:1;S007:1;S011:2;S012:1;S015:2
E045,Amit Kumar,R011,Additional Director General,General Administration Division,Overseeing budget and resource planning for General Administration Division for the current cycle,M.Sc. Economics,32,"C032,C594,C357,C087",S001:3;S002:3;S003:2;S004:3;S005:2;S006:2;S007:2;S008:3;S009:2;S010:3;S011:3;S012:3;S013:3;S014:3;S015:2;S016:1,S002:3;S006:2;S008:3;S014:3;S016:1
E046,Amit Kumar,R038,Private Secretary,General Administration Division,Supervising staff training rollout within General Administration Division,M.A. Economics,20,"C413,C624,C697,C335,C533",S001:1;S002:3;S003:1;S004:2;S005:3;S006:1;S007:2;S008:3;S009:1;S010:2;S011:2;S012:1;S013:2;S014:1;S015:1;S016:1,S005:3;S007:2;S008:3;S010:2;S011:2
E047,Amit Meena,R035,Officer-on-Special Duty,Office of Secretary,Managing stakeholder coordination on a Office of Secretary modernisation initiative,M.Sc. Economics,15,"C628,C356,C047,C003",S001:2;S002:2;S003:2;S004:2;S005:1;S006:2;S007:1;S008:2;S009:1;S010:2;S011:3;S012:1;S013:2;S014:1;S015:1;S016:1,S001:2;S002:2;S007:2;S009:2;S012:2;S015:2;S016:1
E048,Amit Nirmal,R029,Joint Director,CBHI,Assisting in policy note preparation for CBHI,M.Sc. Mathematics,15,"C446,C213,C699",S001:3;S002:2;S003:1;S004:1;S005:2;S006:1;S007:1;S008:2;S009:1;S010:2;S011:1;S012:1;S013:1;S014:3;S015:3;S016:1,S002:1;S009:1;S013:1;S014:3;S015:2;S016:1
E049,Amit Saha,R030,Joint Director,Labour Bureau,Conducting field verification and monitoring visits for Labour Bureau,M.Sc. Economics,16,"C767,C494,C671,C689",S001:2;S002:3;S003:1;S004:1;S005:3;S006:1;S007:2;S008:3;S009:1;S010:2;S011:2;S012:1;S013:2;S014:2;S015:3;S016:1,S005:3;S006:1;S009:1;S011:3;S012:1;S013:2;S014:2;S016:1
E050,Amit Verma,R036,Officer-on-Special Duty,MPLADS,Managing stakeholder coordination on a MPLADS modernisation initiative,M.Sc. Applied Statistics,16,"C635,C019,C041,C084",S001:1;S002:1;S003:3;S004:3;S005:2;S006:2;S007:2;S008:2;S009:1;S010:2;S011:2;S012:1;S013:1;S014:1;S015:1;S016:2,S002:1;S003:2;S006:2;S007:2;S008:2;S010:1;S011:2;S016:2
E051,Amit Verma,R057,Assistant Director,NSO (DIID),Preparing the Q4 performance report for NSO (DIID),M.Tech Computer Science,0,"C299,C597,C603",S001:1;S002:1;S003:2;S004:1;S005:3;S006:2;S007:1;S008:2;S009:1;S010:1;S011:1;S012:1;S013:1;S014:2;S015:2;S016:1,S002:1;S004:1;S006:2;S007:1;S008:1;S009:1;S012:1
E052,Amitha M,R003,Director General (NSS),NSO,Conducting field verification and monitoring visits for NSO,M.Sc. Applied Statistics,37,"C413,C429,C636,C130,C084",S001:2;S002:3;S003:2;S004:1;S005:1;S006:2;S007:3;S008:3;S009:1;S010:3;S011:2;S012:3;S013:3;S014:2;S015:2;S016:2,S001:2;S003:3;S004:1;S008:2;S009:2;S014:2;S016:2
E053,Amrendra Pratap Singh,R031,Member Secretary,Central Information Commission,Conducting field verification and monitoring visits for Central Information Commission,MBA (General Management),20,"C052,C252,C641",S001:2;S002:3;S003:2;S004:2;S005:2;S006:2;S007:1;S008:2;S009:1;S010:1;S011:2;S012:1;S013:2;S014:2;S015:2;S016:1,S004:1;S005:3;S006:1;S007:1;S009:1;S015:2;S016:1
E054,Amresh Bahadur Pal,R039,Deputy Commissioner,O/o Registrar General of India (RGI),Preparing the Q3 performance report for O/o Registrar General of India (RGI),M.Sc. Statistics,18,"C226,C429,C043,C634,C733",S001:1;S002:2;S003:3;S004:2;S005:1;S006:2;S007:3;S008:1;S009:2;S010:3;S011:2;S012:1;S013:1;S014:1;S015:3;S016:1,S003:3;S004:2;S013:1;S014:1;S016:1
E055,Amrit Lal Jangid,R007,Director General (CS),Central Statistics Office wing (NSO),Overseeing budget and resource planning for Central Statistics Office wing (NSO) for the current cycle,M.Sc. Economics,38,"C378,C366,C133,C046",S001:1;S002:3;S003:2;S004:2;S005:1;S006:1;S007:2;S008:3;S009:1;S010:2;S011:2;S012:3;S013:3;S014:1;S015:2;S016:1,S001:1;S008:3;S009:1;S011:2;S015:2;S016:1
E056,Anchal Jain,R053,Deputy Director,DES,Reviewing SOPs and process digitisation for DES,M.Sc. Operations Research,7,"C648,C413,C611",S001:3;S002:3;S003:1;S004:1;S005:3;S006:2;S007:3;S008:1;S009:3;S010:1;S011:2;S012:2;S013:2;S014:3;S015:3;S016:1,S001:3;S006:2;S008:1;S009:3;S013:1;S014:3;S015:2
E057,Anil,R058,Assistant Director,DES,Managing stakeholder coordination on a DES modernisation initiative,M.Sc. Statistics,4,"C204,C395",S001:3;S002:2;S003:1;S004:1;S005:3;S006:2;S007:2;S008:2;S009:2;S010:2;S011:1;S012:2;S013:1;S014:1;S015:2;S016:1,S006:2;S008:2;S010:2;S011:1;S014:1
E058,Anil Phulwari,R015,Deputy Director General,NSO (FOD),Preparing the Q2 performance report for NSO (FOD),M.Sc. Mathematics,24,"C782,C641,C279",S001:3;S002:2;S003:1;S004:2;S005:3;S006:1;S007:3;S008:2;S009:1;S010:3;S011:3;S012:3;S013:2;S014:3;S015:1;S016:1,S001:3;S002:2;S009:1;S013:2;S015:1;S016:1
E059,Anil Digambar Patil,R012,Joint Secretary,Office of Secretary,Assisting in policy note preparation for Office of Secretary,M.Sc. Operations Research,28,"C038,C318,C489,C085",S001:1;S002:3;S003:3;S004:3;S005:1;S006:1;S007:3;S008:3;S009:3;S010:3;S011:2;S012:3;S013:3;S014:2;S015:1;S016:1,S002:3;S004:3;S005:1;S007:2;S012:3;S014:2;S016:1
E060,Anil H. Ramteke,R018,Vice Chairman,NEC Secretariat,Reviewing SOPs and process digitisation for NEC Secretariat,M.Sc. Economics,25,"C129,C335,C592,C281,C510,C432",S001:1;S002:3;S003:3;S004:3;S005:2;S006:2;S007:1;S008:3;S009:1;S010:3;S011:3;S012:2;S013:2;S014:3;S015:2;S016:1,S002:3;S004:3;S005:3;S007:1;S009:1;S011:3;S015:2;S016:1
E061,Anil Kumar Jatav,R018,Vice Chairman,NEC Secretariat,Analysing recent data releases and drafting a brief for NEC Secretariat leadership,M.Sc. Economics,25,"C041,C282,C347,C644",S001:1;S002:2;S003:3;S004:3;S005:3;S006:1;S007:2;S008:3;S009:1;S010:2;S011:3;S012:2;S013:2;S014:3;S015:2;S016:3,S001:1;S003:3;S007:3;S009:2;S011:3;S015:3;S016:3
E062,Anilakumari T.,R012,Joint Secretary,Office of Secretary,Supervising staff training rollout within Office of Secretary,M.Sc. Statistics,30,"C784,C480,C500,C348,C293",S001:2;S002:2;S003:3;S004:3;S005:1;S006:2;S007:1;S008:2;S009:1;S010:3;S011:3;S012:3;S013:3;S014:1;S015:1;S016:1,S006:2;S007:1;S008:2;S009:1;S010:3
E063,Animeshi Kumar,R022,Statistical Advisor,Labour Bureau,Reviewing SOPs and process digitisation for Labour Bureau,M.A. Economics,29,"C055,C030,C648,C185,C434",S001:3;S002:3;S003:1;S004:2;S005:3;S006:1;S007:2;S008:3;S009:1;S010:3;S011:3;S012:2;S013:2;S014:3;S015:2;S016:2,S006:1;S009:2;S010:3;S011:3;S013:2;S016:2
E064,Anindita Sinharay,R037,Private Secretary,Office of Secretary,Managing stakeholder coordination on a Office of Secretary modernisation initiative,M.Sc. Economics,21,"C353,C166,C759,C763",S001:1;S002:2;S003:2;S004:3;S005:3;S006:1;S007:2;S008:2;S009:2;S010:2;S011:3;S012:1;S013:2;S014:1;S015:1;S016:2,S005:3;S008:2;S009:2;S011:2;S012:1;S015:1;S016:2
E065,Anindya Banerjee,R054,Under Secretary,General Administration Division,Leading survey design updates for General Administration Division's ongoing field operations,M.Sc. Economics,9,"C281,C252,C345",S001:2;S002:2;S003:1;S004:2;S005:3;S006:2;S007:2;S008:1;S009:3;S010:1;S011:2;S012:1;S013:3;S014:1;S015:1;S016:1,S003:1;S004:2;S006:2;S007:2;S008:1;S009:2;S010:2;S015:1
E066,Anindya Saha,R040,Deputy Commissioner,Municipal Corporation of Delhi (MCD),Preparing the Q4 performance report for Municipal Corporation of Delhi (MCD),M.Sc. Statistics,16,"C451,C501,C036,C424,C402",S001:1;S002:1;S003:2;S004:1;S005:2;S006:3;S007:1;S008:2;S009:1;S010:2;S011:2;S012:1;S013:1;S014:1;S015:3;S016:1,S005:2;S008:2;S009:1;S012:1;S015:3;S016:2
E067,Anis-Ul Malik,R044,Senior Manager,Coconut Development Board,Preparing the Q1 performance report for Coconut Development Board,PGDM,16,"C443,C758,C648,C045",S001:2;S002:2;S003:1;S004:3;S005:2;S006:1;S007:1;S008:2;S009:1;S010:2;S011:2;S012:1;S013:1;S014:1;S015:1;S016:1,S003:1;S004:3;S006:1;S009:1;S010:2;S012:1;S014:1
E068,Anita Baghel,R047,Executive Officer (Census),O/o Registrar General of India (RGI),Coordinating the Q4 data quality review for O/o Registrar General of India (RGI),M.A. Economics,17,"C724,C505,C429",S001:3;S002:1;S003:1;S004:1;S005:3;S006:2;S007:3;S008:2;S009:1;S010:2;S011:3;S012:1;S013:2;S014:3;S015:3;S016:1,S001:3;S005:3;S006:1;S011:2;S014:3;S016:1
E069,Anita Sirohiwal,R052,Deputy Director,NSO (EnSD),Preparing the Q1 performance report for NSO (EnSD),B.Tech + M.Tech (IT),11,"C525,C302,C461",S001:3;S002:2;S003:1;S004:1;S005:3;S006:1;S007:1;S008:1;S009:3;S010:2;S011:1;S012:2;S013:2;S014:2;S015:2;S016:1,S001:3;S003:1;S004:1;S006:2;S011:1;S012:2;S013:2
E070,Anitha Partha Saradhii Bobburi,R009,Additional Director General,NSO,Managing stakeholder coordination on a NSO modernisation initiative,M.Sc. Applied Statistics,33,"C036,C057,C586,C644",S001:3;S002:2;S003:3;S004:3;S005:1;S006:2;S007:2;S008:3;S009:2;S010:3;S011:2;S012:3;S013:3;S014:1;S015:2;S016:3,S001:3;S002:2;S009:2;S015:2;S016:3
E071,Anjali Jose,R055,Under Secretary,D/o Expenditure,Piloting a new dashboard/reporting tool for D/o Expenditure,M.Sc. Mathematics,7,"C050,C508,C733,C409",S001:1;S002:2;S003:1;S004:2;S005:2;S006:3;S007:1;S008:1;S009:1;S010:2;S011:1;S012:2;S013:2;S014:1;S015:1;S016:1,S004:2;S008:1;S010:1;S014:1;S016:1
E072,Anjali Maurya,R055,Under Secretary,D/o Expenditure,Coordinating the Q4 data quality review for D/o Expenditure,PGDM,9,"C198,C542,C515,C569",S001:1;S002:2;S003:1;S004:2;S005:2;S006:3;S007:1;S008:1;S009:3;S010:2;S011:1;S012:1;S013:3;S014:2;S015:1;S016:1,S005:2;S009:3;S011:1;S014:2;S015:1;S016:1
E073,Anjali Rawat,R027,Director,DGCI&S,Assisting in policy note preparation for DGCI&S,M.Sc. Economics,19,"C711,C774,C362,C608,C539",S001:2;S002:2;S003:1;S004:2;S005:3;S006:1;S007:2;S008:3;S009:1;S010:3;S011:3;S012:1;S013:1;S014:1;S015:3;S016:1,S003:1;S004:2;S006:1;S009:1;S013:1;S014:1;S015:3
E074,Anjali Yadav,R025,Director,NSO (SSD),Conducting field verification and monitoring visits for NSO (SSD),M.Sc. Operations Research,17,"C052,C435,C428,C742,C303",S001:3;S002:3;S003:1;S004:2;S005:2;S006:1;S007:2;S008:3;S009:2;S010:3;S011:3;S012:1;S013:2;S014:2;S015:3;S016:1,S002:3;S003:1;S004:2;S005:3;S006:1;S010:3;S016:1
E075,Ankit Mishra,R030,Joint Director,Labour Bureau,Coordinating the Q3 data quality review for Labour Bureau,M.A. Statistics,16,"C616,C641,C059,C402",S001:3;S002:2;S003:1;S004:1;S005:2;S006:1;S007:2;S008:2;S009:1;S010:2;S011:1;S012:1;S013:2;S014:1;S015:3;S016:1,S001:3;S002:2;S003:1;S007:2;S010:2;S013:2;S015:3;S016:1
E076,Ankit Yadav,R053,Deputy Director,DES,Coordinating the Q3 data quality review for DES,M.Sc. Applied Statistics,12,"C371,C100,C594,C222",S001:3;S002:1;S003:3;S004:1;S005:2;S006:1;S007:2;S008:1;S009:2;S010:1;S011:1;S012:1;S013:2;S014:3;S015:2;S016:1,S001:3;S003:3;S004:2;S008:1;S009:2;S011:1;S014:2;S015:2
E077,Ankit kumar Jain,R057,Assistant Director,NSO (DIID),Piloting a new dashboard/reporting tool for NSO (DIID),M.Tech Computer Science,3,"C676,C051",S001:2;S002:1;S003:2;S004:1;S005:3;S006:1;S007:1;S008:1;S009:1;S010:1;S011:1;S012:1;S013:1;S014:1;S015:2;S016:2,S001:2;S003:2;S004:1;S006:1;S007:1;S008:1;S014:2
E078,Ankita Mondal,R028,Joint Director,NSO (PSD),Preparing the Q2 performance report for NSO (PSD),M.A. Economics,20,"C690,C129,C285",S001:2;S002:2;S003:1;S004:1;S005:3;S006:2;S007:2;S008:2;S009:1;S010:2;S011:2;S012:1;S013:2;S014:3;S015:3;S016:2,S002:2;S005:3;S006:2;S009:1;S012:1;S016:2
E079,Ankita Singh,R051,Deputy Director,NSO (HSD),Supervising staff training rollout within NSO (HSD),M.Sc. Mathematics,12,"C499,C419,C322,C739",S001:1;S002:2;S003:2;S004:1;S005:3;S006:1;S007:2;S008:1;S009:1;S010:2;S011:2;S012:1;S013:2;S014:2;S015:3;S016:1,S001:1;S006:1;S010:2;S012:1;S015:3
E080,Ankur Kumar,R054,Under Secretary,General Administration Division,Handling grievance redressal and correspondence for General Administration Division,M.Sc. Operations Research,9,"C522,C562",S001:1;S002:2;S003:1;S004:2;S005:3;S006:3;S007:1;S008:1;S009:1;S010:1;S011:1;S012:2;S013:2;S014:2;S015:1;S016:1,S002:2;S004:2;S009:1;S010:1;S015:1;S016:1
E081,Anshika Bajpai,R024,Executive Director,Coconut Development Board,Conducting field verification and monitoring visits for Coconut Development Board,M.Sc. Statistics,22,"C625,C433,C616,C190,C589",S001:2;S002:2;S003:3;S004:3;S005:2;S006:3;S007:1;S008:3;S009:2;S010:3;S011:3;S012:2;S013:3;S014:1;S015:1;S016:3,S002:2;S006:3;S007:1;S013:2;S014:1;S016:3
E082,Anshika Bhatnagar,R054,Under Secretary,General Administration Division,Preparing the Q1 performance report for General Administration Division,PGDM,9,"C292,C201",S001:1;S002:2;S003:2;S004:2;S005:3;S006:2;S007:2;S008:2;S009:1;S010:1;S011:1;S012:1;S013:1;S014:1;S015:1;S016:1,S003:2;S005:3;S009:1;S011:2;S012:1;S013:1;S016:1
E083,Anshu Singh,R023,Executive Director,NSSTA,Overseeing budget and resource planning for NSSTA for the current cycle,M.A. Economics,28,"C076,C522,C105",S001:3;S002:3;S003:3;S004:3;S005:2;S006:2;S007:2;S008:3;S009:3;S010:3;S011:3;S012:3;S013:2;S014:2;S015:1;S016:3,S001:3;S004:3;S005:2;S007:2;S008:3;S010:3;S016:3
E084,Anu Verma,R041,Deputy General Manager,Rashtriya Chemicals and Fertilizers Limited,Managing stakeholder coordination on a Rashtriya Chemicals and Fertilizers Limited modernisation initiative,M.A. Statistics,18,"C647,C245,C468,C570,C487",S001:2;S002:2;S003:1;S004:2;S005:2;S006:1;S007:2;S008:2;S009:2;S010:2;S011:2;S012:1;S013:2;S014:1;S015:1;S016:1,S001:2;S004:1;S009:2;S012:2;S013:2;S016:1
E085,Anuj Singh,R006,Director General (DG),General Administration Division,Handling grievance redressal and correspondence for General Administration Division,M.Sc. Applied Statistics,32,"C692,C646,C533,C191,C592,C066",S001:1;S002:3;S003:3;S004:2;S005:2;S006:2;S007:2;S008:3;S009:2;S010:3;S011:2;S012:3;S013:3;S014:1;S015:1;S016:2,S005:1;S006:2;S007:2;S010:2;S011:2;S013:3;S016:2
E086,Anuja Bapat,R014,Joint Secretary,General Administration Division,Handling grievance redressal and correspondence for General Administration Division,M.Sc. Operations Research,28,"C609,C280,C409,C480,C376,C524",S001:3;S002:3;S003:3;S004:2;S005:1;S006:1;S007:1;S008:3;S009:2;S010:3;S011:3;S012:3;S013:2;S014:2;S015:1;S016:3,S003:3;S005:1;S007:1;S011:3;S012:3;S016:3
E087,Anupam Lahiri,R051,Deputy Director,NSO (HSD),Assisting in policy note preparation for NSO (HSD),MBA (General Management),12,"C564,C625,C007,C048",S001:2;S002:2;S003:2;S004:2;S005:3;S006:1;S007:1;S008:1;S009:1;S010:1;S011:1;S012:1;S013:2;S014:2;S015:3;S016:1,S002:1;S004:2;S006:2;S011:1;S014:2;S016:1
E088,Anupam Deb Barman,R031,Member Secretary,Central Information Commission,Managing stakeholder coordination on a Central Information Commission modernisation initiative,M.A. Statistics,18,"C460,C540,C239",S001:2;S002:2;S003:2;S004:2;S005:2;S006:2;S007:3;S008:2;S009:2;S010:2;S011:3;S012:1;S013:3;S014:1;S015:2;S016:2,S001:2;S003:2;S007:3;S008:2;S009:2;S016:2
E089,Apeksha Agrawal Jain,R032,Member Secretary,NC for SC/ST,Assisting in policy note preparation for NC for SC/ST,M.Sc. Operations Research,14,"C392,C284,C429,C364",S001:2;S002:3;S003:2;S004:1;S005:1;S006:3;S007:3;S008:1;S009:1;S010:2;S011:1;S012:2;S013:2;S014:1;S015:1;S016:2,S003:2;S005:1;S007:3;S008:1;S009:1;S011:1;S014:1;S016:2
E090,Aqsa Ilahi,R044,Senior Manager,Coconut Development Board,Managing stakeholder coordination on a Coconut Development Board modernisation initiative,M.Sc. Operations Research,20,"C112,C221,C201,C027",S001:2;S002:2;S003:3;S004:2;S005:1;S006:1;S007:1;S008:1;S009:2;S010:2;S011:1;S012:1;S013:2;S014:1;S015:1;S016:1,S005:1;S006:2;S009:2;S010:2;S013:2;S014:1;S016:1
E091,Archana Shukla,R039,Deputy Commissioner,O/o Registrar General of India (RGI),Piloting a new dashboard/reporting tool for O/o Registrar General of India (RGI),M.Sc. Economics,18,"C669,C664,C627,C721,C479",S001:2;S002:2;S003:2;S004:3;S005:2;S006:2;S007:1;S008:2;S009:1;S010:1;S011:1;S012:1;S013:2;S014:1;S015:3;S016:1,S001:2;S005:2;S008:2;S013:2;S015:3;S016:1
E092,Archana Verma,R049,Deputy Passport Officer,Central Passport Organisation,Analysing recent data releases and drafting a brief for Central Passport Organisation leadership,M.Sc. Operations Research,16,"C677,C091,C458,C280",S001:2;S002:3;S003:2;S004:2;S005:2;S006:2;S007:1;S008:2;S009:1;S010:1;S011:1;S012:1;S013:2;S014:1;S015:1;S016:1,S001:3;S003:3;S007:1;S010:1;S014:1;S016:1
E093,Arif Iqbal Bhat,R041,Deputy General Manager,Rashtriya Chemicals and Fertilizers Limited,Overseeing budget and resource planning for Rashtriya Chemicals and Fertilizers Limited for the current cycle,M.Sc. Mathematics,20,"C097,C176,C069,C237",S001:2;S002:1;S003:1;S004:1;S005:3;S006:2;S007:2;S008:1;S009:2;S010:2;S011:2;S012:1;S013:2;S014:1;S015:1;S016:2,S003:1;S005:3;S006:2;S009:2;S010:1;S011:2
E094,Arindam Modak,R040,Deputy Commissioner,Municipal Corporation of Delhi (MCD),Managing stakeholder coordination on a Municipal Corporation of Delhi (MCD) modernisation initiative,M.Sc. Applied Statistics,17,"C614,C177,C288",S001:2;S002:2;S003:3;S004:2;S005:2;S006:2;S007:1;S008:2;S009:1;S010:2;S011:2;S012:1;S013:3;S014:1;S015:2;S016:1,S002:2;S003:3;S009:1;S013:3;S016:1
E095,Arka Mondal,R013,Joint Secretary,D/o Economic Affairs,Managing stakeholder coordination on a D/o Economic Affairs modernisation initiative,Ph.D. Data Science,31,"C046,C525,C761,C474,C671",S001:2;S002:3;S003:2;S004:3;S005:1;S006:2;S007:2;S008:3;S009:1;S010:3;S011:2;S012:2;S013:3;S014:1;S015:2;S016:3,S004:3;S007:1;S008:2;S010:3;S012:2;S014:1;S016:2
E096,Arti Bangia,R020,Statistical Advisor,O/o Economic Adviser,Analysing recent data releases and drafting a brief for O/o Economic Adviser leadership,PGDM,29,"C677,C055,C411,C251,C539",S001:2;S002:3;S003:1;S004:3;S005:2;S006:2;S007:2;S008:3;S009:1;S010:3;S011:3;S012:2;S013:2;S014:3;S015:1;S016:2,S005:2;S011:3;S012:2;S013:2;S016:2
E097,Arun Kumar-1,R045,Manager (M&E),NITI Aayog (DMEO),Leading survey design updates for NITI Aayog (DMEO)'s ongoing field operations,M.Sc. Applied Statistics,19,"C452,C616,C377",S001:3;S002:1;S003:3;S004:2;S005:3;S006:1;S007:3;S008:2;S009:1;S010:2;S011:2;S012:1;S013:2;S014:2;S015:2;S016:2,S001:3;S003:3;S006:1;S007:3;S008:2;S010:2;S013:2;S016:2
E098,Arun Kumar Yadav,R051,Deputy Director,NSO (HSD),Reviewing SOPs and process digitisation for NSO (HSD),M.Sc. Operations Research,7,"C530,C042",S001:2;S002:1;S003:1;S004:1;S005:3;S006:2;S007:1;S008:1;S009:2;S010:1;S011:1;S012:2;S013:1;S014:3;S015:2;S016:1,S001:2;S003:1;S006:2;S007:1;S010:1;S012:2;S013:1;S014:3
E099,Arvind Kumar,R056,Assistant Director,NSO (FOD),Reviewing SOPs and process digitisation for NSO (FOD),M.Sc. Statistics,0,"C623,C170,C654",S001:2;S002:1;S003:1;S004:1;S005:3;S006:3;S007:2;S008:1;S009:1;S010:1;S011:2;S012:1;S013:1;S014:2;S015:2;S016:1,S004:1;S006:3;S010:1;S012:1;S015:2;S016:1
E100,Arvind Kumar,R032,Member Secretary,NC for SC/ST,Leading survey design updates for NC for SC/ST's ongoing field operations,M.Sc. Statistics,20,"C357,C207,C397,C379",S001:2;S002:2;S003:2;S004:1;S005:2;S006:3;S007:2;S008:2;S009:1;S010:3;S011:2;S012:1;S013:1;S014:1;S015:1;S016:2,S001:2;S003:2;S005:2;S007:2;S011:2;S016:2
E101,Ashish Yadav,R023,Executive Director,NSSTA,Conducting field verification and monitoring visits for NSSTA,M.A. Economics,26,"C177,C716,C052,C629,C569,C281",S001:1;S002:1;S003:2;S004:3;S005:3;S006:1;S007:2;S008:3;S009:2;S010:3;S011:3;S012:3;S013:2;S014:2;S015:1;S016:2,S001:1;S004:3;S007:2;S010:3;S013:2;S014:2;S015:1;S016:2
E102,Ashish Kumar,R034,Deputy Secretary,PI Wing,Coordinating the Q3 data quality review for PI Wing,M.Sc. Operations Research,14,"C371,C166,C478",S001:2;S002:1;S003:2;S004:3;S005:2;S006:2;S007:1;S008:2;S009:1;S010:3;S011:3;S012:1;S013:2;S014:1;S015:1;S016:1,S003:2;S005:2;S007:1;S010:2;S014:1;S015:1;S016:2
E103,Ashok Kumar Singh-II,R055,Under Secretary,D/o Expenditure,Analysing recent data releases and drafting a brief for D/o Expenditure leadership,M.Sc. Applied Statistics,9,"C711,C076,C310",S001:1;S002:1;S003:1;S004:2;S005:2;S006:2;S007:1;S008:1;S009:1;S010:1;S011:1;S012:1;S013:2;S014:1;S015:1;S016:2,S003:1;S007:1;S008:1;S010:1;S014:1;S016:2
E104,Ashutosh Awasthi,R001,Director General,NSO,Handling grievance redressal and correspondence for NSO,MBA (Public Policy),37,"C340,C076,C480,C449,C258,C515",S001:2;S002:3;S003:3;S004:3;S005:1;S006:2;S007:2;S008:3;S009:1;S010:3;S011:3;S012:3;S013:2;S014:1;S015:3;S016:1,S003:2;S005:1;S007:2;S008:2;S013:2;S014:1;S016:1
E105,Ashwani Kanaujia,R033,Deputy Secretary,General Administration Division,Conducting field verification and monitoring visits for General Administration Division,M.A. Statistics,19,"C102,C351,C272,C177",S001:2;S002:1;S003:1;S004:2;S005:2;S006:2;S007:1;S008:3;S009:1;S010:3;S011:2;S012:1;S013:2;S014:2;S015:1;S016:2,S001:2;S003:1;S014:2;S015:1;S016:2
E106,Astitva Ranjan Srivastava,R018,Vice Chairman,NEC Secretariat,Overseeing budget and resource planning for NEC Secretariat for the current cycle,M.Sc. Statistics,25,"C006,C658,C280,C588,C239,C535",S001:2;S002:2;S003:1;S004:3;S005:2;S006:2;S007:1;S008:3;S009:1;S010:2;S011:2;S012:2;S013:2;S014:1;S015:1;S016:1,S007:1;S010:3;S011:2;S013:2;S014:1;S015:1;S016:1
E107,Atanu Kumar Chowdhury,R051,Deputy Director,NSO (HSD),Reviewing SOPs and process digitisation for NSO (HSD),M.Sc. Economics,8,"C242,C475,C605,C237",S001:2;S002:1;S003:2;S004:1;S005:3;S006:1;S007:2;S008:2;S009:3;S010:1;S011:1;S012:1;S013:2;S014:3;S015:2;S016:1,S004:1;S006:1;S009:3;S011:1;S012:1;S013:2;S014:3
E108,Atul Kumar Sharma,R021,Statistical Advisor,DES,Supervising staff training rollout within DES,M.Sc. Economics,22,"C287,C317,C584,C770",S001:2;S002:2;S003:2;S004:1;S005:3;S006:1;S007:3;S008:3;S009:1;S010:3;S011:3;S012:2;S013:1;S014:3;S015:3;S016:1,S001:3;S003:2;S006:1;S007:3;S009:1;S011:3;S012:2;S015:3
E109,Atul Kumar Singh,R004,Director General (NSS),NSSTA,Reviewing SOPs and process digitisation for NSSTA,Ph.D. Statistics,36,"C419,C458,C034,C298,C714,C094",S001:2;S002:3;S003:1;S004:2;S005:1;S006:2;S007:2;S008:3;S009:1;S010:3;S011:1;S012:3;S013:3;S014:2;S015:3;S016:3,S001:2;S008:3;S010:3;S014:2;S016:3
E110,Avanish Kumar Mishra,R025,Director,NSO (SSD),Conducting field verification and monitoring visits for NSO (SSD),PGDM,15,"C500,C646,C350",S001:3;S002:2;S003:1;S004:2;S005:3;S006:1;S007:1;S008:1;S009:1;S010:1;S011:2;S012:1;S013:1;S014:2;S015:3;S016:1,S002:2;S004:2;S005:2;S006:1;S009:1;S012:2;S016:2
E111,Avinash Kumari,R019,Vice Chairman,Office of Secretary,Assisting in policy note preparation for Office of Secretary,M.Sc. Economics,27,"C105,C575,C050,C753,C614,C145",S001:2;S002:2;S003:2;S004:3;S005:2;S006:3;S007:1;S008:3;S009:2;S010:3;S011:3;S012:1;S013:2;S014:1;S015:1;S016:2,S002:2;S006:3;S007:1;S013:2;S015:1
E112,Avishek Guha,R047,Executive Officer (Census),O/o Registrar General of India (RGI),Supervising staff training rollout within O/o Registrar General of India (RGI),M.Sc. Mathematics,16,"C359,C357,C571,C596",S001:2;S002:2;S003:2;S004:2;S005:3;S006:1;S007:2;S008:2;S009:1;S010:2;S011:2;S012:1;S013:2;S014:2;S015:3;S016:2,S001:2;S002:2;S011:2;S015:2;S016:2
E113,Avishek Podder,R010,Additional Director General,AI & Big Data Unit,Supervising staff training rollout within AI & Big Data Unit,MCA,33,"C599,C419,C313,C575,C714,C332",S001:3;S002:3;S003:3;S004:3;S005:2;S006:3;S007:3;S008:2;S009:3;S010:2;S011:3;S012:3;S013:3;S014:2;S015:2;S016:1,S003:3;S004:3;S008:2;S015:2;S016:1
E114,Avneet Kaur,R060,Assistant Director (Probationer),NSSTA,Preparing the Q4 performance report for NSSTA,MBA (General Management),1,"C160,C096,C157",S001:2;S002:1;S003:1;S004:2;S005:3;S006:1;S007:1;S008:1;S009:1;S010:1;S011:1;S012:1;S013:1;S014:2;S015:3;S016:1,S003:1;S008:1;S010:1;S012:2;S013:1;S016:2
E115,Ayesha Zuhee Nizam,R041,Deputy General Manager,Rashtriya Chemicals and Fertilizers Limited,Overseeing budget and resource planning for Rashtriya Chemicals and Fertilizers Limited for the current cycle,M.A. Economics,15,"C677,C630,C737,C633,C369",S001:1;S002:2;S003:2;S004:2;S005:2;S006:1;S007:2;S008:2;S009:3;S010:3;S011:2;S012:1;S013:3;S014:1;S015:1;S016:1,S001:1;S004:2;S009:3;S011:2;S013:3
E116,Ayushi Rastogi,R031,Member Secretary,Central Information Commission,Reviewing SOPs and process digitisation for Central Information Commission,M.Sc. Mathematics,18,"C125,C654,C639,C124,C190",S001:2;S002:2;S003:1;S004:3;S005:2;S006:1;S007:1;S008:1;S009:2;S010:3;S011:2;S012:2;S013:3;S014:1;S015:1;S016:1,S003:1;S004:3;S007:1;S011:1;S012:2;S013:3;S016:1
E117,B. Kumar,R050,Deputy Passport Officer,Regional Passport Offices,Reviewing SOPs and process digitisation for Regional Passport Offices,M.Sc. Applied Statistics,17,"C433,C314,C013,C486,C471",S001:2;S002:3;S003:2;S004:1;S005:3;S006:2;S007:3;S008:2;S009:2;S010:3;S011:2;S012:1;S013:1;S014:1;S015:1;S016:2,S004:1;S007:2;S010:3;S011:1;S012:1;S013:1;S016:2
E118,B. Muraleedharan Nair,R052,Deputy Director,NSO (EnSD),Coordinating the Q2 data quality review for NSO (EnSD),M.Tech Computer Science,11,"C139,C110,C141,C736",S001:3;S002:1;S003:2;S004:2;S005:3;S006:3;S007:3;S008:1;S009:1;S010:1;S011:2;S012:1;S013:3;S014:2;S015:2;S016:2,S002:1;S003:1;S004:2;S006:3;S007:3;S008:1;S014:2
E119,Badal Kumar,R018,Vice Chairman,NEC Secretariat,Piloting a new dashboard/reporting tool for NEC Secretariat,M.A. Economics,28,"C118,C695,C533,C664",S001:2;S002:2;S003:2;S004:3;S005:2;S006:3;S007:1;S008:3;S009:2;S010:3;S011:3;S012:2;S013:2;S014:3;S015:2;S016:2,S002:2;S009:1;S013:2;S014:3;S016:2
E120,Baidhar Swain,R040,Deputy Commissioner,Municipal Corporation of Delhi (MCD),Reviewing SOPs and process digitisation for Municipal Corporation of Delhi (MCD),M.Sc. Operations Research,19,"C582,C515,C042",S001:2;S002:2;S003:2;S004:1;S005:2;S006:2;S007:3;S008:2;S009:1;S010:1;S011:1;S012:2;S013:2;S014:1;S015:3;S016:1,S001:2;S008:2;S013:2;S014:1;S016:1
E121,Balaji S,R016,Deputy Director General,NSO (NAD),Preparing the Q2 performance report for NSO (NAD),M.A. Statistics,29,"C376,C040,C159",S001:3;S002:2;S003:1;S004:2;S005:2;S006:1;S007:2;S008:3;S009:1;S010:2;S011:3;S012:2;S013:2;S014:3;S015:3;S016:3,S003:1;S004:2;S009:1;S011:2;S012:2;S013:3
E122,Balram Choudhary,R024,Executive Director,Coconut Development Board,Preparing the Q1 performance report for Coconut Development Board,M.Sc. Statistics,24,"C092,C527,C016,C172,C018,C213",S001:3;S002:2;S003:2;S004:3;S005:3;S006:2;S007:1;S008:3;S009:2;S010:3;S011:3;S012:2;S013:1;S014:2;S015:1;S016:2,S002:2;S004:3;S006:1;S007:1;S010:3;S011:3;S012:2;S016:3
E123,Balwinder Singh,R003,Director General (NSS),NSO,Coordinating the Q1 data quality review for NSO,M.Sc. Applied Statistics,35,"C596,C057,C036,C171,C192,C642",S001:2;S002:2;S003:2;S004:2;S005:1;S006:1;S007:2;S008:3;S009:1;S010:2;S011:3;S012:3;S013:3;S014:1;S015:3;S016:1,S004:1;S007:3;S009:1;S013:3;S014:1
E124,Bamane Mohan Jinnappa,R039,Deputy Commissioner,O/o Registrar General of India (RGI),Handling grievance redressal and correspondence for O/o Registrar General of India (RGI),M.Sc. Mathematics,16,"C357,C179,C581,C607,C643",S001:1;S002:3;S003:2;S004:3;S005:2;S006:3;S007:2;S008:2;S009:1;S010:2;S011:2;S012:1;S013:3;S014:1;S015:2;S016:1,S001:1;S008:2;S012:2;S015:2;S016:1
E125,Bappa Saha,R051,Deputy Director,NSO (HSD),Conducting field verification and monitoring visits for NSO (HSD),M.Sc. Economics,10,"C414,C153",S001:2;S002:2;S003:1;S004:1;S005:3;S006:2;S007:3;S008:1;S009:1;S010:1;S011:1;S012:2;S013:2;S014:3;S015:2;S016:1,S001:2;S002:2;S006:2;S008:1;S009:1;S010:1;S014:3
E126,Batti Lal Meena,R007,Director General (CS),Central Statistics Office wing (NSO),Coordinating the Q1 data quality review for Central Statistics Office wing (NSO),Ph.D. Demography,34,"C318,C406,C689,C514,C044",S001:2;S002:3;S003:2;S004:2;S005:1;S006:1;S007:2;S008:3;S009:2;S010:3;S011:2;S012:3;S013:3;S014:1;S015:2;S016:1,S005:2;S009:2;S010:3;S011:2;S013:3;S014:1;S016:2
E127,Bhagyashree Sathe,R024,Executive Director,Coconut Development Board,Reviewing SOPs and process digitisation for Coconut Development Board,MBA (General Management),26,"C223,C641,C165,C538",S001:3;S002:1;S003:2;S004:3;S005:2;S006:2;S007:2;S008:3;S009:1;S010:3;S011:3;S012:2;S013:3;S014:2;S015:1;S016:1,S003:3;S004:3;S005:2;S007:2;S014:2;S015:2;S016:1
E128,Bhaskar Chandra Patra,R055,Under Secretary,D/o Expenditure,Assisting in policy note preparation for D/o Expenditure,M.Sc. Economics,9,"C268,C132",S001:1;S002:2;S003:1;S004:2;S005:1;S006:2;S007:1;S008:1;S009:1;S010:1;S011:1;S012:1;S013:2;S014:2;S015:1;S016:1,S001:1;S003:1;S006:2;S010:1;S016:1
E129,Bhavna Mishra,R004,Director General (NSS),NSSTA,Conducting field verification and monitoring visits for NSSTA,M.A. Statistics,38,"C122,C166,C765,C531,C044",S001:2;S002:3;S003:2;S004:2;S005:1;S006:1;S007:2;S008:2;S009:2;S010:3;S011:1;S012:3;S013:3;S014:1;S015:2;S016:2,S003:2;S006:1;S007:2;S008:3;S009:2;S013:3;S015:2
E130,Bhawana Joshi,R022,Statistical Advisor,Labour Bureau,Conducting field verification and monitoring visits for Labour Bureau,M.Sc. Applied Statistics,29,"C112,C657,C096,C668",S001:2;S002:2;S003:3;S004:1;S005:3;S006:1;S007:2;S008:3;S009:1;S010:3;S011:3;S012:1;S013:3;S014:3;S015:3;S016:1,S001:2;S004:1;S006:2;S009:1;S015:3;S016:1
E131,Bhawna Singh,R054,Under Secretary,General Administration Division,Managing stakeholder coordination on a General Administration Division modernisation initiative,PGDM,14,"C292,C702,C489,C503",S001:1;S002:2;S003:1;S004:2;S005:2;S006:3;S007:1;S008:1;S009:1;S010:2;S011:1;S012:1;S013:2;S014:1;S015:2;S016:1,S002:2;S007:2;S011:1;S013:2;S015:2;S016:1
E132,Biju Cyriac,R034,Deputy Secretary,PI Wing,Leading survey design updates for PI Wing's ongoing field operations,M.Sc. Mathematics,18,"C151,C014,C641",S001:2;S002:2;S003:2;S004:3;S005:1;S006:1;S007:1;S008:3;S009:2;S010:2;S011:2;S012:2;S013:3;S014:1;S015:1;S016:2,S001:2;S002:2;S003:2;S007:1;S015:1;S016:2
E133,Biltu Maji,R059,Assistant Director (Probationer),NSO (RAU),Leading survey design updates for NSO (RAU)'s ongoing field operations,M.Sc. Economics,2,"C264,C164",S001:2;S002:1;S003:3;S004:1;S005:3;S006:1;S007:1;S008:1;S009:1;S010:1;S011:1;S012:1;S013:1;S014:2;S015:3;S016:1,S001:2;S002:1;S003:3;S005:3;S006:1;S014:2
E134,Bindu Sreedathan,R003,Director General (NSS),NSO,Handling grievance redressal and correspondence for NSO,M.A. Statistics,33,"C233,C016,C586,C644",S001:2;S002:3;S003:2;S004:1;S005:1;S006:2;S007:3;S008:3;S009:2;S010:2;S011:1;S012:3;S013:3;S014:1;S015:2;S016:1,S005:1;S006:3;S007:3;S011:1;S014:2;S016:1
E135,Biplab Sarkar,R038,Private Secretary,General Administration Division,Analysing recent data releases and drafting a brief for General Administration Division leadership,M.Sc. Operations Research,17,"C435,C559,C150",S001:1;S002:2;S003:2;S004:2;S005:2;S006:1;S007:1;S008:2;S009:2;S010:3;S011:2;S012:2;S013:1;S014:1;S015:1;S016:1,S002:2;S004:2;S005:2;S009:2;S010:3;S011:2;S015:2;S016:2
E136,Birendra Kumar Mishra,R004,Director General (NSS),NSSTA,Conducting field verification and monitoring visits for NSSTA,M.Sc. Statistics,35,"C553,C029,C213,C753",S001:2;S002:3;S003:2;S004:1;S005:1;S006:2;S007:2;S008:3;S009:2;S010:3;S011:2;S012:3;S013:2;S014:2;S015:2;S016:1,S001:2;S003:3;S005:2;S006:2;S011:2;S016:1
E137,Biswajit Das,R040,Deputy Commissioner,Municipal Corporation of Delhi (MCD),Coordinating the Q4 data quality review for Municipal Corporation of Delhi (MCD),M.A. Statistics,21,"C500,C621,C396,C520",S001:2;S002:2;S003:1;S004:2;S005:1;S006:2;S007:3;S008:2;S009:1;S010:2;S011:2;S012:1;S013:3;S014:1;S015:2;S016:1,S002:2;S005:2;S010:1;S012:1;S016:2
E138,Biswajit Panigrahi,R033,Deputy Secretary,General Administration Division,Coordinating the Q3 data quality review for General Administration Division,M.A. Statistics,20,"C617,C423,C350,C721",S001:1;S002:2;S003:2;S004:1;S005:2;S006:3;S007:2;S008:1;S009:1;S010:3;S011:1;S012:1;S013:3;S014:1;S015:2;S016:1,S004:1;S005:2;S007:2;S008:1;S011:1;S016:1
E139,Biswajit Sharma,R008,Director General (CS),Office of Secretary,Assisting in policy note preparation for Office of Secretary,M.Sc. Applied Statistics,32,"C276,C446,C528,C459",S001:2;S002:3;S003:3;S004:2;S005:1;S006:1;S007:2;S008:3;S009:3;S010:3;S011:3;S012:3;S013:3;S014:1;S015:2;S016:1,S002:3;S004:2;S007:2;S008:2;S009:3;S015:3;S016:1
E140,Biswamitra Naik,R025,Director,NSO (SSD),Supervising staff training rollout within NSO (SSD),M.Sc. Statistics,21,"C291,C584,C031,C154",S001:3;S002:2;S003:1;S004:3;S005:3;S006:1;S007:1;S008:3;S009:1;S010:2;S011:3;S012:2;S013:2;S014:2;S015:3;S016:1,S002:1;S004:3;S005:3;S009:1;S011:3;S012:2;S014:2;S016:1
E141,Bobby Thomas Mathews,R046,Manager (M&E),MPLADS,Reviewing SOPs and process digitisation for MPLADS,MBA (General Management),20,"C376,C287,C659,C063",S001:3;S002:2;S003:1;S004:2;S005:3;S006:1;S007:2;S008:3;S009:1;S010:2;S011:2;S012:1;S013:2;S014:3;S015:2;S016:2,S001:3;S005:2;S006:1;S009:1;S013:2;S014:3;S016:2
E142,Brijendra Singh,R046,Manager (M&E),MPLADS,Leading survey design updates for MPLADS's ongoing field operations,M.Sc. Mathematics,20,"C500,C490,C183,C239",S001:3;S002:3;S003:1;S004:3;S005:3;S006:1;S007:2;S008:2;S009:2;S010:3;S011:2;S012:1;S013:3;S014:1;S015:2;S016:1,S007:2;S008:3;S009:2;S011:2;S012:1
E143,C F Joseph,R003,Director General (NSS),NSO,Managing stakeholder coordination on a NSO modernisation initiative,Ph.D. Demography,33,"C274,C607,C571,C171",S001:3;S002:3;S003:3;S004:2;S005:2;S006:1;S007:2;S008:3;S009:2;S010:3;S011:1;S012:2;S013:3;S014:1;S015:3;S016:2,S002:3;S003:2;S004:2;S005:2;S006:2;S009:3;S010:3
E144,C H Honey,R045,Manager (M&E),NITI Aayog (DMEO),Reviewing SOPs and process digitisation for NITI Aayog (DMEO),M.A. Economics,21,"C482,C648,C147,C430,C554",S001:2;S002:1;S003:2;S004:2;S005:2;S006:1;S007:3;S008:1;S009:3;S010:2;S011:2;S012:1;S013:2;S014:2;S015:2;S016:1,S005:2;S008:1;S009:2;S011:2;S013:2;S014:1;S015:2;S016:1
E145,C. Satyam,R030,Joint Director,Labour Bureau,Reviewing SOPs and process digitisation for Labour Bureau,M.Sc. Applied Statistics,14,"C045,C429,C626,C149,C415",S001:2;S002:1;S003:1;S004:2;S005:3;S006:1;S007:2;S008:2;S009:1;S010:2;S011:3;S012:1;S013:3;S014:2;S015:3;S016:1,S003:1;S006:1;S007:2;S008:2;S009:1;S011:3;S012:1;S015:3
E146,C. K. Meshram,R029,Joint Director,CBHI,Conducting field verification and monitoring visits for CBHI,M.A. Economics,17,"C318,C554,C132,C044",S001:3;S002:2;S003:1;S004:2;S005:3;S006:2;S007:1;S008:1;S009:2;S010:1;S011:1;S012:1;S013:2;S014:3;S015:3;S016:1,S002:2;S003:1;S004:1;S005:3;S008:1;S009:2;S011:1;S012:1
E147,Chaman Singh,R059,Assistant Director (Probationer),NSO (RAU),Handling grievance redressal and correspondence for NSO (RAU),M.Sc. Mathematics,5,"C714,C756,C049",S001:3;S002:1;S003:2;S004:1;S005:3;S006:1;S007:1;S008:1;S009:1;S010:1;S011:1;S012:1;S013:2;S014:2;S015:2;S016:1,S001:3;S002:1;S004:1;S005:3;S006:2;S010:1;S012:1;S016:1
E148,Chandra Shekhar Mishra,R021,Statistical Advisor,DES,Piloting a new dashboard/reporting tool for DES,MBA (Public Policy),24,"C444,C421,C497,C533,C301,C436",S001:3;S002:2;S003:1;S004:2;S005:3;S006:1;S007:3;S008:3;S009:2;S010:2;S011:3;S012:2;S013:3;S014:2;S015:1;S016:2,S001:3;S003:1;S006:1;S011:3;S012:2;S016:2
E149,Chandradeep Kumar Jha,R047,Executive Officer (Census),O/o Registrar General of India (RGI),Coordinating the Q1 data quality review for O/o Registrar General of India (RGI),PGDM,19,"C696,C191,C515,C188,C485",S001:2;S002:2;S003:2;S004:2;S005:3;S006:2;S007:2;S008:3;S009:1;S010:3;S011:3;S012:1;S013:1;S014:3;S015:3;S016:2,S001:2;S002:3;S007:2;S015:3;S016:2
E150,Chandrajit Chatterjee,R026,Director,NSO (ESD),Managing stakeholder coordination on a NSO (ESD) modernisation initiative,M.A. Statistics,21,"C142,C097,C015,C153",S001:2;S002:3;S003:2;S004:1;S005:2;S006:1;S007:1;S008:2;S009:2;S010:3;S011:2;S012:1;S013:2;S014:1;S015:3;S016:1,S001:3;S003:2;S009:2;S010:2;S012:1;S013:2;S014:1;S015:3
E151,Chandrasekar K,R035,Officer-on-Special Duty,Office of Secretary,Handling grievance redressal and correspondence for Office of Secretary,M.A. Statistics,18,"C070,C769,C641",S001:1;S002:2;S003:2;S004:2;S005:2;S006:3;S007:1;S008:2;S009:1;S010:2;S011:2;S012:1;S013:2;S014:1;S015:1;S016:1,S006:3;S007:1;S009:1;S011:2;S012:1;S015:1;S016:1
E152,Chandrima Das,R001,Director General,NSO,Assisting in policy note preparation for NSO,Ph.D. Statistics,38,"C630,C209,C164,C182",S001:1;S002:3;S003:3;S004:2;S005:1;S006:1;S007:3;S008:3;S009:3;S010:3;S011:1;S012:3;S013:3;S014:1;S015:2;S016:1,S003:3;S009:3;S012:3;S014:1;S016:1
E153,Chet Ram Meena,R002,Director General,Office of Secretary,Leading survey design updates for Office of Secretary's ongoing field operations,M.Sc. Operations Research,32,"C175,C318,C110,C123,C663,C500",S001:1;S002:3;S003:3;S004:3;S005:1;S006:2;S007:2;S008:2;S009:2;S010:3;S011:2;S012:3;S013:2;S014:1;S015:2;S016:3,S003:3;S004:3;S007:2;S013:2;S015:2;S016:3
E154,Chetan Yangjor,R034,Deputy Secretary,PI Wing,Leading survey design updates for PI Wing's ongoing field operations,PGDM,21,"C342,C180,C437,C515",S001:1;S002:2;S003:2;S004:2;S005:3;S006:1;S007:1;S008:2;S009:1;S010:2;S011:2;S012:1;S013:2;S014:1;S015:1;S016:2,S001:1;S003:2;S005:3;S007:1;S008:2;S010:2;S011:2;S016:2
E155,Chetna Shukla,R040,Deputy Commissioner,Municipal Corporation of Delhi (MCD),Conducting field verification and monitoring visits for Municipal Corporation of Delhi (MCD),M.Sc. Applied Statistics,18,"C224,C296,C648,C098,C567",S001:2;S002:2;S003:2;S004:1;S005:1;S006:3;S007:2;S008:2;S009:1;S010:2;S011:3;S012:1;S013:1;S014:1;S015:3;S016:1,S002:2;S005:1;S008:2;S011:3;S016:1
E156,Chhajed Harshada Nandalal,R002,Director General,Office of Secretary,Reviewing SOPs and process digitisation for Office of Secretary,M.Sc. Mathematics,37,"C546,C396,C177,C775,C429,C259",S001:2;S002:2;S003:3;S004:2;S005:1;S006:2;S007:1;S008:3;S009:1;S010:2;S011:2;S012:3;S013:3;S014:2;S015:2;S016:3,S003:2;S009:1;S014:2;S015:1;S016:3
E157,Chinneivah Haokip,R028,Joint Director,NSO (PSD),Leading survey design updates for NSO (PSD)'s ongoing field operations,MBA (Public Policy),19,"C378,C640,C326,C044",S001:2;S002:2;S003:3;S004:2;S005:3;S006:2;S007:1;S008:2;S009:1;S010:3;S011:3;S012:1;S013:3;S014:2;S015:2;S016:1,S006:2;S007:1;S008:2;S009:1;S010:3;S012:1;S014:2;S016:1
E158,Cyriac George,R034,Deputy Secretary,PI Wing,Analysing recent data releases and drafting a brief for PI Wing leadership,M.A. Statistics,19,"C648,C369,C428",S001:1;S002:2;S003:2;S004:2;S005:1;S006:1;S007:1;S008:2;S009:1;S010:2;S011:2;S012:1;S013:1;S014:2;S015:1;S016:2,S001:2;S002:2;S004:2;S007:1;S009:1;S010:2;S015:1;S016:2
E159,D Dey,R028,Joint Director,NSO (PSD),Piloting a new dashboard/reporting tool for NSO (PSD),M.Sc. Operations Research,19,"C290,C103,C755,C131",S001:2;S002:1;S003:1;S004:2;S005:2;S006:1;S007:2;S008:1;S009:1;S010:2;S011:1;S012:1;S013:2;S014:2;S015:3;S016:1,S001:1;S002:1;S003:1;S005:2;S013:2;S016:1
E160,D Satish,R019,Vice Chairman,Office of Secretary,Coordinating the Q3 data quality review for Office of Secretary,M.A. Economics,23,"C268,C601,C076",S001:2;S002:3;S003:2;S004:2;S005:3;S006:2;S007:3;S008:3;S009:2;S010:3;S011:2;S012:3;S013:3;S014:3;S015:1;S016:1,S004:2;S006:1;S007:2;S011:2;S012:3;S016:1
E161,D K Jain,R005,Director General (DG),NSO,Managing stakeholder coordination on a NSO modernisation initiative,M.Sc. Economics,35,"C490,C357,C715,C376,C266,C297",S001:1;S002:3;S003:3;S004:2;S005:2;S006:2;S007:1;S008:3;S009:2;S010:3;S011:3;S012:3;S013:3;S014:2;S015:1;S016:1,S003:3;S006:2;S007:1;S008:3;S011:3;S016:2
E162,D. Pramod N,R047,Executive Officer (Census),O/o Registrar General of India (RGI),Reviewing SOPs and process digitisation for O/o Registrar General of India (RGI),M.Sc. Economics,19,"C381,C076,C519",S001:3;S002:3;S003:2;S004:1;S005:2;S006:3;S007:2;S008:3;S009:1;S010:2;S011:2;S012:1;S013:2;S014:2;S015:3;S016:1,S002:3;S003:2;S005:2;S010:2;S016:2
E163,Debanjana Datta,R060,Assistant Director (Probationer),NSSTA,Assisting in policy note preparation for NSSTA,M.Sc. Applied Statistics,5,"C494,C303,C468",S001:1;S002:1;S003:1;S004:1;S005:2;S006:2;S007:1;S008:2;S009:1;S010:1;S011:1;S012:1;S013:2;S014:3;S015:3;S016:1,S002:2;S003:2;S004:1;S005:2;S008:2;S009:1;S014:3
E164,Debashis Mandal,R031,Member Secretary,Central Information Commission,Supervising staff training rollout within Central Information Commission,M.A. Statistics,19,"C677,C475,C533,C107,C670",S001:2;S002:1;S003:1;S004:1;S005:2;S006:3;S007:1;S008:1;S009:2;S010:2;S011:2;S012:1;S013:1;S014:1;S015:1;S016:1,S002:1;S004:1;S007:1;S008:1;S011:2;S016:1
E165,Debasis Barman,R015,Deputy Director General,NSO (FOD),Leading survey design updates for NSO (FOD)'s ongoing field operations,M.A. Economics,22,"C429,C075,C665",S001:3;S002:1;S003:1;S004:2;S005:3;S006:1;S007:3;S008:3;S009:1;S010:3;S011:3;S012:2;S013:3;S014:3;S015:2;S016:2,S001:2;S003:1;S004:2;S005:3;S011:3;S013:3;S016:2
E166,Debdut Saha,R060,Assistant Director (Probationer),NSSTA,Handling grievance redressal and correspondence for NSSTA,M.A. Statistics,3,"C480,C383,C174",S001:1;S002:2;S003:2;S004:1;S005:3;S006:1;S007:2;S008:1;S009:1;S010:1;S011:1;S012:2;S013:2;S014:2;S015:2;S016:2,S001:1;S002:3;S003:3;S008:2;S015:3
E167,Deeksha,R029,Joint Director,CBHI,Supervising staff training rollout within CBHI,M.A. Economics,16,"C114,C295,C036",S001:3;S002:1;S003:2;S004:3;S005:3;S006:1;S007:2;S008:2;S009:1;S010:1;S011:2;S012:2;S013:2;S014:2;S015:3;S016:1,S004:3;S005:2;S007:2;S008:2;S009:1;S011:2;S014:2;S016:2
E168,Deepak Dhanawat,R052,Deputy Director,NSO (EnSD),Assisting in policy note preparation for NSO (EnSD),MCA,14,"C587,C449",S001:2;S002:2;S003:1;S004:1;S005:3;S006:1;S007:2;S008:1;S009:2;S010:1;S011:1;S012:1;S013:3;S014:2;S015:1;S016:1,S005:3;S007:2;S010:1;S015:1;S016:1
E169,Deepak Kumar,R031,Member Secretary,Central Information Commission,Managing stakeholder coordination on a Central Information Commission modernisation initiative,M.A. Statistics,16,"C504,C376,C673,C554,C049",S001:2;S002:2;S003:2;S004:3;S005:2;S006:2;S007:1;S008:2;S009:1;S010:2;S011:1;S012:2;S013:2;S014:1;S015:2;S016:2,S001:2;S002:2;S006:2;S007:1;S010:2
E170,Deepak Mehra,R059,Assistant Director (Probationer),NSO (RAU),Conducting field verification and monitoring visits for NSO (RAU),M.A. Economics,2,"C327,C347",S001:3;S002:2;S003:1;S004:1;S005:3;S006:2;S007:2;S008:1;S009:2;S010:1;S011:1;S012:1;S013:1;S014:2;S015:2;S016:2,S002:2;S006:2;S008:1;S011:1;S013:1;S015:2;S016:2
E171,Deepak Verma,R034,Deputy Secretary,PI Wing,Assisting in policy note preparation for PI Wing,M.Sc. Applied Statistics,16,"C478,C245,C455,C461",S001:2;S002:2;S003:2;S004:2;S005:2;S006:1;S007:1;S008:3;S009:2;S010:2;S011:3;S012:2;S013:2;S014:1;S015:1;S016:3,S002:2;S004:2;S008:3;S009:2;S016:2
E172,Deepak S Nagdeve,R043,Senior Manager,TRIFED,Coordinating the Q2 data quality review for TRIFED,M.Sc. Applied Statistics,16,"C249,C085,C457",S001:1;S002:2;S003:1;S004:2;S005:2;S006:1;S007:1;S008:3;S009:1;S010:3;S011:1;S012:1;S013:2;S014:1;S015:2;S016:1,S004:2;S006:1;S007:1;S009:1;S010:3;S011:1;S013:2;S015:2
E173,Deepika Verma,R060,Assistant Director (Probationer),NSSTA,Overseeing budget and resource planning for NSSTA for the current cycle,M.Sc. Applied Statistics,2,"C744,C334",S001:3;S002:1;S003:2;S004:1;S005:3;S006:1;S007:3;S008:1;S009:1;S010:2;S011:1;S012:1;S013:2;S014:1;S015:2;S016:1,S003:2;S004:1;S005:3;S007:3;S008:2;S009:1;S012:1;S013:2
E174,Deepti Srivastava,R009,Additional Director General,NSO,Piloting a new dashboard/reporting tool for NSO,Ph.D. Economics,30,"C077,C028,C673,C592,C731",S001:3;S002:3;S003:3;S004:2;S005:1;S006:3;S007:2;S008:3;S009:1;S010:3;S011:3;S012:3;S013:3;S014:1;S015:2;S016:1,S001:3;S005:1;S011:3;S013:3;S016:1
E175,Deepti Tripathi,R003,Director General (NSS),NSO,Assisting in policy note preparation for NSO,M.Sc. Economics,32,"C517,C340,C489,C057,C766",S001:1;S002:3;S003:3;S004:2;S005:1;S006:1;S007:2;S008:3;S009:1;S010:3;S011:3;S012:3;S013:2;S014:1;S015:2;S016:2,S002:3;S006:2;S008:2;S011:3;S014:1
E176,Deo Kumar Choudhary,R023,Executive Director,NSSTA,Assisting in policy note preparation for NSSTA,M.Sc. Mathematics,29,"C500,C078,C237",S001:2;S002:2;S003:1;S004:3;S005:3;S006:3;S007:1;S008:3;S009:3;S010:3;S011:3;S012:2;S013:3;S014:3;S015:1;S016:1,S004:3;S007:1;S008:3;S010:3;S012:2;S014:2;S016:1
E177,Dhananjay P. Srivastava,R024,Executive Director,Coconut Development Board,Supervising staff training rollout within Coconut Development Board,M.Sc. Statistics,25,"C148,C036,C696,C302,C345",S001:2;S002:3;S003:2;S004:2;S005:3;S006:2;S007:1;S008:3;S009:2;S010:3;S011:3;S012:3;S013:3;S014:3;S015:1;S016:1,S002:3;S003:2;S004:2;S007:1;S014:3
E178,Dharmender,R033,Deputy Secretary,General Administration Division,Overseeing budget and resource planning for General Administration Division for the current cycle,M.A. Statistics,16,"C521,C091,C391,C478",S001:2;S002:2;S003:2;S004:2;S005:2;S006:1;S007:3;S008:2;S009:1;S010:2;S011:1;S012:2;S013:2;S014:1;S015:1;S016:1,S005:1;S007:3;S008:2;S009:1;S015:1;S016:2
E179,Dharmvir Jha,R032,Member Secretary,NC for SC/ST,Reviewing SOPs and process digitisation for NC for SC/ST,M.Sc. Applied Statistics,20,"C045,C417,C138,C721",S001:1;S002:2;S003:3;S004:2;S005:2;S006:2;S007:2;S008:2;S009:1;S010:1;S011:2;S012:1;S013:2;S014:1;S015:2;S016:1,S001:1;S003:2;S007:2;S012:1;S013:2;S014:1;S016:1
E180,Dheeraj Kumar Ojha,R037,Private Secretary,Office of Secretary,Piloting a new dashboard/reporting tool for Office of Secretary,M.Sc. Statistics,20,"C504,C199,C744,C302",S001:2;S002:3;S003:2;S004:2;S005:2;S006:1;S007:2;S008:2;S009:1;S010:2;S011:2;S012:1;S013:1;S014:1;S015:2;S016:1,S001:2;S002:3;S003:2;S004:2;S009:1;S011:1
E181,Dhrijesh Kumar Tiwari,R037,Private Secretary,Office of Secretary,Overseeing budget and resource planning for Office of Secretary for the current cycle,M.Sc. Statistics,17,"C242,C072,C160",S001:3;S002:1;S003:3;S004:3;S005:2;S006:2;S007:1;S008:2;S009:1;S010:1;S011:1;S012:1;S013:1;S014:1;S015:1;S016:2,S001:3;S003:3;S006:2;S013:1;S014:1
E182,Diksha Sachdeva,R025,Director,NSO (SSD),Managing stakeholder coordination on a NSO (SSD) modernisation initiative,M.Sc. Applied Statistics,18,"C503,C387,C405,C271,C353",S001:3;S002:2;S003:3;S004:3;S005:3;S006:1;S007:3;S008:2;S009:2;S010:3;S011:1;S012:1;S013:2;S014:3;S015:3;S016:1,S003:3;S009:3;S010:3;S011:1;S013:2;S015:3
E183,Dilip kumar,R026,Director,NSO (ESD),Leading survey design updates for NSO (ESD)'s ongoing field operations,M.A. Statistics,17,"C688,C533,C780,C736",S001:2;S002:2;S003:1;S004:2;S005:3;S006:2;S007:3;S008:2;S009:1;S010:2;S011:1;S012:2;S013:3;S014:3;S015:3;S016:2,S003:2;S005:3;S010:2;S011:1;S012:2;S013:3;S014:2;S016:2
E184,Dilip Kumar Sinha,R001,Director General,NSO,Leading survey design updates for NSO's ongoing field operations,M.Sc. Applied Statistics,32,"C429,C632,C605,C068",S001:2;S002:3;S003:3;S004:3;S005:1;S006:3;S007:3;S008:3;S009:1;S010:2;S011:3;S012:2;S013:3;S014:1;S015:1;S016:1,S003:3;S006:3;S007:3;S011:3;S013:3;S014:1;S016:1
E185,Dilli Ram Sharma,R030,Joint Director,Labour Bureau,Conducting field verification and monitoring visits for Labour Bureau,M.Sc. Operations Research,18,"C359,C769,C098,C347,C562",S001:3;S002:3;S003:1;S004:2;S005:2;S006:1;S007:3;S008:1;S009:2;S010:1;S011:2;S012:2;S013:3;S014:2;S015:3;S016:2,S003:1;S004:2;S006:1;S008:1;S009:2;S010:1;S014:2
E186,Dimpal Singh,R012,Joint Secretary,Office of Secretary,Preparing the Q3 performance report for Office of Secretary,M.Sc. Statistics,33,"C764,C177,C331,C495,C721,C063",S001:1;S002:3;S003:2;S004:2;S005:1;S006:2;S007:1;S008:3;S009:2;S010:3;S011:3;S012:3;S013:2;S014:1;S015:1;S016:3,S003:2;S004:2;S007:1;S008:3;S012:3;S013:2;S016:3
E187,Dinesh Kumar,R047,Executive Officer (Census),O/o Registrar General of India (RGI),Analysing recent data releases and drafting a brief for O/o Registrar General of India (RGI) leadership,M.Sc. Economics,15,"C687,C386,C177,C467,C012",S001:2;S002:1;S003:2;S004:3;S005:3;S006:2;S007:3;S008:2;S009:1;S010:1;S011:2;S012:1;S013:3;S014:2;S015:3;S016:1,S009:1;S012:1;S013:3;S014:2;S016:1
E188,Dinesh Kumar Gupta,R018,Vice Chairman,NEC Secretariat,Conducting field verification and monitoring visits for NEC Secretariat,M.A. Statistics,29,"C711,C131,C197,C213",S001:1;S002:3;S003:1;S004:3;S005:2;S006:1;S007:1;S008:3;S009:1;S010:3;S011:2;S012:3;S013:1;S014:3;S015:1;S016:2,S006:1;S007:1;S010:3;S011:1;S015:1;S016:2
E189,Dipankar Mitra,R004,Director General (NSS),NSSTA,Leading survey design updates for NSSTA's ongoing field operations,Ph.D. Data Science,36,"C443,C179,C378,C423,C724",S001:1;S002:3;S003:2;S004:2;S005:1;S006:2;S007:3;S008:3;S009:1;S010:3;S011:2;S012:2;S013:3;S014:1;S015:1;S016:2,S002:3;S007:3;S009:1;S013:3;S014:1;S015:2;S016:1
E190,Diptarka Das,R014,Joint Secretary,General Administration Division,Piloting a new dashboard/reporting tool for General Administration Division,M.Sc. Mathematics,31,"C186,C433,C057,C111,C213,C345",S001:2;S002:3;S003:3;S004:3;S005:2;S006:2;S007:1;S008:2;S009:1;S010:2;S011:3;S012:3;S013:3;S014:1;S015:1;S016:1,S005:2;S007:1;S008:1;S010:3;S014:1;S015:1;S016:1
E191,Divya Chauhan,R059,Assistant Director (Probationer),NSO (RAU),Piloting a new dashboard/reporting tool for NSO (RAU),MBA (Public Policy),1,"C778,C486",S001:2;S002:1;S003:1;S004:1;S005:3;S006:2;S007:2;S008:1;S009:1;S010:2;S011:1;S012:1;S013:1;S014:2;S015:2;S016:2,S001:2;S002:1;S003:1;S006:2;S011:1;S012:1;S013:1;S014:1
E192,Divya Singh,R013,Joint Secretary,D/o Economic Affairs,Conducting field verification and monitoring visits for D/o Economic Affairs,M.Sc. Statistics,28,"C557,C695,C332,C036",S001:3;S002:3;S003:2;S004:2;S005:1;S006:2;S007:1;S008:3;S009:2;S010:2;S011:1;S012:3;S013:3;S014:1;S015:1;S016:1,S002:3;S003:2;S005:2;S007:2;S010:1;S016:1
E193,Divyansh Shukla,R023,Executive Director,NSSTA,Overseeing budget and resource planning for NSSTA for the current cycle,M.A. Economics,27,"C529,C457,C671",S001:2;S002:3;S003:2;S004:3;S005:2;S006:2;S007:2;S008:3;S009:3;S010:3;S011:3;S012:3;S013:3;S014:2;S015:1;S016:2,S003:2;S004:3;S007:2;S008:3;S011:3
E194,Divyanshu Mishra,R042,Deputy General Manager,Coconut Development Board,Leading survey design updates for Coconut Development Board's ongoing field operations,M.Sc. Operations Research,20,"C648,C691,C733",S001:1;S002:1;S003:1;S004:2;S005:1;S006:1;S007:1;S008:1;S009:2;S010:2;S011:2;S012:1;S013:3;S014:1;S015:1;S016:1,S001:2;S002:1;S006:1;S007:1;S009:2;S014:1
E195,Diwan Chand Thakur,R043,Senior Manager,TRIFED,Leading survey design updates for TRIFED's ongoing field operations,M.A. Statistics,17,"C578,C302,C332",S001:2;S002:1;S003:2;S004:2;S005:2;S006:1;S007:1;S008:3;S009:2;S010:2;S011:2;S012:1;S013:2;S014:1;S015:1;S016:1,S001:2;S002:2;S003:2;S005:2;S012:1;S013:3;S016:1
E196,Dona Francis,R048,Deputy Director (Admn),General Administration Division,Leading survey design updates for General Administration Division's ongoing field operations,M.Sc. Economics,19,"C455,C641,C523",S001:3;S002:2;S003:1;S004:2;S005:2;S006:1;S007:1;S008:2;S009:2;S010:2;S011:2;S012:1;S013:2;S014:2;S015:2;S016:1,S007:1;S008:2;S010:2;S011:1;S013:2;S015:2;S016:2
E197,Dr Akshaya Kumar Panigrahi,R016,Deputy Director General,NSO (NAD),Preparing the Q2 performance report for NSO (NAD),M.Sc. Statistics,25,"C599,C207,C269",S001:2;S002:1;S003:2;S004:2;S005:3;S006:1;S007:3;S008:3;S009:1;S010:3;S011:3;S012:2;S013:2;S014:3;S015:2;S016:1,S003:2;S004:2;S005:3;S006:1;S013:2;S014:3;S016:1
E198,Dr Archana Shukla,R055,Under Secretary,D/o Expenditure,Assisting in policy note preparation for D/o Expenditure,M.A. Statistics,14,"C499,C261",S001:1;S002:2;S003:1;S004:2;S005:2;S006:2;S007:2;S008:1;S009:1;S010:2;S011:1;S012:1;S013:2;S014:2;S015:2;S016:2,S002:2;S003:1;S004:2;S008:1;S009:1
E199,Dr Ashutosh Ojha,R050,Deputy Passport Officer,Regional Passport Offices,Assisting in policy note preparation for Regional Passport Offices,MBA (General Management),15,"C270,C095,C306",S001:1;S002:2;S003:1;S004:3;S005:3;S006:1;S007:2;S008:2;S009:1;S010:1;S011:2;S012:1;S013:2;S014:1;S015:1;S016:1,S005:3;S007:3;S010:1;S012:1;S013:3
E200,Dr Chandramani Sharma,R016,Deputy Director General,NSO (NAD),Assisting in policy note preparation for NSO (NAD),M.A. Economics,28,"C551,C192,C098",S001:3;S002:3;S003:1;S004:2;S005:3;S006:2;S007:2;S008:3;S009:1;S010:3;S011:3;S012:2;S013:2;S014:3;S015:2;S016:2,S001:3;S002:3;S003:1;S004:2;S007:3;S009:1;S012:1;S015:2
E201,Dr Dalip Singh,R022,Statistical Advisor,Labour Bureau,Analysing recent data releases and drafting a brief for Labour Bureau leadership,M.Sc. Applied Statistics,24,"C710,C673,C592,C721,C373,C156",S001:3;S002:2;S003:1;S004:2;S005:3;S006:2;S007:3;S008:3;S009:1;S010:3;S011:3;S012:1;S013:1;S014:3;S015:3;S016:2,S003:1;S004:1;S006:1;S008:3;S010:3;S014:3;S015:3;S016:2
E202,Dr Hansraj Yadav,R005,Director General (DG),NSO,Managing stakeholder coordination on a NSO modernisation initiative,M.A. Economics,32,"C088,C013,C265,C721",S001:3;S002:3;S003:3;S004:2;S005:1;S006:3;S007:1;S008:3;S009:2;S010:3;S011:1;S012:3;S013:2;S014:1;S015:2;S016:1,S004:2;S005:1;S007:1;S010:3;S011:2;S016:2
E203,Dr Jitendra Singh Tomar,R024,Executive Director,Coconut Development Board,Leading survey design updates for Coconut Development Board's ongoing field operations,M.A. Statistics,24,"C694,C340,C705,C433,C177,C440",S001:1;S002:2;S003:2;S004:2;S005:2;S006:2;S007:1;S008:3;S009:1;S010:3;S011:3;S012:1;S013:3;S014:2;S015:1;S016:3,S001:1;S002:2;S005:2;S006:2;S016:3
E204,Dr K Manao Singh,R036,Officer-on-Special Duty,MPLADS,Conducting field verification and monitoring visits for MPLADS,MBA (Public Policy),16,"C164,C414,C635,C587,C027",S001:2;S002:3;S003:2;S004:1;S005:2;S006:3;S007:1;S008:2;S009:2;S010:3;S011:2;S012:1;S013:1;S014:2;S015:1;S016:2,S003:3;S006:3;S007:1;S009:2;S014:2;S015:1;S016:2
E205,Dr Niyati Joshi,R015,Deputy Director General,NSO (FOD),Piloting a new dashboard/reporting tool for NSO (FOD),MBA (Public Policy),29,"C509,C207,C720,C352,C192,C106",S001:2;S002:2;S003:1;S004:1;S005:3;S006:1;S007:3;S008:3;S009:2;S010:3;S011:3;S012:3;S013:3;S014:2;S015:2;S016:2,S003:1;S008:3;S009:2;S010:3;S011:3;S013:2
E206,Dr P T Subha,R015,Deputy Director General,NSO (FOD),Leading survey design updates for NSO (FOD)'s ongoing field operations,M.Sc. Operations Research,26,"C393,C105,C747,C519,C502,C332",S001:3;S002:3;S003:1;S004:1;S005:3;S006:1;S007:3;S008:3;S009:1;S010:3;S011:3;S012:2;S013:3;S014:2;S015:2;S016:3,S003:1;S007:3;S008:3;S010:3;S015:2
E207,Dr Pankaj Srivastava,R011,Additional Director General,General Administration Division,Reviewing SOPs and process digitisation for General Administration Division,Ph.D. Statistics,28,"C225,C306,C704,C271,C551",S001:3;S002:2;S003:3;S004:3;S005:1;S006:2;S007:2;S008:3;S009:1;S010:3;S011:2;S012:2;S013:3;S014:2;S015:2;S016:1,S001:3;S006:2;S012:2;S013:3;S014:2;S015:2;S016:1
E208,Dr Rajeswari Kasturi,R038,Private Secretary,General Administration Division,Preparing the Q4 performance report for General Administration Division,M.Sc. Operations Research,14,"C118,C166,C676,C261,C044",S001:2;S002:2;S003:1;S004:2;S005:2;S006:2;S007:3;S008:2;S009:1;S010:3;S011:1;S012:2;S013:2;S014:2;S015:1;S016:1,S008:2;S009:1;S010:3;S012:2;S014:2;S016:1
E209,Dr Sanjay Kumar,R017,Deputy Director General,DES,Assisting in policy note preparation for DES,M.Sc. Operations Research,24,"C782,C097,C694,C111,C592",S001:3;S002:2;S003:3;S004:1;S005:3;S006:1;S007:3;S008:3;S009:2;S010:3;S011:2;S012:3;S013:3;S014:3;S015:3;S016:1,S001:3;S003:3;S007:3;S008:3;S009:2;S014:3;S015:3
E210,Dr Sudeepta Ghosh,R015,Deputy Director General,NSO (FOD),Piloting a new dashboard/reporting tool for NSO (FOD),M.Sc. Mathematics,22,"C481,C419,C273,C193,C640",S001:3;S002:1;S003:2;S004:3;S005:3;S006:1;S007:3;S008:3;S009:2;S010:3;S011:2;S012:2;S013:3;S014:3;S015:2;S016:1,S001:3;S002:1;S008:3;S014:3;S016:1
E211,Dr Ziaul Haque,R033,Deputy Secretary,General Administration Division,Reviewing SOPs and process digitisation for General Administration Division,M.A. Economics,19,"C040,C284,C410,C266,C781",S001:2;S002:3;S003:2;S004:2;S005:2;S006:1;S007:1;S008:2;S009:1;S010:2;S011:3;S012:1;S013:2;S014:1;S015:2;S016:1,S001:2;S002:3;S007:1;S008:1;S009:1;S016:1
E212,Dr. Amitava Saha,R026,Director,NSO (ESD),Coordinating the Q1 data quality review for NSO (ESD),M.Sc. Operations Research,16,"C444,C391,C542,C686",S001:3;S002:1;S003:2;S004:3;S005:2;S006:1;S007:1;S008:2;S009:1;S010:3;S011:1;S012:1;S013:2;S014:1;S015:3;S016:3,S002:1;S005:2;S007:1;S009:1;S010:3;S016:3
E213,Dr. Ashish Saxena,R035,Officer-on-Special Duty,Office of Secretary,Analysing recent data releases and drafting a brief for Office of Secretary leadership,M.Sc. Mathematics,17,"C224,C181,C635,C592,C339",S001:2;S002:2;S003:2;S004:2;S005:2;S006:1;S007:1;S008:1;S009:1;S010:3;S011:3;S012:1;S013:3;S014:2;S015:1;S016:1,S001:3;S006:1;S007:1;S008:1;S010:3;S012:2;S016:1
E214,Dr. Chiranjeevi Gudala,R041,Deputy General Manager,Rashtriya Chemicals and Fertilizers Limited,Managing stakeholder coordination on a Rashtriya Chemicals and Fertilizers Limited modernisation initiative,M.A. Statistics,14,"C186,C702,C456,C081,C338",S001:2;S002:1;S003:1;S004:2;S005:3;S006:2;S007:1;S008:3;S009:1;S010:2;S011:2;S012:1;S013:1;S014:2;S015:1;S016:3,S002:1;S003:1;S004:2;S008:3;S011:2;S016:3
E215,Dr. Hardeep Singh Chopra,R036,Officer-on-Special Duty,MPLADS,Piloting a new dashboard/reporting tool for MPLADS,M.Sc. Statistics,18,"C081,C587,C697,C018",S001:1;S002:3;S003:2;S004:2;S005:2;S006:2;S007:1;S008:2;S009:1;S010:2;S011:2;S012:1;S013:3;S014:2;S015:1;S016:1,S001:2;S003:2;S004:2;S007:1;S013:2;S015:1;S016:1
E216,Dr. Kulkarni Ruhi Satish,R012,Joint Secretary,Office of Secretary,Reviewing SOPs and process digitisation for Office of Secretary,Ph.D. Statistics,30,"C359,C306,C663,C411,C742",S001:2;S002:3;S003:2;S004:3;S005:1;S006:2;S007:2;S008:3;S009:2;S010:3;S011:2;S012:3;S013:3;S014:1;S015:1;S016:1,S002:2;S004:3;S007:2;S012:3;S013:3;S016:1
E217,Dr. Navdeep Singh,R050,Deputy Passport Officer,Regional Passport Offices,Assisting in policy note preparation for Regional Passport Offices,M.Sc. Applied Statistics,19,"C118,C144,C238,C395,C433",S001:3;S002:3;S003:2;S004:3;S005:1;S006:2;S007:1;S008:2;S009:2;S010:2;S011:1;S012:2;S013:2;S014:1;S015:2;S016:1,S006:1;S009:2;S010:2;S012:2;S016:1
E218,Dr. Pankaj K P Shreyaskar,R001,Director General,NSO,Coordinating the Q4 data quality review for NSO,Ph.D. Statistics,34,"C444,C306,C203,C198,C515,C308",S001:2;S002:3;S003:3;S004:3;S005:1;S006:3;S007:1;S008:3;S009:2;S010:3;S011:2;S012:3;S013:2;S014:2;S015:2;S016:1,S005:1;S010:3;S012:2;S015:2;S016:1
E219,Dr. Rahul S Jagtap,R014,Joint Secretary,General Administration Division,Assisting in policy note preparation for General Administration Division,M.Sc. Statistics,29,"C364,C193,C288,C023,C041",S001:1;S002:3;S003:3;S004:3;S005:1;S006:3;S007:1;S008:3;S009:2;S010:3;S011:2;S012:3;S013:3;S014:1;S015:1;S016:1,S001:1;S005:2;S006:2;S007:1;S009:3;S016:2
E220,Dr. Sachin Kumar Yadav,R012,Joint Secretary,Office of Secretary,Assisting in policy note preparation for Office of Secretary,Ph.D. Data Science,30,"C678,C641,C589,C487,C733",S001:1;S002:3;S003:3;S004:3;S005:2;S006:2;S007:1;S008:3;S009:3;S010:2;S011:2;S012:3;S013:2;S014:1;S015:1;S016:2,S002:3;S003:3;S005:2;S007:1;S009:3;S014:1;S016:2
E221,Durgadas Kashyap,R046,Manager (M&E),MPLADS,Piloting a new dashboard/reporting tool for MPLADS,M.Sc. Mathematics,14,"C162,C545,C305",S001:2;S002:2;S003:1;S004:1;S005:3;S006:1;S007:3;S008:2;S009:1;S010:3;S011:1;S012:1;S013:2;S014:2;S015:3;S016:2,S003:2;S004:1;S005:3;S009:2;S012:1;S013:2
E222,E Nagachandran,R044,Senior Manager,Coconut Development Board,Managing stakeholder coordination on a Coconut Development Board modernisation initiative,M.Sc. Economics,20,"C504,C549,C417,C416",S001:3;S002:2;S003:2;S004:1;S005:2;S006:1;S007:1;S008:3;S009:2;S010:2;S011:2;S012:1;S013:3;S014:2;S015:1;S016:2,S001:3;S011:3;S012:1;S014:2;S016:2
E223,E. Renbi Jami,R058,Assistant Director,DES,Managing stakeholder coordination on a DES modernisation initiative,M.Sc. Economics,0,"C675,C775",S001:2;S002:1;S003:2;S004:1;S005:3;S006:3;S007:1;S008:2;S009:1;S010:1;S011:1;S012:1;S013:2;S014:3;S015:2;S016:1,S002:1;S003:2;S004:1;S012:1;S013:1
E224,Erashree Gautam,R017,Deputy Director General,DES,Supervising staff training rollout within DES,M.Sc. Operations Research,26,"C112,C735,C140,C690,C500,C483",S001:2;S002:1;S003:1;S004:2;S005:3;S006:1;S007:3;S008:3;S009:1;S010:3;S011:3;S012:2;S013:2;S014:2;S015:2;S016:2,S001:2;S003:1;S007:3;S009:1;S010:2;S012:2;S013:2
E225,Fakhre Alam,R046,Manager (M&E),MPLADS,Managing stakeholder coordination on a MPLADS modernisation initiative,M.A. Economics,20,"C158,C314,C213,C736",S001:3;S002:1;S003:2;S004:2;S005:3;S006:1;S007:1;S008:2;S009:1;S010:2;S011:2;S012:1;S013:2;S014:2;S015:3;S016:2,S001:3;S003:2;S004:2;S005:3;S014:2
E226,Fasting Lakiang,R050,Deputy Passport Officer,Regional Passport Offices,Analysing recent data releases and drafting a brief for Regional Passport Offices leadership,M.Sc. Economics,17,"C662,C281,C071",S001:1;S002:3;S003:1;S004:2;S005:2;S006:3;S007:2;S008:2;S009:1;S010:2;S011:3;S012:1;S013:1;S014:1;S015:1;S016:1,S003:1;S004:2;S007:2;S008:2;S010:2
E227,Firoz Khan,R018,Vice Chairman,NEC Secretariat,Leading survey design updates for NEC Secretariat's ongoing field operations,M.A. Statistics,22,"C694,C641,C783,C736",S001:2;S002:3;S003:2;S004:3;S005:2;S006:2;S007:1;S008:2;S009:2;S010:3;S011:3;S012:2;S013:3;S014:2;S015:2;S016:3,S002:3;S003:1;S005:2;S007:1;S010:3;S015:3;S016:3
E228,G Lalitha,R010,Additional Director General,AI & Big Data Unit,Piloting a new dashboard/reporting tool for AI & Big Data Unit,M.Sc. Data Science,30,"C077,C065,C076,C519,C721,C247",S001:3;S002:2;S003:3;S004:3;S005:3;S006:2;S007:1;S008:3;S009:2;S010:3;S011:2;S012:3;S013:3;S014:3;S015:1;S016:1,S001:3;S007:1;S008:3;S009:2;S015:1;S016:2
E229,G S Hiremath,R023,Executive Director,NSSTA,Leading survey design updates for NSSTA's ongoing field operations,MBA (General Management),27,"C580,C614,C036,C448",S001:3;S002:1;S003:3;S004:2;S005:1;S006:1;S007:1;S008:3;S009:2;S010:3;S011:3;S012:2;S013:2;S014:2;S015:1;S016:3,S004:3;S005:1;S006:1;S007:1;S010:3;S014:2;S016:3
E230,G. Srinivasa Rao Gampa,R007,Director General (CS),Central Statistics Office wing (NSO),Supervising staff training rollout within Central Statistics Office wing (NSO),M.A. Statistics,33,"C775,C039,C258,C377,C153",S001:2;S002:3;S003:2;S004:1;S005:1;S006:1;S007:3;S008:3;S009:1;S010:3;S011:3;S012:3;S013:3;S014:1;S015:2;S016:2,S001:2;S004:1;S005:1;S007:3;S009:1;S012:3;S016:2
E231,Gajendra Soni,R036,Officer-on-Special Duty,MPLADS,Analysing recent data releases and drafting a brief for MPLADS leadership,M.Sc. Applied Statistics,18,"C413,C506,C280",S001:1;S002:1;S003:3;S004:3;S005:1;S006:2;S007:1;S008:2;S009:1;S010:2;S011:2;S012:1;S013:3;S014:2;S015:1;S016:1,S003:3;S005:1;S006:1;S007:1;S009:1;S012:1;S016:1
E232,Gama Purty,R009,Additional Director General,NSO,Reviewing SOPs and process digitisation for NSO,M.Sc. Mathematics,32,"C238,C183,C663,C134,C213",S001:3;S002:3;S003:3;S004:2;S005:2;S006:2;S007:2;S008:3;S009:3;S010:3;S011:1;S012:3;S013:3;S014:1;S015:2;S016:2,S006:2;S007:2;S010:3;S011:1;S016:2
E233,Ganeswar Meher,R002,Director General,Office of Secretary,Handling grievance redressal and correspondence for Office of Secretary,M.Sc. Mathematics,35,"C047,C303,C387,C213",S001:3;S002:2;S003:3;S004:3;S005:2;S006:2;S007:2;S008:3;S009:3;S010:2;S011:2;S012:3;S013:3;S014:1;S015:2;S016:1,S001:3;S009:3;S010:2;S013:3;S014:1;S016:1
E234,Ganga Kumar,R038,Private Secretary,General Administration Division,Conducting field verification and monitoring visits for General Administration Division,M.Sc. Statistics,19,"C096,C318,C483,C427",S001:2;S002:1;S003:1;S004:2;S005:2;S006:2;S007:1;S008:3;S009:3;S010:3;S011:2;S012:2;S013:2;S014:1;S015:1;S016:2,S002:1;S007:1;S009:3;S010:2;S013:2;S015:1
E235,Garima Kapoor,R014,Joint Secretary,General Administration Division,Analysing recent data releases and drafting a brief for General Administration Division leadership,MBA (General Management),32,"C557,C146,C182,C433,C641,C084",S001:3;S002:3;S003:3;S004:3;S005:1;S006:3;S007:2;S008:3;S009:3;S010:2;S011:2;S012:3;S013:3;S014:1;S015:1;S016:1,S001:3;S002:3;S003:3;S006:3;S007:3;S010:2;S011:3;S016:1
E236,Gaurav Bharti,R004,Director General (NSS),NSSTA,Analysing recent data releases and drafting a brief for NSSTA leadership,Ph.D. Economics,38,"C387,C177,C279,C686,C347,C107",S001:1;S002:3;S003:3;S004:2;S005:2;S006:3;S007:2;S008:3;S009:1;S010:2;S011:3;S012:3;S013:3;S014:1;S015:3;S016:2,S003:3;S006:3;S008:3;S009:2;S010:1;S011:3;S012:3;S013:3
E237,Gaurav Kumar,R014,Joint Secretary,General Administration Division,Managing stakeholder coordination on a General Administration Division modernisation initiative,Ph.D. Statistics,28,"C630,C365,C300,C682,C491,C041",S001:2;S002:3;S003:3;S004:3;S005:2;S006:2;S007:2;S008:3;S009:1;S010:3;S011:1;S012:3;S013:3;S014:2;S015:1;S016:2,S001:2;S004:3;S007:2;S008:3;S010:3;S013:3;S014:2;S016:2
E238,Gaurav Singh,R044,Senior Manager,Coconut Development Board,Assisting in policy note preparation for Coconut Development Board,M.Sc. Mathematics,16,"C463,C698,C318,C734",S001:2;S002:2;S003:1;S004:3;S005:3;S006:1;S007:1;S008:2;S009:1;S010:2;S011:1;S012:2;S013:2;S014:1;S015:1;S016:1,S001:2;S004:3;S005:3;S009:1;S010:2;S011:1;S013:2;S016:1
E239,Gautam Patel,R027,Director,DGCI&S,Overseeing budget and resource planning for DGCI&S for the current cycle,M.Sc. Mathematics,20,"C346,C710,C050,C318",S001:3;S002:2;S003:1;S004:1;S005:3;S006:2;S007:2;S008:2;S009:1;S010:1;S011:2;S012:2;S013:1;S014:2;S015:3;S016:2,S001:3;S003:1;S005:3;S007:2;S011:2;S013:1;S016:3
E240,Gaya Prasad,R033,Deputy Secretary,General Administration Division,Coordinating the Q1 data quality review for General Administration Division,M.Sc. Statistics,17,"C543,C525,C036,C114,C432",S001:1;S002:2;S003:2;S004:2;S005:2;S006:2;S007:1;S008:3;S009:1;S010:1;S011:2;S012:1;S013:1;S014:1;S015:1;S016:2,S001:1;S007:2;S010:1;S011:2;S013:1;S016:2
E241,Geeta Singh Rathore,R026,Director,NSO (ESD),Assisting in policy note preparation for NSO (ESD),M.Sc. Mathematics,18,"C328,C480,C160,C105",S001:3;S002:2;S003:1;S004:3;S005:3;S006:1;S007:1;S008:2;S009:1;S010:2;S011:2;S012:1;S013:2;S014:3;S015:3;S016:1,S002:2;S003:1;S006:1;S009:1;S012:1;S013:2
E242,Gendalal,R038,Private Secretary,General Administration Division,Piloting a new dashboard/reporting tool for General Administration Division,M.Sc. Applied Statistics,15,"C580,C302,C379",S001:2;S002:2;S003:1;S004:2;S005:2;S006:1;S007:1;S008:2;S009:2;S010:3;S011:2;S012:1;S013:2;S014:1;S015:1;S016:1,S002:3;S003:1;S005:2;S007:1;S010:3;S013:3;S014:1;S015:1
E243,Gopal Saha,R011,Additional Director General,General Administration Division,Conducting field verification and monitoring visits for General Administration Division,Ph.D. Demography,31,"C306,C390,C646,C593,C338,C213",S001:3;S002:3;S003:3;S004:3;S005:2;S006:2;S007:1;S008:3;S009:3;S010:3;S011:2;S012:3;S013:3;S014:1;S015:2;S016:2,S001:2;S002:2;S008:3;S010:3;S016:2
E244,Gordhan Meena,R020,Statistical Advisor,O/o Economic Adviser,Analysing recent data releases and drafting a brief for O/o Economic Adviser leadership,M.A. Statistics,28,"C174,C662,C086,C088",S001:3;S002:3;S003:1;S004:3;S005:3;S006:1;S007:3;S008:3;S009:1;S010:3;S011:3;S012:1;S013:3;S014:3;S015:1;S016:1,S001:3;S004:3;S009:1;S010:3;S011:3;S016:1
E245,Gunjan Vaish,R034,Deputy Secretary,PI Wing,Handling grievance redressal and correspondence for PI Wing,M.Sc. Statistics,18,"C124,C302,C685",S001:3;S002:2;S003:2;S004:3;S005:2;S006:2;S007:1;S008:2;S009:1;S010:2;S011:2;S012:1;S013:2;S014:1;S015:1;S016:3,S001:3;S003:2;S004:3;S006:3;S007:1;S008:2;S009:1;S016:3
E246,Gunjan Verma,R007,Director General (CS),Central Statistics Office wing (NSO),Coordinating the Q1 data quality review for Central Statistics Office wing (NSO),M.Sc. Economics,35,"C677,C419,C704,C502,C522,C213",S001:2;S002:3;S003:3;S004:1;S005:1;S006:2;S007:1;S008:3;S009:1;S010:3;S011:1;S012:3;S013:3;S014:1;S015:2;S016:1,S001:2;S003:3;S007:1;S009:1;S012:2;S014:1;S015:3;S016:1
E247,Gunji Prasanna Kumar,R041,Deputy General Manager,Rashtriya Chemicals and Fertilizers Limited,Coordinating the Q3 data quality review for Rashtriya Chemicals and Fertilizers Limited,M.Sc. Operations Research,20,"C657,C413,C143,C303",S001:2;S002:3;S003:1;S004:3;S005:1;S006:2;S007:1;S008:1;S009:1;S010:2;S011:1;S012:1;S013:1;S014:1;S015:1;S016:2,S001:2;S004:3;S005:1;S006:2;S009:1;S014:1;S015:1;S016:3
E248,Gurpreet Singh,R043,Senior Manager,TRIFED,Managing stakeholder coordination on a TRIFED modernisation initiative,M.A. Statistics,21,"C204,C040,C735,C613,C529",S001:3;S002:2;S003:1;S004:2;S005:3;S006:1;S007:1;S008:2;S009:1;S010:2;S011:3;S012:1;S013:2;S014:1;S015:1;S016:1,S001:3;S002:2;S006:1;S007:1;S012:1
E249,Guruswamy K,R058,Assistant Director,DES,Coordinating the Q2 data quality review for DES,MBA (Public Policy),0,"C389,C377,C547",S001:2;S002:1;S003:2;S004:1;S005:3;S006:1;S007:1;S008:2;S009:1;S010:1;S011:1;S012:1;S013:2;S014:2;S015:2;S016:1,S001:2;S002:1;S005:2;S006:1;S007:1;S012:1;S016:1
E250,Gyanendra Singh,R052,Deputy Director,NSO (EnSD),Managing stakeholder coordination on a NSO (EnSD) modernisation initiative,M.Sc. Economics,10,"C358,C163",S001:3;S002:2;S003:1;S004:1;S005:2;S006:2;S007:2;S008:1;S009:1;S010:1;S011:1;S012:1;S013:2;S014:3;S015:2;S016:1,S005:2;S009:1;S010:1;S011:1;S012:1;S016:1
E251,Gyanendra Pratap Singh,R059,Assistant Director (Probationer),NSO (RAU),Assisting in policy note preparation for NSO (RAU),M.Sc. Mathematics,1,"C378,C082,C616",S001:2;S002:1;S003:1;S004:1;S005:3;S006:2;S007:2;S008:1;S009:2;S010:1;S011:1;S012:2;S013:1;S014:1;S015:1;S016:1,S004:1;S006:2;S008:2;S010:1;S014:1;S016:1
E252,H S Mandal,R058,Assistant Director,DES,Managing stakeholder coordination on a DES modernisation initiative,MBA (General Management),5,"C013,C357,C187",S001:1;S002:1;S003:2;S004:1;S005:3;S006:2;S007:2;S008:1;S009:1;S010:1;S011:1;S012:2;S013:2;S014:2;S015:3;S016:2,S002:2;S003:2;S004:2;S008:2;S010:2;S011:1;S012:2;S016:2
E253,Harblas,R042,Deputy General Manager,Coconut Development Board,Piloting a new dashboard/reporting tool for Coconut Development Board,M.Sc. Statistics,19,"C416,C422,C348",S001:1;S002:2;S003:1;S004:2;S005:2;S006:1;S007:2;S008:2;S009:1;S010:1;S011:2;S012:1;S013:2;S014:1;S015:2;S016:2,S003:1;S011:1;S012:2;S013:2;S015:2;S016:2
E254,Hareeswaran K.,R005,Director General (DG),NSO,Leading survey design updates for NSO's ongoing field operations,M.Sc. Economics,32,"C617,C208,C355,C285",S001:2;S002:3;S003:3;S004:2;S005:1;S006:1;S007:3;S008:3;S009:1;S010:3;S011:3;S012:3;S013:2;S014:1;S015:1;S016:1,S001:2;S002:3;S004:2;S006:1;S007:3;S014:1;S016:1
E255,Hareswar Tumung,R031,Member Secretary,Central Information Commission,Managing stakeholder coordination on a Central Information Commission modernisation initiative,MBA (Public Policy),21,"C540,C166,C501,C239",S001:2;S002:1;S003:2;S004:2;S005:2;S006:2;S007:1;S008:2;S009:2;S010:1;S011:2;S012:1;S013:2;S014:1;S015:1;S016:1,S003:2;S006:2;S011:2;S015:1;S016:1
E256,Harsha Chadha,R046,Manager (M&E),MPLADS,Handling grievance redressal and correspondence for MPLADS,M.Sc. Applied Statistics,17,"C150,C247,C446",S001:3;S002:2;S003:1;S004:1;S005:3;S006:1;S007:2;S008:2;S009:2;S010:2;S011:2;S012:1;S013:2;S014:1;S015:3;S016:3,S003:1;S007:2;S008:3;S009:2;S011:2;S013:3;S014:1
E257,Harshit Agrawal,R045,Manager (M&E),NITI Aayog (DMEO),Analysing recent data releases and drafting a brief for NITI Aayog (DMEO) leadership,M.Sc. Statistics,21,"C710,C036,C214,C461",S001:3;S002:1;S003:1;S004:3;S005:3;S006:1;S007:3;S008:2;S009:1;S010:2;S011:2;S012:1;S013:2;S014:2;S015:3;S016:2,S003:1;S004:3;S005:3;S007:3;S009:1;S010:2;S015:3
E258,Harshit Kumar Alawat,R010,Additional Director General,AI & Big Data Unit,Overseeing budget and resource planning for AI & Big Data Unit for the current cycle,M.Sc. Data Science,29,"C256,C347,C036,C124,C167,C485",S001:3;S002:3;S003:3;S004:3;S005:2;S006:3;S007:3;S008:3;S009:2;S010:3;S011:2;S012:3;S013:3;S014:2;S015:1;S016:1,S002:3;S007:3;S008:3;S012:3;S013:3;S016:1
E259,Harshita Rai,R010,Additional Director General,AI & Big Data Unit,Managing stakeholder coordination on a AI & Big Data Unit modernisation initiative,M.Sc. Statistics,33,"C517,C429,C746,C256,C272",S001:3;S002:3;S003:3;S004:3;S005:2;S006:2;S007:1;S008:3;S009:2;S010:3;S011:3;S012:3;S013:3;S014:2;S015:2;S016:2,S001:3;S004:3;S011:3;S014:1;S016:2
E260,Harshvardhan Singh Garhwal,R048,Deputy Director (Admn),General Administration Division,Assisting in policy note preparation for General Administration Division,M.Sc. Mathematics,20,"C341,C433,C543,C565,C406",S001:3;S002:2;S003:1;S004:2;S005:1;S006:3;S007:1;S008:3;S009:1;S010:2;S011:2;S012:1;S013:2;S014:2;S015:1;S016:1,S001:3;S007:1;S010:2;S012:1;S013:2;S016:1
E261,Hema Jaiswal,R022,Statistical Advisor,Labour Bureau,Piloting a new dashboard/reporting tool for Labour Bureau,PGDM,23,"C289,C206,C770,C720",S001:3;S002:2;S003:1;S004:1;S005:3;S006:1;S007:2;S008:2;S009:1;S010:3;S011:3;S012:2;S013:2;S014:3;S015:2;S016:2,S002:2;S005:3;S010:3;S015:2;S016:3
E262,Hemanga Bhargav,R030,Joint Director,Labour Bureau,Supervising staff training rollout within Labour Bureau,M.Sc. Economics,15,"C444,C457,C284",S001:3;S002:2;S003:1;S004:2;S005:3;S006:1;S007:2;S008:2;S009:1;S010:2;S011:2;S012:1;S013:1;S014:2;S015:2;S016:1,S002:2;S004:2;S009:1;S010:2;S011:1;S012:1;S014:3;S016:1
E263,Himanchali Rana,R018,Vice Chairman,NEC Secretariat,Reviewing SOPs and process digitisation for NEC Secretariat,M.Sc. Economics,27,"C208,C351,C478,C171",S001:3;S002:3;S003:1;S004:3;S005:3;S006:2;S007:2;S008:3;S009:3;S010:3;S011:3;S012:2;S013:2;S014:2;S015:1;S016:1,S003:1;S006:1;S007:2;S008:3;S012:2;S016:1
E264,Himani Bisiyer,R034,Deputy Secretary,PI Wing,Supervising staff training rollout within PI Wing,M.A. Economics,20,"C086,C119,C263,C177",S001:2;S002:2;S003:2;S004:2;S005:3;S006:1;S007:2;S008:2;S009:2;S010:2;S011:2;S012:1;S013:2;S014:1;S015:1;S016:1,S002:2;S003:2;S005:3;S007:2;S009:2;S016:1
E265,Himani Mehta,R036,Officer-on-Special Duty,MPLADS,Assisting in policy note preparation for MPLADS,M.A. Statistics,15,"C317,C573,C076,C024,C744",S001:2;S002:1;S003:3;S004:2;S005:2;S006:3;S007:2;S008:2;S009:2;S010:1;S011:2;S012:1;S013:2;S014:1;S015:1;S016:1,S001:3;S002:1;S003:3;S007:2;S008:2;S012:1;S016:2
E266,Himanshi,R047,Executive Officer (Census),O/o Registrar General of India (RGI),Managing stakeholder coordination on a O/o Registrar General of India (RGI) modernisation initiative,M.A. Statistics,19,"C097,C177,C586,C080,C594",S001:3;S002:3;S003:3;S004:1;S005:3;S006:2;S007:3;S008:2;S009:1;S010:2;S011:2;S012:1;S013:3;S014:2;S015:3;S016:1,S006:2;S007:3;S008:3;S009:1;S012:1;S016:1
E267,Himanshi Trivedi,R013,Joint Secretary,D/o Economic Affairs,Overseeing budget and resource planning for D/o Economic Affairs for the current cycle,M.A. Statistics,30,"C386,C623,C770,C124,C167,C219",S001:1;S002:3;S003:3;S004:3;S005:1;S006:2;S007:3;S008:3;S009:2;S010:3;S011:3;S012:3;S013:3;S014:2;S015:1;S016:2,S004:3;S007:3;S008:2;S013:3;S015:1;S016:2
E268,Himmat Kumar,R053,Deputy Director,DES,Conducting field verification and monitoring visits for DES,M.Sc. Applied Statistics,8,"C477,C220,C366,C237",S001:3;S002:3;S003:1;S004:1;S005:2;S006:1;S007:1;S008:2;S009:1;S010:2;S011:1;S012:2;S013:3;S014:2;S015:3;S016:1,S001:3;S002:2;S003:2;S004:1;S009:1;S010:2;S011:1;S014:1
E269,Himmat Singh Raghav,R037,Private Secretary,Office of Secretary,Preparing the Q2 performance report for Office of Secretary,M.Sc. Applied Statistics,19,"C183,C777,C098,C217,C431",S001:3;S002:1;S003:1;S004:2;S005:2;S006:2;S007:1;S008:1;S009:1;S010:1;S011:2;S012:1;S013:1;S014:1;S015:1;S016:2,S001:3;S002:1;S003:1;S004:3;S007:1;S008:1;S015:1
E270,Imran Alam,R053,Deputy Director,DES,Preparing the Q3 performance report for DES,M.Sc. Mathematics,7,"C623,C423,C112,C708",S001:2;S002:2;S003:2;S004:1;S005:2;S006:1;S007:3;S008:1;S009:1;S010:1;S011:1;S012:2;S013:1;S014:2;S015:1;S016:2,S003:2;S009:1;S011:1;S012:2;S013:1;S014:2
E271,Indradeep Roy Chowdhury,R042,Deputy General Manager,Coconut Development Board,Coordinating the Q2 data quality review for Coconut Development Board,PGDM,17,"C384,C468,C016",S001:2;S002:2;S003:1;S004:2;S005:3;S006:1;S007:1;S008:1;S009:1;S010:2;S011:1;S012:1;S013:2;S014:2;S015:1;S016:2,S002:2;S009:1;S011:1;S012:1;S015:2;S016:1
E272,Ishita Das,R043,Senior Manager,TRIFED,Managing stakeholder coordination on a TRIFED modernisation initiative,M.Sc. Operations Research,15,"C649,C513,C101,C502",S001:1;S002:3;S003:2;S004:2;S005:1;S006:1;S007:2;S008:1;S009:2;S010:2;S011:2;S012:1;S013:2;S014:1;S015:1;S016:1,S002:3;S004:2;S007:3;S008:1;S009:2;S012:1;S014:1
E273,Ishita Gupta,R002,Director General,Office of Secretary,Overseeing budget and resource planning for Office of Secretary for the current cycle,M.Sc. Applied Statistics,35,"C124,C758,C001,C314",S001:2;S002:3;S003:3;S004:3;S005:2;S006:1;S007:2;S008:2;S009:2;S010:3;S011:2;S012:3;S013:2;S014:1;S015:3;S016:1,S003:3;S010:3;S011:2;S012:3;S016:1
E274,J. P. Kushwaha,R018,Vice Chairman,NEC Secretariat,Assisting in policy note preparation for NEC Secretariat,M.A. Economics,23,"C585,C660,C492,C138,C124",S001:1;S002:3;S003:2;S004:3;S005:3;S006:2;S007:2;S008:2;S009:2;S010:3;S011:3;S012:3;S013:3;S014:2;S015:1;S016:2,S001:1;S002:3;S007:2;S008:2;S012:3;S015:1;S016:2
E275,Jadeja Lakhadhirsinh M.,R020,Statistical Advisor,O/o Economic Adviser,Assisting in policy note preparation for O/o Economic Adviser,M.Sc. Applied Statistics,25,"C444,C628,C547",S001:3;S002:2;S003:2;S004:2;S005:3;S006:1;S007:3;S008:3;S009:1;S010:3;S011:3;S012:2;S013:3;S014:3;S015:3;S016:1,S001:3;S003:2;S004:3;S005:3;S008:3;S009:1;S013:3;S015:3
E276,Jadhav Sujata Tanaji,R043,Senior Manager,TRIFED,Overseeing budget and resource planning for TRIFED for the current cycle,M.Sc. Mathematics,17,"C545,C654,C252",S001:2;S002:2;S003:2;S004:3;S005:1;S006:1;S007:1;S008:2;S009:1;S010:3;S011:3;S012:1;S013:2;S014:2;S015:1;S016:1,S004:3;S005:2;S006:1;S007:1;S010:2;S014:2;S016:1
E277,Jagat Hazarika,R055,Under Secretary,D/o Expenditure,Handling grievance redressal and correspondence for D/o Expenditure,M.Sc. Applied Statistics,11,"C107,C104",S001:1;S002:3;S003:1;S004:3;S005:1;S006:2;S007:1;S008:1;S009:1;S010:2;S011:1;S012:2;S013:3;S014:1;S015:2;S016:1,S001:1;S003:1;S004:2;S009:1;S011:1;S016:1
E278,Jagrati Goyal,R056,Assistant Director,NSO (FOD),Handling grievance redressal and correspondence for NSO (FOD),M.Sc. Statistics,1,"C628,C476,C643",S001:3;S002:1;S003:1;S004:1;S005:3;S006:1;S007:3;S008:1;S009:1;S010:2;S011:1;S012:2;S013:1;S014:2;S015:3;S016:1,S002:1;S003:1;S004:1;S005:3;S008:1;S009:1;S014:2
E279,Jagrti Garg,R037,Private Secretary,Office of Secretary,Overseeing budget and resource planning for Office of Secretary for the current cycle,M.Sc. Statistics,17,"C142,C691,C513,C080",S001:1;S002:2;S003:2;S004:3;S005:2;S006:1;S007:1;S008:2;S009:3;S010:2;S011:2;S012:2;S013:1;S014:1;S015:1;S016:2,S005:3;S006:1;S009:3;S010:2;S011:2
E280,Jai Prakash Sah,R043,Senior Manager,TRIFED,Handling grievance redressal and correspondence for TRIFED,MBA (Public Policy),14,"C517,C715,C079",S001:2;S002:1;S003:1;S004:3;S005:2;S006:2;S007:2;S008:1;S009:2;S010:2;S011:2;S012:1;S013:2;S014:1;S015:1;S016:2,S003:1;S004:3;S007:3;S008:1;S011:2;S014:1
E281,Jaideo Kumar,R022,Statistical Advisor,Labour Bureau,Overseeing budget and resource planning for Labour Bureau for the current cycle,M.Sc. Mathematics,27,"C677,C624,C053,C068,C022",S001:3;S002:2;S003:3;S004:1;S005:3;S006:1;S007:3;S008:3;S009:1;S010:2;S011:3;S012:3;S013:3;S014:3;S015:1;S016:1,S001:2;S003:3;S004:1;S010:2;S011:3;S012:3;S016:1
E282,James Khaiminthang Zou,R010,Additional Director General,AI & Big Data Unit,Assisting in policy note preparation for AI & Big Data Unit,MCA,32,"C429,C122,C069,C703,C582",S001:3;S002:2;S003:3;S004:3;S005:1;S006:1;S007:3;S008:3;S009:2;S010:3;S011:3;S012:3;S013:3;S014:2;S015:2;S016:2,S004:3;S005:1;S011:3;S013:3;S016:2
E283,Janhvi Patel,R059,Assistant Director (Probationer),NSO (RAU),Reviewing SOPs and process digitisation for NSO (RAU),M.Sc. Operations Research,3,"C103,C217",S001:2;S002:1;S003:2;S004:1;S005:3;S006:2;S007:2;S008:1;S009:1;S010:1;S011:2;S012:1;S013:2;S014:3;S015:2;S016:1,S001:2;S003:1;S005:2;S008:1;S014:3
E284,Jasleen Rekhi,R060,Assistant Director (Probationer),NSSTA,Supervising staff training rollout within NSSTA,MBA (Public Policy),4,"C376,C280,C005",S001:3;S002:2;S003:2;S004:1;S005:3;S006:1;S007:1;S008:1;S009:2;S010:2;S011:1;S012:1;S013:2;S014:2;S015:1;S016:2,S001:3;S006:2;S007:2;S010:2;S012:1;S014:2;S016:1
E285,Jaswinderpal Singh,R045,Manager (M&E),NITI Aayog (DMEO),Preparing the Q3 performance report for NITI Aayog (DMEO),M.Sc. Statistics,15,"C289,C761,C539",S001:3;S002:2;S003:1;S004:2;S005:3;S006:1;S007:1;S008:3;S009:2;S010:3;S011:2;S012:1;S013:1;S014:3;S015:3;S016:1,S002:2;S003:1;S004:2;S008:3;S009:2;S013:1
E286,Jaya Pradhan,R046,Manager (M&E),MPLADS,Preparing the Q3 performance report for MPLADS,MBA (General Management),17,"C198,C394,C129,C519",S001:3;S002:1;S003:1;S004:3;S005:3;S006:1;S007:2;S008:2;S009:2;S010:1;S011:2;S012:2;S013:2;S014:2;S015:2;S016:1,S002:1;S003:2;S008:1;S013:1;S015:2;S016:1
E287,Jayaprakash Sudhir Honrao,R016,Deputy Director General,NSO (NAD),Supervising staff training rollout within NSO (NAD),M.Sc. Statistics,22,"C022,C621,C726",S001:3;S002:3;S003:1;S004:2;S005:3;S006:1;S007:3;S008:3;S009:3;S010:3;S011:2;S012:3;S013:3;S014:3;S015:3;S016:2,S001:3;S004:2;S006:1;S009:3;S015:3
E288,Jishnu Datta,R060,Assistant Director (Probationer),NSSTA,Overseeing budget and resource planning for NSSTA for the current cycle,M.Sc. Applied Statistics,1,"C449,C533,C419",S001:2;S002:1;S003:1;S004:1;S005:3;S006:2;S007:2;S008:2;S009:2;S010:2;S011:1;S012:1;S013:2;S014:3;S015:2;S016:1,S002:1;S009:3;S011:1;S012:1;S015:2;S016:2
E289,Jitendra kumar,R003,Director General (NSS),NSO,Reviewing SOPs and process digitisation for NSO,Ph.D. Economics,35,"C163,C215,C302,C639,C446,C368",S001:2;S002:3;S003:3;S004:2;S005:2;S006:1;S007:2;S008:3;S009:2;S010:3;S011:3;S012:3;S013:3;S014:1;S015:1;S016:2,S003:2;S005:2;S006:1;S007:3;S009:2;S010:3;S012:3;S014:1
E290,Jitendra Kumar,R052,Deputy Director,NSO (EnSD),Leading survey design updates for NSO (EnSD)'s ongoing field operations,M.Sc. Applied Statistics,10,"C544,C440",S001:2;S002:1;S003:1;S004:1;S005:3;S006:3;S007:2;S008:1;S009:2;S010:2;S011:2;S012:1;S013:3;S014:3;S015:3;S016:1,S003:1;S004:1;S007:2;S010:2;S014:3
E291,Jitendra Kumar Verma,R010,Additional Director General,AI & Big Data Unit,Coordinating the Q4 data quality review for AI & Big Data Unit,MCA,33,"C648,C264,C383,C201",S001:3;S002:3;S003:3;S004:3;S005:1;S006:2;S007:2;S008:3;S009:1;S010:3;S011:3;S012:3;S013:3;S014:2;S015:1;S016:1,S001:3;S005:1;S011:3;S012:3;S016:1
E292,Joginder,R002,Director General,Office of Secretary,Overseeing budget and resource planning for Office of Secretary for the current cycle,M.A. Economics,34,"C088,C429,C472,C706,C089",S001:3;S002:3;S003:2;S004:3;S005:1;S006:1;S007:1;S008:3;S009:1;S010:2;S011:3;S012:3;S013:3;S014:2;S015:2;S016:1,S001:3;S002:2;S003:2;S004:2;S012:3;S016:1
E293,Jomon Kuncharakattu,R029,Joint Director,CBHI,Handling grievance redressal and correspondence for CBHI,M.Sc. Applied Statistics,17,"C756,C662,C324,C671",S001:3;S002:2;S003:1;S004:1;S005:3;S006:1;S007:3;S008:2;S009:1;S010:1;S011:2;S012:1;S013:3;S014:2;S015:3;S016:1,S003:1;S006:1;S008:2;S009:1;S011:3;S012:2;S015:2
E294,Jose Kurian,R043,Senior Manager,TRIFED,Assisting in policy note preparation for TRIFED,M.Sc. Statistics,14,"C107,C783,C279",S001:2;S002:3;S003:1;S004:2;S005:2;S006:1;S007:1;S008:3;S009:1;S010:2;S011:2;S012:1;S013:2;S014:1;S015:2;S016:1,S001:2;S007:2;S008:2;S009:1;S010:2;S011:2;S012:1
E295,Judhistir Soboro,R008,Director General (CS),Office of Secretary,Analysing recent data releases and drafting a brief for Office of Secretary leadership,M.Sc. Statistics,35,"C124,C238,C661,C200",S001:1;S002:3;S003:1;S004:2;S005:1;S006:2;S007:3;S008:3;S009:1;S010:3;S011:3;S012:3;S013:2;S014:1;S015:2;S016:1,S001:1;S004:2;S006:2;S008:3;S009:1;S010:3
E296,Junaid Farooqui,R009,Additional Director General,NSO,Handling grievance redressal and correspondence for NSO,M.Sc. Mathematics,30,"C019,C469,C388,C575",S001:3;S002:3;S003:3;S004:3;S005:2;S006:3;S007:2;S008:3;S009:3;S010:3;S011:3;S012:3;S013:3;S014:3;S015:2;S016:1,S002:3;S003:3;S007:2;S015:2;S016:1
E297,Jyoti Nagarkoti,R025,Director,NSO (SSD),Conducting field verification and monitoring visits for NSO (SSD),M.Sc. Mathematics,15,"C066,C160,C531,C278",S001:3;S002:2;S003:2;S004:2;S005:2;S006:1;S007:2;S008:3;S009:1;S010:2;S011:3;S012:1;S013:3;S014:2;S015:2;S016:2,S005:2;S006:1;S009:1;S011:3;S014:2;S015:3;S016:3
E298,Jyoti Singharia,R010,Additional Director General,AI & Big Data Unit,Managing stakeholder coordination on a AI & Big Data Unit modernisation initiative,MCA,29,"C478,C207,C288,C743,C592",S001:3;S002:3;S003:2;S004:2;S005:2;S006:2;S007:1;S008:3;S009:1;S010:3;S011:1;S012:3;S013:3;S014:1;S015:2;S016:2,S002:3;S003:2;S013:3;S015:2;S016:2
E299,Jyoti Prasad Arya,R035,Officer-on-Special Duty,Office of Secretary,Overseeing budget and resource planning for Office of Secretary for the current cycle,M.Sc. Statistics,19,"C478,C694,C452,C567,C071",S001:2;S002:2;S003:1;S004:1;S005:1;S006:2;S007:2;S008:2;S009:1;S010:2;S011:1;S012:1;S013:2;S014:1;S015:1;S016:2,S003:1;S006:2;S007:2;S008:2;S010:3;S012:1;S015:1;S016:1
E300,K K Singh,R013,Joint Secretary,D/o Economic Affairs,Supervising staff training rollout within D/o Economic Affairs,M.Sc. Applied Statistics,32,"C306,C674,C008,C679,C671,C307",S001:2;S002:3;S003:3;S004:3;S005:1;S006:3;S007:1;S008:3;S009:2;S010:3;S011:3;S012:2;S013:2;S014:1;S015:1;S016:3,S004:3;S005:1;S006:3;S007:1;S009:2;S011:3;S016:3
E301,K S Rejimon,R020,Statistical Advisor,O/o Economic Adviser,Managing stakeholder coordination on a O/o Economic Adviser modernisation initiative,M.Sc. Economics,25,"C444,C419,C537,C673,C188,C551",S001:3;S002:3;S003:1;S004:2;S005:3;S006:2;S007:3;S008:3;S009:3;S010:3;S011:3;S012:2;S013:1;S014:3;S015:1;S016:2,S002:3;S003:1;S004:3;S006:2;S010:2;S014:3;S016:2
E302,K. N. Rajeev Kumar,R011,Additional Director General,General Administration Division,Conducting field verification and monitoring visits for General Administration Division,Ph.D. Statistics,32,"C160,C728,C318,C768",S001:2;S002:3;S003:3;S004:3;S005:2;S006:3;S007:2;S008:3;S009:2;S010:3;S011:2;S012:3;S013:3;S014:2;S015:1;S016:2,S004:3;S007:2;S008:3;S009:3;S012:3;S016:2
E303,K. T. Sudheer,R004,Director General (NSS),NSSTA,Handling grievance redressal and correspondence for NSSTA,M.A. Economics,36,"C387,C159,C648,C518,C324",S001:2;S002:3;S003:2;S004:3;S005:1;S006:1;S007:1;S008:3;S009:1;S010:3;S011:3;S012:3;S013:3;S014:1;S015:2;S016:2,S002:3;S004:3;S006:1;S008:3;S012:3;S013:3;S015:2;S016:2
E304,Kailash G. Sharma,R007,Director General (CS),Central Statistics Office wing (NSO),Analysing recent data releases and drafting a brief for Central Statistics Office wing (NSO) leadership,M.A. Statistics,35,"C391,C641,C592,C452",S001:2;S002:2;S003:2;S004:3;S005:2;S006:1;S007:1;S008:3;S009:1;S010:3;S011:3;S012:3;S013:3;S014:2;S015:1;S016:2,S002:3;S009:1;S013:3;S014:2;S015:2
E305,Kajal Jain,R044,Senior Manager,Coconut Development Board,Overseeing budget and resource planning for Coconut Development Board for the current cycle,M.A. Statistics,19,"C381,C306,C037,C588,C578",S001:1;S002:2;S003:2;S004:2;S005:2;S006:1;S007:2;S008:2;S009:1;S010:3;S011:2;S012:1;S013:1;S014:1;S015:2;S016:1,S002:2;S003:2;S005:2;S009:1;S010:3;S011:2;S015:2
E306,Kal Singh,R027,Director,DGCI&S,Assisting in policy note preparation for DGCI&S,M.Sc. Operations Research,15,"C077,C204,C496,C562,C332",S001:3;S002:2;S003:2;S004:2;S005:3;S006:1;S007:1;S008:2;S009:1;S010:2;S011:3;S012:1;S013:2;S014:2;S015:3;S016:3,S001:3;S005:3;S009:1;S010:2;S015:2
E307,Kalpna,R009,Additional Director General,NSO,Conducting field verification and monitoring visits for NSO,M.A. Economics,29,"C146,C106,C121,C036,C172,C213",S001:3;S002:3;S003:2;S004:3;S005:2;S006:2;S007:1;S008:3;S009:2;S010:3;S011:2;S012:3;S013:3;S014:3;S015:1;S016:1,S006:2;S008:2;S009:2;S011:2;S013:3;S016:1
E308,Kamal Pandey,R023,Executive Director,NSSTA,Coordinating the Q3 data quality review for NSSTA,M.Sc. Applied Statistics,24,"C013,C552,C075",S001:2;S002:2;S003:2;S004:3;S005:2;S006:2;S007:1;S008:2;S009:2;S010:3;S011:3;S012:3;S013:2;S014:1;S015:1;S016:1,S003:2;S004:3;S008:2;S012:3;S016:1
E309,Kamala Kanta Nath,R037,Private Secretary,Office of Secretary,Analysing recent data releases and drafting a brief for Office of Secretary leadership,M.Sc. Mathematics,20,"C503,C716,C270,C562,C154",S001:3;S002:2;S003:2;S004:1;S005:2;S006:1;S007:2;S008:2;S009:1;S010:1;S011:1;S012:2;S013:1;S014:1;S015:1;S016:1,S006:1;S007:2;S008:2;S009:1;S012:2;S015:1
E310,Kamlesh Kumar,R060,Assistant Director (Probationer),NSSTA,Overseeing budget and resource planning for NSSTA for the current cycle,M.A. Economics,4,"C563,C397",S001:2;S002:1;S003:1;S004:1;S005:3;S006:2;S007:2;S008:1;S009:2;S010:1;S011:1;S012:1;S013:2;S014:1;S015:2;S016:2,S003:1;S004:1;S005:3;S009:2;S010:1;S013:2
E311,Kanchana V Ghosh,R013,Joint Secretary,D/o Economic Affairs,Supervising staff training rollout within D/o Economic Affairs,M.A. Economics,29,"C538,C280,C406,C700",S001:2;S002:3;S003:3;S004:3;S005:1;S006:1;S007:1;S008:3;S009:2;S010:2;S011:2;S012:3;S013:3;S014:1;S015:1;S016:3,S002:2;S007:1;S008:3;S009:2;S013:3;S016:2
E312,Kanishk Kant Srivastava,R027,Director,DGCI&S,Assisting in policy note preparation for DGCI&S,PGDM,18,"C421,C043,C738",S001:2;S002:1;S003:3;S004:2;S005:3;S006:1;S007:2;S008:2;S009:2;S010:3;S011:2;S012:1;S013:1;S014:2;S015:3;S016:1,S001:1;S003:2;S004:2;S005:3;S008:2;S009:2;S011:2;S012:1
E313,Kanwaljit Kaur,R060,Assistant Director (Probationer),NSSTA,Handling grievance redressal and correspondence for NSSTA,M.A. Statistics,0,"C246,C270,C112",S001:3;S002:1;S003:1;S004:1;S005:3;S006:2;S007:2;S008:1;S009:2;S010:1;S011:1;S012:1;S013:2;S014:2;S015:1;S016:1,S005:3;S006:3;S008:1;S009:3;S011:1;S013:2
E314,Karan Singh Tanwar,R032,Member Secretary,NC for SC/ST,Coordinating the Q2 data quality review for NC for SC/ST,M.Sc. Applied Statistics,18,"C490,C074,C752,C768,C026",S001:2;S002:2;S003:2;S004:2;S005:2;S006:3;S007:1;S008:2;S009:1;S010:2;S011:3;S012:1;S013:1;S014:2;S015:1;S016:1,S001:2;S006:2;S007:1;S008:1;S014:2;S015:1;S016:1
E315,Karanti Goyal,R035,Officer-on-Special Duty,Office of Secretary,Reviewing SOPs and process digitisation for Office of Secretary,M.Sc. Applied Statistics,18,"C672,C040,C078,C104,C252",S001:2;S002:3;S003:3;S004:3;S005:2;S006:2;S007:1;S008:2;S009:1;S010:1;S011:3;S012:1;S013:1;S014:1;S015:1;S016:2,S003:3;S006:1;S007:1;S009:1;S010:1;S014:1;S016:3
E316,Karanveer Singh,R056,Assistant Director,NSO (FOD),Managing stakeholder coordination on a NSO (FOD) modernisation initiative,M.A. Statistics,1,"C207,C523,C285",S001:2;S002:1;S003:1;S004:1;S005:2;S006:3;S007:1;S008:1;S009:1;S010:1;S011:1;S012:1;S013:1;S014:3;S015:2;S016:1,S003:1;S007:1;S010:1;S013:1;S015:2;S016:1
E317,Karmakar Bappa,R012,Joint Secretary,Office of Secretary,Managing stakeholder coordination on a Office of Secretary modernisation initiative,M.Sc. Mathematics,30,"C234,C527,C515,C216,C018",S001:2;S002:3;S003:3;S004:3;S005:1;S006:3;S007:1;S008:2;S009:3;S010:3;S011:2;S012:3;S013:3;S014:1;S015:1;S016:1,S002:3;S007:1;S008:3;S012:2;S015:1;S016:2
E318,Karne Rupali Dasharath,R028,Joint Director,NSO (PSD),Coordinating the Q2 data quality review for NSO (PSD),M.Sc. Statistics,16,"C416,C585,C279,C501,C026",S001:3;S002:2;S003:1;S004:2;S005:3;S006:2;S007:2;S008:3;S009:2;S010:2;S011:2;S012:1;S013:2;S014:2;S015:3;S016:3,S007:2;S008:3;S010:2;S013:2;S016:2
E319,Kaushal Kishore,R021,Statistical Advisor,DES,Supervising staff training rollout within DES,M.A. Economics,25,"C478,C173,C468,C419",S001:3;S002:3;S003:3;S004:1;S005:2;S006:1;S007:3;S008:2;S009:1;S010:3;S011:3;S012:2;S013:2;S014:3;S015:2;S016:1,S004:1;S007:3;S009:1;S011:3;S013:2;S015:2;S016:1
E320,Kavita Singh,R016,Deputy Director General,NSO (NAD),Coordinating the Q3 data quality review for NSO (NAD),M.Sc. Applied Statistics,26,"C121,C648,C622,C168,C253",S001:3;S002:3;S003:2;S004:3;S005:3;S006:1;S007:3;S008:3;S009:1;S010:3;S011:3;S012:2;S013:1;S014:3;S015:2;S016:3,S003:2;S005:2;S006:1;S009:1;S010:3;S013:1
E321,Kedar Nath Verma,R055,Under Secretary,D/o Expenditure,Conducting field verification and monitoring visits for D/o Expenditure,MBA (General Management),13,"C481,C606",S001:1;S002:1;S003:2;S004:3;S005:2;S006:3;S007:1;S008:1;S009:1;S010:2;S011:1;S012:1;S013:3;S014:1;S015:1;S016:1,S001:1;S002:1;S006:3;S007:1;S012:1;S013:3;S014:1;S016:1
E322,Khushee Ram Meena,R056,Assistant Director,NSO (FOD),Overseeing budget and resource planning for NSO (FOD) for the current cycle,M.Sc. Statistics,0,"C595,C741",S001:1;S002:1;S003:2;S004:1;S005:3;S006:2;S007:2;S008:2;S009:1;S010:1;S011:1;S012:1;S013:1;S014:3;S015:2;S016:3,S005:3;S006:1;S008:2;S009:2;S011:1;S014:2
E323,Kiran,R024,Executive Director,Coconut Development Board,Analysing recent data releases and drafting a brief for Coconut Development Board leadership,M.Sc. Applied Statistics,27,"C764,C228,C036,C512,C708",S001:2;S002:3;S003:1;S004:3;S005:3;S006:2;S007:2;S008:3;S009:3;S010:3;S011:3;S012:2;S013:3;S014:3;S015:1;S016:3,S002:3;S003:1;S006:2;S007:2;S009:3;S016:3
E324,Kirti Nandkishor Gaikwad,R007,Director General (CS),Central Statistics Office wing (NSO),Managing stakeholder coordination on a Central Statistics Office wing (NSO) modernisation initiative,M.A. Statistics,38,"C114,C556,C535,C229",S001:1;S002:3;S003:2;S004:2;S005:1;S006:2;S007:3;S008:3;S009:1;S010:3;S011:2;S012:3;S013:3;S014:1;S015:2;S016:1,S006:2;S008:3;S009:1;S010:3;S012:3;S013:3
E325,Kishor Baburao Surwade,R042,Deputy General Manager,Coconut Development Board,Coordinating the Q2 data quality review for Coconut Development Board,MBA (General Management),18,"C421,C468,C288,C003",S001:1;S002:1;S003:2;S004:2;S005:3;S006:2;S007:1;S008:3;S009:2;S010:2;S011:3;S012:1;S013:2;S014:1;S015:1;S016:1,S002:1;S005:2;S007:1;S008:3;S009:3;S010:1;S012:1
E326,Kishore Kumar,R017,Deputy Director General,DES,Preparing the Q4 performance report for DES,M.Sc. Applied Statistics,24,"C572,C186,C406,C109",S001:3;S002:2;S003:1;S004:1;S005:3;S006:2;S007:3;S008:3;S009:2;S010:3;S011:3;S012:3;S013:2;S014:3;S015:1;S016:3,S002:2;S004:1;S007:2;S009:2;S015:1
E327,KM Avantika Nishad,R049,Deputy Passport Officer,Central Passport Organisation,Conducting field verification and monitoring visits for Central Passport Organisation,M.Sc. Operations Research,16,"C376,C683,C382,C033",S001:3;S002:3;S003:2;S004:3;S005:2;S006:2;S007:1;S008:2;S009:1;S010:2;S011:2;S012:2;S013:2;S014:2;S015:2;S016:2,S006:1;S007:2;S008:2;S009:2;S012:2;S013:2;S016:2
E328,Kolagani Shivaparvathi Reddy,R033,Deputy Secretary,General Administration Division,Piloting a new dashboard/reporting tool for General Administration Division,M.A. Statistics,21,"C599,C536,C512,C150,C671",S001:2;S002:2;S003:2;S004:1;S005:3;S006:2;S007:1;S008:3;S009:1;S010:3;S011:1;S012:1;S013:3;S014:1;S015:1;S016:1,S002:3;S006:2;S008:3;S010:3;S016:2
E329,Kondkar Vedant Anil,R037,Private Secretary,Office of Secretary,Handling grievance redressal and correspondence for Office of Secretary,M.A. Statistics,15,"C316,C115,C281,C138",S001:2;S002:1;S003:1;S004:2;S005:1;S006:1;S007:1;S008:2;S009:2;S010:3;S011:1;S012:1;S013:3;S014:2;S015:1;S016:2,S001:3;S002:1;S003:1;S006:1;S009:2;S010:3;S014:2
E330,Kousik Dhara,R012,Joint Secretary,Office of Secretary,Leading survey design updates for Office of Secretary's ongoing field operations,Ph.D. Economics,31,"C701,C050,C201,C615",S001:2;S002:3;S003:3;S004:2;S005:2;S006:3;S007:1;S008:3;S009:2;S010:3;S011:3;S012:3;S013:2;S014:1;S015:1;S016:1,S004:2;S005:3;S007:1;S011:2;S014:1;S015:1;S016:1
E331,Kratika Mittal,R016,Deputy Director General,NSO (NAD),Coordinating the Q2 data quality review for NSO (NAD),M.Sc. Economics,23,"C764,C080,C051,C279",S001:2;S002:1;S003:1;S004:2;S005:3;S006:2;S007:2;S008:3;S009:1;S010:3;S011:3;S012:2;S013:2;S014:2;S015:2;S016:1,S003:1;S005:3;S006:3;S008:3;S009:1;S010:3;S013:1;S015:3
E332,Kratika Yadav,R058,Assistant Director,DES,Overseeing budget and resource planning for DES for the current cycle,M.A. Statistics,3,"C742,C260,C528",S001:1;S002:2;S003:2;S004:2;S005:3;S006:1;S007:2;S008:1;S009:2;S010:1;S011:1;S012:2;S013:1;S014:2;S015:1;S016:1,S002:2;S007:2;S009:1;S012:2;S015:1;S016:1
E333,Krishna Kumar Tiwari,R040,Deputy Commissioner,Municipal Corporation of Delhi (MCD),Preparing the Q1 performance report for Municipal Corporation of Delhi (MCD),M.Sc. Statistics,16,"C582,C726,C721,C441",S001:2;S002:2;S003:1;S004:2;S005:2;S006:2;S007:2;S008:2;S009:1;S010:2;S011:3;S012:1;S013:2;S014:1;S015:3;S016:1,S001:2;S006:2;S013:2;S014:1;S016:1
E334,Kuldeep Aswal,R042,Deputy General Manager,Coconut Development Board,Analysing recent data releases and drafting a brief for Coconut Development Board leadership,M.A. Economics,15,"C533,C550,C486",S001:3;S002:1;S003:2;S004:3;S005:2;S006:1;S007:2;S008:1;S009:1;S010:2;S011:3;S012:1;S013:3;S014:1;S015:2;S016:2,S002:1;S005:2;S009:1;S013:3;S014:1
E335,Kumar Skand,R020,Statistical Advisor,O/o Economic Adviser,Overseeing budget and resource planning for O/o Economic Adviser for the current cycle,M.Sc. Statistics,24,"C099,C429,C563,C113,C160,C370",S001:3;S002:2;S003:1;S004:2;S005:3;S006:1;S007:2;S008:2;S009:1;S010:3;S011:2;S012:3;S013:2;S014:3;S015:2;S016:2,S005:3;S006:1;S007:2;S014:3;S016:3
E336,Kumar Sundaram,R037,Private Secretary,Office of Secretary,Leading survey design updates for Office of Secretary's ongoing field operations,M.Sc. Applied Statistics,14,"C124,C254,C089",S001:2;S002:2;S003:2;S004:1;S005:2;S006:1;S007:2;S008:2;S009:2;S010:2;S011:3;S012:1;S013:2;S014:1;S015:2;S016:1,S004:1;S005:2;S007:2;S009:2;S010:3;S011:3;S014:1
E337,Kunal Kapoor,R005,Director General (DG),NSO,Preparing the Q1 performance report for NSO,PGDM,35,"C126,C577,C755,C671",S001:2;S002:3;S003:3;S004:2;S005:1;S006:2;S007:1;S008:2;S009:2;S010:3;S011:2;S012:3;S013:3;S014:1;S015:1;S016:1,S004:2;S007:1;S012:3;S014:1;S015:1
E338,Kunal Das Baksi,R027,Director,DGCI&S,Coordinating the Q1 data quality review for DGCI&S,M.Sc. Mathematics,16,"C517,C742,C029",S001:2;S002:3;S003:1;S004:2;S005:3;S006:2;S007:2;S008:1;S009:1;S010:3;S011:1;S012:2;S013:2;S014:2;S015:3;S016:2,S003:1;S004:2;S007:2;S008:1;S013:2;S014:2;S016:1
E339,Kuwar Alok Singh Yadav,R049,Deputy Passport Officer,Central Passport Organisation,Leading survey design updates for Central Passport Organisation's ongoing field operations,M.Sc. Operations Research,21,"C036,C314,C543",S001:2;S002:2;S003:2;S004:2;S005:1;S006:1;S007:2;S008:3;S009:1;S010:2;S011:1;S012:1;S013:2;S014:1;S015:1;S016:1,S004:2;S005:1;S007:2;S010:2;S014:1;S016:1
E340,L Palaniappan,R055,Under Secretary,D/o Expenditure,Handling grievance redressal and correspondence for D/o Expenditure,M.Sc. Applied Statistics,14,"C020,C698,C575,C400",S001:1;S002:3;S003:2;S004:1;S005:1;S006:2;S007:1;S008:1;S009:1;S010:2;S011:1;S012:1;S013:2;S014:1;S015:1;S016:1,S003:2;S004:2;S007:1;S009:1;S010:2;S011:2;S013:3;S014:1
E341,L K Ngathingkhui,R052,Deputy Director,NSO (EnSD),Conducting field verification and monitoring visits for NSO (EnSD),MCA,13,"C610,C249,C493",S001:1;S002:3;S003:1;S004:1;S005:2;S006:1;S007:3;S008:1;S009:1;S010:2;S011:1;S012:1;S013:3;S014:1;S015:3;S016:2,S004:1;S006:1;S007:3;S009:1;S012:1;S014:1
E342,Lalit Kumar,R060,Assistant Director (Probationer),NSSTA,Supervising staff training rollout within NSSTA,M.Sc. Operations Research,4,"C281,C643,C575",S001:2;S002:2;S003:1;S004:1;S005:2;S006:1;S007:2;S008:1;S009:1;S010:1;S011:1;S012:2;S013:1;S014:1;S015:1;S016:3,S002:2;S005:2;S007:3;S008:1;S009:1;S012:2;S016:3
E343,Lalit Mohan Sharma,R032,Member Secretary,NC for SC/ST,Supervising staff training rollout within NC for SC/ST,PGDM,17,"C357,C440,C148",S001:3;S002:1;S003:2;S004:1;S005:1;S006:1;S007:2;S008:2;S009:1;S010:3;S011:3;S012:1;S013:3;S014:2;S015:1;S016:2,S001:3;S003:2;S004:1;S007:2;S015:1;S016:2
E344,Laxmi Narayan,R044,Senior Manager,Coconut Development Board,Assisting in policy note preparation for Coconut Development Board,M.Sc. Applied Statistics,14,"C416,C145,C338,C696",S001:3;S002:3;S003:2;S004:2;S005:2;S006:1;S007:2;S008:1;S009:1;S010:3;S011:3;S012:1;S013:2;S014:1;S015:1;S016:1,S001:3;S003:2;S004:1;S008:2;S013:2;S016:1
E345,Lokesh Kumar,R026,Director,NSO (ESD),Conducting field verification and monitoring visits for NSO (ESD),MBA (General Management),19,"C583,C601,C303",S001:3;S002:1;S003:1;S004:1;S005:3;S006:1;S007:3;S008:2;S009:3;S010:2;S011:2;S012:1;S013:2;S014:2;S015:3;S016:3,S001:2;S003:1;S005:2;S007:3;S008:2;S011:2;S014:2;S016:3
E346,M G Jayasree,R021,Statistical Advisor,DES,Piloting a new dashboard/reporting tool for DES,M.A. Statistics,27,"C123,C648,C376,C640,C544,C700",S001:3;S002:2;S003:1;S004:3;S005:3;S006:1;S007:3;S008:3;S009:1;S010:3;S011:3;S012:2;S013:3;S014:3;S015:2;S016:1,S001:3;S002:2;S003:2;S007:3;S010:3;S015:1;S016:1
E347,M K Ujjainia,R020,Statistical Advisor,O/o Economic Adviser,Analysing recent data releases and drafting a brief for O/o Economic Adviser leadership,M.A. Economics,29,"C444,C334,C572,C618,C734,C717",S001:3;S002:2;S003:3;S004:2;S005:3;S006:1;S007:3;S008:3;S009:3;S010:3;S011:3;S012:3;S013:2;S014:2;S015:1;S016:2,S003:3;S004:2;S005:3;S006:1;S008:3;S012:3;S016:2
E348,M R Karjol,R051,Deputy Director,NSO (HSD),Reviewing SOPs and process digitisation for NSO (HSD),M.A. Economics,7,"C701,C254,C688,C380",S001:3;S002:2;S003:2;S004:1;S005:3;S006:1;S007:1;S008:2;S009:1;S010:1;S011:1;S012:1;S013:2;S014:3;S015:3;S016:1,S001:3;S004:1;S009:1;S010:1;S012:1;S016:1
E349,M S Subramanya Rao,R039,Deputy Commissioner,O/o Registrar General of India (RGI),Coordinating the Q4 data quality review for O/o Registrar General of India (RGI),M.A. Economics,20,"C707,C103,C722,C213",S001:2;S002:3;S003:2;S004:2;S005:3;S006:1;S007:3;S008:2;S009:1;S010:1;S011:2;S012:1;S013:3;S014:1;S015:3;S016:2,S001:2;S003:2;S004:2;S008:2;S013:3;S016:2
E350,M. C. Sajith,R035,Officer-on-Special Duty,Office of Secretary,Supervising staff training rollout within Office of Secretary,M.A. Statistics,15,"C376,C722,C209",S001:3;S002:3;S003:1;S004:3;S005:2;S006:1;S007:1;S008:1;S009:1;S010:1;S011:2;S012:1;S013:2;S014:1;S015:1;S016:1,S003:1;S007:1;S008:1;S009:2;S012:2;S014:1;S016:1
E351,M. K. Agarwal,R010,Additional Director General,AI & Big Data Unit,Handling grievance redressal and correspondence for AI & Big Data Unit,M.Sc. Data Science,29,"C630,C097,C583,C020,C783",S001:3;S002:3;S003:3;S004:3;S005:2;S006:3;S007:1;S008:3;S009:3;S010:3;S011:3;S012:3;S013:2;S014:2;S015:3;S016:1,S002:3;S008:3;S009:3;S015:2;S016:1
E352,M. Sasi Kumar,R008,Director General (CS),Office of Secretary,Supervising staff training rollout within Office of Secretary,Ph.D. Data Science,32,"C503,C549,C518,C605",S001:3;S002:3;S003:2;S004:3;S005:1;S006:1;S007:2;S008:3;S009:1;S010:2;S011:3;S012:3;S013:3;S014:1;S015:2;S016:2,S003:2;S006:1;S010:2;S011:3;S014:1;S015:1;S016:2
E353,M.K. Raghuwansi,R023,Executive Director,NSSTA,Handling grievance redressal and correspondence for NSSTA,M.A. Economics,26,"C657,C741,C254,C515,C474,C267",S001:3;S002:2;S003:3;S004:2;S005:2;S006:2;S007:1;S008:3;S009:3;S010:2;S011:3;S012:2;S013:3;S014:2;S015:1;S016:3,S001:3;S003:2;S007:2;S014:2;S015:1;S016:3
E354,Madevappa,R015,Deputy Director General,NSO (FOD),Leading survey design updates for NSO (FOD)'s ongoing field operations,M.Sc. Applied Statistics,27,"C575,C081,C638,C171,C587,C502",S001:3;S002:1;S003:1;S004:2;S005:3;S006:1;S007:2;S008:3;S009:1;S010:3;S011:3;S012:2;S013:3;S014:3;S015:1;S016:1,S003:1;S006:1;S008:3;S009:1;S011:3;S012:2;S015:1
E355,Madhura Roy,R028,Joint Director,NSO (PSD),Coordinating the Q4 data quality review for NSO (PSD),M.Sc. Operations Research,21,"C401,C166,C202",S001:3;S002:2;S003:1;S004:1;S005:3;S006:1;S007:1;S008:2;S009:1;S010:3;S011:3;S012:1;S013:2;S014:3;S015:3;S016:1,S004:1;S008:2;S009:1;S012:1;S014:3;S016:1
E356,Mahalingaraya,R020,Statistical Advisor,O/o Economic Adviser,Preparing the Q2 performance report for O/o Economic Adviser,PGDM,27,"C503,C032,C058,C302,C776",S001:3;S002:2;S003:1;S004:2;S005:3;S006:1;S007:2;S008:3;S009:1;S010:3;S011:3;S012:3;S013:3;S014:3;S015:3;S016:1,S003:1;S004:2;S006:1;S009:1;S011:3;S012:3;S013:3
E357,Maharnab Manna,R024,Executive Director,Coconut Development Board,Preparing the Q2 performance report for Coconut Development Board,M.Sc. Applied Statistics,29,"C241,C242,C749,C376,C641,C637",S001:2;S002:3;S003:3;S004:3;S005:1;S006:2;S007:1;S008:2;S009:2;S010:3;S011:3;S012:2;S013:2;S014:2;S015:1;S016:2,S002:3;S007:1;S009:2;S010:3;S011:3;S013:2;S016:2
E358,Mahesh Chandra Shukla,R017,Deputy Director General,DES,Leading survey design updates for DES's ongoing field operations,M.A. Economics,29,"C410,C621,C693,C243",S001:3;S002:2;S003:1;S004:3;S005:3;S006:1;S007:2;S008:3;S009:1;S010:3;S011:3;S012:1;S013:1;S014:3;S015:3;S016:2,S001:3;S004:3;S009:1;S010:3;S012:1;S014:3;S016:2
E359,Mahesh Kumar Singh,R012,Joint Secretary,Office of Secretary,Analysing recent data releases and drafting a brief for Office of Secretary leadership,M.A. Statistics,31,"C183,C325,C076,C592,C304,C479",S001:2;S002:3;S003:3;S004:3;S005:1;S006:2;S007:1;S008:3;S009:3;S010:3;S011:3;S012:3;S013:2;S014:2;S015:1;S016:3,S003:2;S005:1;S006:2;S007:1;S014:2
E360,Mamta Chaudhary,R014,Joint Secretary,General Administration Division,Overseeing budget and resource planning for General Administration Division for the current cycle,Ph.D. Demography,30,"C685,C601,C050,C461,C222,C213",S001:2;S002:3;S003:3;S004:3;S005:1;S006:2;S007:1;S008:3;S009:3;S010:3;S011:3;S012:3;S013:3;S014:2;S015:2;S016:2,S002:2;S003:3;S004:2;S007:1;S010:3;S016:2
E361,Mamta Jain,R042,Deputy General Manager,Coconut Development Board,Piloting a new dashboard/reporting tool for Coconut Development Board,MBA (General Management),14,"C177,C192,C314,C576",S001:2;S002:2;S003:1;S004:1;S005:2;S006:1;S007:1;S008:2;S009:2;S010:3;S011:2;S012:1;S013:2;S014:1;S015:1;S016:1,S001:2;S003:1;S004:1;S008:2;S009:2;S013:2
E362,Mamta Kalra,R052,Deputy Director,NSO (EnSD),Leading survey design updates for NSO (EnSD)'s ongoing field operations,M.Sc. Applied Statistics,8,"C072,C526",S001:2;S002:1;S003:2;S004:1;S005:3;S006:2;S007:3;S008:2;S009:2;S010:1;S011:1;S012:1;S013:2;S014:2;S015:2;S016:2,S002:1;S003:2;S006:2;S007:3;S008:2;S010:1;S012:1;S015:2
E363,Manas kr. Gupta,R030,Joint Director,Labour Bureau,Assisting in policy note preparation for Labour Bureau,M.Sc. Economics,18,"C207,C552,C184,C248,C441",S001:3;S002:1;S003:1;S004:3;S005:3;S006:2;S007:2;S008:2;S009:1;S010:3;S011:2;S012:2;S013:2;S014:1;S015:3;S016:1,S005:3;S007:2;S009:1;S012:2;S013:2
E364,Maneesh Kumar,R030,Joint Director,Labour Bureau,Supervising staff training rollout within Labour Bureau,M.A. Statistics,19,"C572,C030,C753",S001:3;S002:1;S003:1;S004:2;S005:3;S006:1;S007:1;S008:1;S009:1;S010:2;S011:2;S012:2;S013:2;S014:2;S015:3;S016:2,S003:1;S005:3;S007:1;S009:1;S011:2;S013:2
E365,Manish Anand,R036,Officer-on-Special Duty,MPLADS,Supervising staff training rollout within MPLADS,M.Sc. Mathematics,14,"C075,C620,C619,C093,C348",S001:2;S002:2;S003:3;S004:3;S005:3;S006:2;S007:2;S008:1;S009:1;S010:2;S011:1;S012:2;S013:3;S014:1;S015:1;S016:1,S005:3;S007:2;S010:1;S012:2;S013:3
E366,Manish Bindal,R023,Executive Director,NSSTA,Coordinating the Q2 data quality review for NSSTA,MBA (Public Policy),23,"C226,C129,C172,C075",S001:3;S002:3;S003:2;S004:3;S005:1;S006:1;S007:2;S008:3;S009:2;S010:2;S011:2;S012:2;S013:2;S014:2;S015:1;S016:1,S001:3;S004:3;S005:1;S007:2;S011:2;S015:1;S016:1
E367,Manish Joon,R031,Member Secretary,Central Information Commission,Leading survey design updates for Central Information Commission's ongoing field operations,M.A. Economics,15,"C478,C025,C737,C604",S001:2;S002:1;S003:2;S004:1;S005:2;S006:3;S007:1;S008:2;S009:1;S010:3;S011:2;S012:1;S013:2;S014:2;S015:1;S016:2,S001:2;S007:1;S012:1;S013:2;S015:1
E368,Manish Meena,R011,Additional Director General,General Administration Division,Leading survey design updates for General Administration Division's ongoing field operations,Ph.D. Data Science,28,"C429,C200,C577,C446,C377",S001:3;S002:3;S003:2;S004:3;S005:2;S006:1;S007:2;S008:3;S009:2;S010:3;S011:2;S012:3;S013:2;S014:2;S015:2;S016:1,S003:2;S004:3;S005:2;S007:2;S013:2;S016:1
E369,Manish Kumar,R037,Private Secretary,Office of Secretary,Supervising staff training rollout within Office of Secretary,M.Sc. Statistics,17,"C020,C717,C332",S001:3;S002:2;S003:1;S004:3;S005:2;S006:1;S007:2;S008:2;S009:1;S010:2;S011:2;S012:2;S013:2;S014:1;S015:1;S016:1,S002:1;S003:1;S004:3;S006:1;S011:1;S016:1
E370,Manisha Kumari,R002,Director General,Office of Secretary,Reviewing SOPs and process digitisation for Office of Secretary,MBA (Public Policy),37,"C045,C542,C445,C169,C671",S001:1;S002:2;S003:3;S004:2;S005:1;S006:3;S007:1;S008:3;S009:1;S010:3;S011:2;S012:3;S013:3;S014:1;S015:3;S016:3,S002:3;S003:3;S007:1;S012:3;S016:3
E371,Manisha Yadav,R050,Deputy Passport Officer,Regional Passport Offices,Managing stakeholder coordination on a Regional Passport Offices modernisation initiative,M.Sc. Statistics,21,"C657,C218,C533,C171,C438",S001:3;S002:3;S003:3;S004:2;S005:1;S006:2;S007:1;S008:2;S009:1;S010:3;S011:1;S012:1;S013:2;S014:1;S015:1;S016:3,S001:3;S002:3;S007:2;S013:3;S014:1;S015:1;S016:3
E372,Manoj Kumar,R057,Assistant Director,NSO (DIID),Managing stakeholder coordination on a NSO (DIID) modernisation initiative,M.Tech Computer Science,4,"C295,C705",S001:2;S002:1;S003:1;S004:1;S005:3;S006:1;S007:3;S008:2;S009:1;S010:1;S011:1;S012:1;S013:1;S014:2;S015:1;S016:1,S002:1;S003:1;S007:3;S010:2;S012:1;S015:1;S016:1
E373,Manoj Kumar Gupta,R045,Manager (M&E),NITI Aayog (DMEO),Assisting in policy note preparation for NITI Aayog (DMEO),M.A. Statistics,20,"C497,C130,C592,C683,C637",S001:2;S002:2;S003:2;S004:1;S005:3;S006:2;S007:2;S008:1;S009:1;S010:2;S011:3;S012:1;S013:1;S014:1;S015:2;S016:1,S001:2;S002:2;S003:2;S006:2;S013:1;S014:1;S016:1
E374,Manoj Kumar Meena,R029,Joint Director,CBHI,Overseeing budget and resource planning for CBHI for the current cycle,M.Sc. Statistics,21,"C754,C657,C563,C699,C603",S001:3;S002:2;S003:1;S004:3;S005:2;S006:1;S007:2;S008:2;S009:1;S010:1;S011:1;S012:2;S013:3;S014:2;S015:3;S016:1,S001:2;S003:2;S004:3;S007:2;S010:1;S011:1;S015:3;S016:1
E375,Manoj Kumar Saini,R020,Statistical Advisor,O/o Economic Adviser,Piloting a new dashboard/reporting tool for O/o Economic Adviser,M.A. Economics,23,"C419,C748,C188,C670,C474",S001:3;S002:1;S003:1;S004:3;S005:3;S006:2;S007:3;S008:3;S009:1;S010:3;S011:3;S012:2;S013:1;S014:3;S015:1;S016:1,S003:1;S005:2;S007:3;S008:3;S009:1;S011:3;S013:1
E376,Manoj Kumar Verma,R025,Director,NSO (SSD),Conducting field verification and monitoring visits for NSO (SSD),M.Sc. Data Science,18,"C028,C507,C480,C299,C377",S001:3;S002:1;S003:1;S004:2;S005:2;S006:1;S007:3;S008:2;S009:2;S010:3;S011:2;S012:1;S013:1;S014:2;S015:3;S016:2,S003:1;S008:3;S011:3;S013:1;S015:3;S016:2
E377,Manoj Kumar Verma,R043,Senior Manager,TRIFED,Handling grievance redressal and correspondence for TRIFED,MBA (General Management),15,"C129,C745,C770,C700",S001:3;S002:3;S003:2;S004:1;S005:1;S006:1;S007:2;S008:2;S009:3;S010:1;S011:2;S012:1;S013:1;S014:1;S015:2;S016:1,S004:1;S006:1;S009:3;S011:2;S015:2
E378,Manu Singh,R034,Deputy Secretary,PI Wing,Leading survey design updates for PI Wing's ongoing field operations,M.Sc. Applied Statistics,18,"C074,C140,C558,C524,C281",S001:2;S002:2;S003:2;S004:1;S005:2;S006:3;S007:1;S008:2;S009:2;S010:1;S011:2;S012:1;S013:2;S014:2;S015:1;S016:1,S003:2;S007:1;S008:2;S012:1;S014:2;S016:1
E379,Manvi Agarwal,R003,Director General (NSS),NSO,Reviewing SOPs and process digitisation for NSO,M.A. Statistics,36,"C656,C287,C646,C347,C380",S001:2;S002:2;S003:2;S004:2;S005:1;S006:2;S007:2;S008:3;S009:1;S010:3;S011:2;S012:3;S013:3;S014:1;S015:3;S016:2,S002:2;S003:2;S009:1;S013:3;S014:1;S016:2
E380,Masarat Sidiq,R056,Assistant Director,NSO (FOD),Reviewing SOPs and process digitisation for NSO (FOD),M.A. Statistics,2,"C435,C340",S001:3;S002:1;S003:1;S004:2;S005:3;S006:1;S007:2;S008:1;S009:1;S010:1;S011:1;S012:2;S013:2;S014:2;S015:3;S016:1,S001:3;S006:1;S009:1;S011:1;S012:2;S013:2
E381,Mathew Varghese,R057,Assistant Director,NSO (DIID),Analysing recent data releases and drafting a brief for NSO (DIID) leadership,M.A. Economics,3,"C127,C445,C063",S001:2;S002:1;S003:1;S004:2;S005:2;S006:3;S007:2;S008:2;S009:1;S010:1;S011:1;S012:1;S013:1;S014:3;S015:2;S016:2,S002:1;S003:1;S004:2;S008:2;S013:1;S016:3
E382,Md. Fazulullah Mohammad,R016,Deputy Director General,NSO (NAD),Coordinating the Q1 data quality review for NSO (NAD),PGDM,28,"C658,C376,C579,C538,C446,C539",S001:3;S002:1;S003:1;S004:2;S005:3;S006:1;S007:3;S008:2;S009:1;S010:3;S011:3;S012:3;S013:2;S014:2;S015:2;S016:1,S005:3;S007:3;S008:2;S009:1;S012:3;S016:1
E383,Meera AP,R008,Director General (CS),Office of Secretary,Piloting a new dashboard/reporting tool for Office of Secretary,Ph.D. Economics,36,"C575,C294,C051,C034,C402",S001:3;S002:3;S003:2;S004:2;S005:1;S006:2;S007:3;S008:3;S009:1;S010:3;S011:2;S012:3;S013:3;S014:1;S015:3;S016:1,S004:2;S005:1;S006:3;S013:3;S015:3;S016:1
E384,Meghal Sharma,R026,Director,NSO (ESD),Handling grievance redressal and correspondence for NSO (ESD),MBA (General Management),14,"C045,C288,C233",S001:3;S002:1;S003:1;S004:3;S005:3;S006:1;S007:2;S008:3;S009:1;S010:3;S011:2;S012:1;S013:2;S014:1;S015:3;S016:2,S002:1;S008:3;S009:2;S010:3;S011:2;S015:3;S016:2
E385,Mini Prasannakumar,R033,Deputy Secretary,General Administration Division,Piloting a new dashboard/reporting tool for General Administration Division,M.A. Economics,18,"C077,C239,C514,C653,C670",S001:2;S002:3;S003:1;S004:2;S005:2;S006:3;S007:2;S008:2;S009:1;S010:1;S011:2;S012:2;S013:2;S014:1;S015:1;S016:1,S007:2;S008:2;S010:1;S011:2;S012:2;S015:2;S016:1
E386,Mohammad Tayyab,R051,Deputy Director,NSO (HSD),Conducting field verification and monitoring visits for NSO (HSD),MBA (General Management),11,"C292,C312,C202,C150",S001:3;S002:3;S003:1;S004:1;S005:2;S006:1;S007:2;S008:1;S009:3;S010:2;S011:1;S012:1;S013:2;S014:3;S015:3;S016:1,S001:3;S002:2;S003:2;S005:2;S006:1;S012:1;S014:2;S015:2
E387,Mohammad Yahya,R009,Additional Director General,NSO,Overseeing budget and resource planning for NSO for the current cycle,M.Sc. Economics,33,"C012,C088,C574,C419",S001:2;S002:3;S003:2;S004:3;S005:3;S006:2;S007:2;S008:3;S009:2;S010:3;S011:2;S012:3;S013:3;S014:2;S015:3;S016:1,S001:2;S004:3;S012:3;S015:3;S016:2
E388,Mohan Chandra Belwal,R051,Deputy Director,NSO (HSD),Leading survey design updates for NSO (HSD)'s ongoing field operations,M.Sc. Applied Statistics,12,"C499,C054",S001:2;S002:3;S003:1;S004:1;S005:2;S006:2;S007:2;S008:1;S009:2;S010:1;S011:1;S012:2;S013:3;S014:3;S015:1;S016:1,S003:1;S007:2;S010:1;S013:3;S014:3;S016:1
E389,Mohd. Amin Wani,R014,Joint Secretary,General Administration Division,Piloting a new dashboard/reporting tool for General Administration Division,MBA (General Management),29,"C687,C612,C601,C075,C562,C587",S001:2;S002:3;S003:3;S004:2;S005:1;S006:3;S007:1;S008:3;S009:2;S010:3;S011:3;S012:3;S013:3;S014:1;S015:2;S016:1,S001:2;S002:3;S003:3;S005:1;S007:1;S008:3;S016:1
E390,Mohd. Shafi Dar,R048,Deputy Director (Admn),General Administration Division,Preparing the Q4 performance report for General Administration Division,PGDM,21,"C201,C041,C417,C652",S001:1;S002:2;S003:3;S004:2;S005:2;S006:2;S007:1;S008:3;S009:1;S010:1;S011:1;S012:2;S013:2;S014:1;S015:1;S016:2,S003:3;S005:2;S006:2;S007:2;S013:2;S014:1;S015:2;S016:1
E391,Mohd. Sultan Bhat,R058,Assistant Director,DES,Coordinating the Q1 data quality review for DES,PGDM,0,"C500,C253,C397",S001:2;S002:1;S003:1;S004:2;S005:3;S006:2;S007:3;S008:1;S009:2;S010:1;S011:2;S012:2;S013:1;S014:1;S015:2;S016:2,S002:2;S003:2;S004:1;S007:3;S011:2;S012:1;S014:1;S016:2
E392,Mohita Aswal,R009,Additional Director General,NSO,Overseeing budget and resource planning for NSO for the current cycle,Ph.D. Economics,32,"C091,C076,C449,C124,C195,C330",S001:3;S002:3;S003:3;S004:2;S005:2;S006:1;S007:1;S008:2;S009:2;S010:2;S011:2;S012:3;S013:3;S014:2;S015:2;S016:1,S007:2;S008:2;S009:2;S010:2;S016:1
E393,Moinak Mukherjee,R054,Under Secretary,General Administration Division,Conducting field verification and monitoring visits for General Administration Division,M.A. Statistics,8,"C226,C592,C349",S001:1;S002:1;S003:1;S004:2;S005:1;S006:2;S007:1;S008:1;S009:2;S010:1;S011:1;S012:1;S013:3;S014:1;S015:2;S016:2,S004:2;S005:1;S006:2;S007:2;S009:2;S011:1
E394,Monami Mitra,R051,Deputy Director,NSO (HSD),Piloting a new dashboard/reporting tool for NSO (HSD),M.Sc. Mathematics,10,"C204,C351,C367,C256",S001:2;S002:3;S003:2;S004:2;S005:3;S006:2;S007:2;S008:1;S009:1;S010:2;S011:2;S012:1;S013:2;S014:2;S015:2;S016:1,S001:2;S003:2;S004:2;S005:3;S007:3;S009:1;S013:2;S015:2
E395,Monica Kumawat,R015,Deputy Director General,NSO (FOD),Piloting a new dashboard/reporting tool for NSO (FOD),M.Sc. Applied Statistics,23,"C767,C672,C036",S001:2;S002:3;S003:1;S004:2;S005:3;S006:1;S007:3;S008:3;S009:2;S010:3;S011:3;S012:2;S013:3;S014:2;S015:3;S016:2,S001:2;S003:1;S004:1;S008:3;S015:3;S016:2
E396,Monika,R046,Manager (M&E),MPLADS,Coordinating the Q4 data quality review for MPLADS,M.Sc. Mathematics,18,"C572,C552,C048,C113",S001:3;S002:1;S003:1;S004:2;S005:2;S006:1;S007:2;S008:2;S009:1;S010:3;S011:2;S012:2;S013:1;S014:3;S015:3;S016:2,S001:3;S005:2;S006:2;S014:3;S016:2
E397,Monojit Das,R027,Director,DGCI&S,Reviewing SOPs and process digitisation for DGCI&S,M.Sc. Operations Research,20,"C500,C608,C338",S001:3;S002:1;S003:1;S004:2;S005:3;S006:1;S007:1;S008:2;S009:1;S010:2;S011:3;S012:1;S013:2;S014:1;S015:3;S016:1,S001:3;S003:1;S010:2;S012:1;S014:1;S016:2
E398,Mool Chand Bhaskar,R060,Assistant Director (Probationer),NSSTA,Overseeing budget and resource planning for NSSTA for the current cycle,M.A. Economics,3,"C252,C763",S001:1;S002:2;S003:1;S004:1;S005:3;S006:2;S007:1;S008:1;S009:1;S010:1;S011:2;S012:1;S013:1;S014:1;S015:2;S016:1,S003:1;S004:1;S007:1;S008:1;S010:1;S016:1
E399,Mridul Maheshwari,R011,Additional Director General,General Administration Division,Reviewing SOPs and process digitisation for General Administration Division,Ph.D. Economics,32,"C076,C016,C774,C073",S001:3;S002:3;S003:3;S004:2;S005:2;S006:2;S007:3;S008:3;S009:2;S010:2;S011:1;S012:3;S013:3;S014:3;S015:2;S016:3,S009:2;S010:2;S013:3;S015:2;S016:2
E400,Muhammed Yasir F,R032,Member Secretary,NC for SC/ST,Supervising staff training rollout within NC for SC/ST,M.A. Economics,20,"C748,C009,C575,C155,C195",S001:2;S002:2;S003:1;S004:2;S005:2;S006:1;S007:1;S008:1;S009:1;S010:1;S011:2;S012:1;S013:2;S014:1;S015:1;S016:1,S002:2;S003:1;S007:1;S011:2;S012:1;S014:1;S015:1;S016:1
E401,Mukesh,R029,Joint Director,CBHI,Leading survey design updates for CBHI's ongoing field operations,M.A. Statistics,17,"C527,C770,C520,C190,C539",S001:3;S002:2;S003:1;S004:2;S005:3;S006:1;S007:3;S008:2;S009:2;S010:2;S011:3;S012:1;S013:3;S014:2;S015:2;S016:2,S003:2;S004:2;S006:1;S007:3;S009:1;S011:2
E402,Mukesh Dutt Sharma,R026,Director,NSO (ESD),Preparing the Q2 performance report for NSO (ESD),M.A. Economics,16,"C099,C177,C285",S001:3;S002:3;S003:2;S004:2;S005:3;S006:2;S007:2;S008:1;S009:3;S010:3;S011:2;S012:1;S013:2;S014:2;S015:3;S016:2,S001:3;S005:3;S006:2;S013:2;S016:2
E403,Mukund Bihari,R016,Deputy Director General,NSO (NAD),Conducting field verification and monitoring visits for NSO (NAD),MBA (Public Policy),24,"C147,C563,C076",S001:3;S002:3;S003:1;S004:1;S005:3;S006:1;S007:3;S008:3;S009:1;S010:3;S011:3;S012:2;S013:2;S014:3;S015:1;S016:2,S001:3;S002:2;S003:1;S004:1;S006:1;S008:2;S010:3;S016:2
E404,Munne Khan,R030,Joint Director,Labour Bureau,Piloting a new dashboard/reporting tool for Labour Bureau,M.Sc. Statistics,17,"C624,C456,C755,C413",S001:3;S002:3;S003:2;S004:2;S005:3;S006:2;S007:2;S008:2;S009:2;S010:1;S011:2;S012:1;S013:2;S014:2;S015:3;S016:2,S001:3;S003:2;S008:2;S009:2;S010:1;S013:2
E405,N Sangeetha,R034,Deputy Secretary,PI Wing,Preparing the Q4 performance report for PI Wing,M.Sc. Operations Research,20,"C470,C047,C131",S001:2;S002:1;S003:1;S004:2;S005:1;S006:3;S007:1;S008:2;S009:1;S010:2;S011:1;S012:1;S013:3;S014:1;S015:2;S016:1,S002:1;S007:1;S011:1;S012:1;S015:2;S016:1
E406,N S Patil,R029,Joint Director,CBHI,Supervising staff training rollout within CBHI,M.Sc. Mathematics,20,"C503,C317,C516,C410,C211",S001:2;S002:2;S003:1;S004:2;S005:2;S006:2;S007:3;S008:2;S009:1;S010:3;S011:3;S012:1;S013:2;S014:2;S015:3;S016:1,S006:2;S008:2;S009:1;S012:1;S014:2;S016:1
E407,N. K. Fadnis,R007,Director General (CS),Central Statistics Office wing (NSO),Analysing recent data releases and drafting a brief for Central Statistics Office wing (NSO) leadership,Ph.D. Economics,37,"C517,C428,C436,C614,C297,C523",S001:2;S002:3;S003:2;S004:3;S005:1;S006:1;S007:2;S008:2;S009:1;S010:3;S011:2;S012:3;S013:2;S014:1;S015:3;S016:1,S002:3;S003:2;S004:3;S006:1;S009:1;S010:2
E408,N.K. Singh,R001,Director General,NSO,Reviewing SOPs and process digitisation for NSO,PGDM,35,"C122,C437,C419,C165",S001:2;S002:3;S003:3;S004:3;S005:1;S006:2;S007:2;S008:2;S009:3;S010:2;S011:2;S012:3;S013:2;S014:1;S015:2;S016:1,S003:3;S004:3;S006:2;S011:2;S015:2;S016:1
E409,Nagesh Kumar Singh,R016,Deputy Director General,NSO (NAD),Assisting in policy note preparation for NSO (NAD),M.A. Economics,22,"C318,C496,C168,C385,C252,C332",S001:2;S002:2;S003:1;S004:1;S005:2;S006:1;S007:2;S008:3;S009:1;S010:3;S011:3;S012:1;S013:2;S014:3;S015:1;S016:2,S002:2;S004:1;S006:1;S009:1;S014:3;S015:1;S016:2
E410,Naorem Mohondas Singh,R007,Director General (CS),Central Statistics Office wing (NSO),Conducting field verification and monitoring visits for Central Statistics Office wing (NSO),M.Sc. Economics,38,"C216,C229,C180,C132,C038",S001:2;S002:3;S003:2;S004:2;S005:2;S006:1;S007:2;S008:3;S009:1;S010:3;S011:2;S012:3;S013:3;S014:1;S015:1;S016:2,S004:3;S006:1;S011:2;S012:3;S015:1;S016:2
E411,Narendra Kumar Santoshi,R031,Member Secretary,Central Information Commission,Leading survey design updates for Central Information Commission's ongoing field operations,M.Sc. Applied Statistics,19,"C047,C508,C431",S001:3;S002:2;S003:2;S004:2;S005:2;S006:2;S007:3;S008:2;S009:2;S010:3;S011:1;S012:1;S013:1;S014:1;S015:1;S016:1,S003:2;S004:2;S007:3;S010:3;S012:1;S014:1;S015:1;S016:1
E412,Nausheen Musharraf,R040,Deputy Commissioner,Municipal Corporation of Delhi (MCD),Supervising staff training rollout within Municipal Corporation of Delhi (MCD),M.A. Economics,19,"C648,C749,C149,C160,C169",S001:1;S002:1;S003:2;S004:2;S005:1;S006:2;S007:2;S008:2;S009:1;S010:3;S011:3;S012:1;S013:1;S014:1;S015:3;S016:1,S004:2;S006:2;S010:3;S015:3;S016:1
E413,Navanita Gogoi,R010,Additional Director General,AI & Big Data Unit,Piloting a new dashboard/reporting tool for AI & Big Data Unit,Ph.D. Statistics,31,"C416,C517,C177,C288,C719",S001:3;S002:2;S003:3;S004:3;S005:2;S006:1;S007:2;S008:2;S009:1;S010:3;S011:2;S012:3;S013:3;S014:2;S015:2;S016:2,S005:2;S006:1;S010:3;S015:2;S016:2
E414,Navdeep Kaur,R036,Officer-on-Special Duty,MPLADS,Managing stakeholder coordination on a MPLADS modernisation initiative,M.Sc. Economics,18,"C019,C616,C047,C296",S001:2;S002:2;S003:3;S004:2;S005:2;S006:2;S007:2;S008:1;S009:2;S010:3;S011:1;S012:1;S013:3;S014:1;S015:1;S016:2,S002:1;S003:3;S007:2;S012:1;S013:3;S016:2
E415,Naveen Kumar Vidyarthi,R029,Joint Director,CBHI,Overseeing budget and resource planning for CBHI for the current cycle,M.A. Statistics,21,"C477,C187,C376",S001:3;S002:2;S003:2;S004:3;S005:2;S006:1;S007:2;S008:2;S009:1;S010:2;S011:2;S012:1;S013:2;S014:2;S015:3;S016:1,S003:2;S005:2;S006:1;S012:1;S013:1;S014:2;S016:2
E416,Nayan Deep Gupta,R024,Executive Director,Coconut Development Board,Managing stakeholder coordination on a Coconut Development Board modernisation initiative,M.Sc. Statistics,23,"C318,C609,C296,C692,C575,C308",S001:2;S002:3;S003:2;S004:3;S005:2;S006:2;S007:2;S008:3;S009:2;S010:3;S011:3;S012:3;S013:2;S014:1;S015:2;S016:1,S004:3;S007:2;S009:2;S013:3;S014:1;S016:1
E417,Neeraj Kumari,R016,Deputy Director General,NSO (NAD),Supervising staff training rollout within NSO (NAD),M.Sc. Mathematics,24,"C249,C663,C009,C202,C523",S001:3;S002:2;S003:1;S004:1;S005:3;S006:2;S007:3;S008:3;S009:1;S010:3;S011:3;S012:3;S013:3;S014:3;S015:2;S016:2,S002:2;S003:1;S006:2;S013:3;S014:3;S015:2;S016:2
E418,Neeraj Nabham,R022,Statistical Advisor,Labour Bureau,Reviewing SOPs and process digitisation for Labour Bureau,M.A. Statistics,26,"C517,C019,C735,C590,C756",S001:3;S002:2;S003:1;S004:2;S005:3;S006:1;S007:3;S008:3;S009:1;S010:3;S011:3;S012:3;S013:1;S014:3;S015:1;S016:3,S001:3;S006:2;S007:3;S009:1;S010:3;S016:2
E419,Neeraj Kumar Srivastava,R048,Deputy Director (Admn),General Administration Division,Reviewing SOPs and process digitisation for General Administration Division,M.Sc. Applied Statistics,14,"C162,C778,C267",S001:2;S002:3;S003:1;S004:2;S005:2;S006:1;S007:1;S008:2;S009:1;S010:3;S011:3;S012:1;S013:2;S014:1;S015:1;S016:1,S001:2;S002:3;S007:1;S008:1;S010:3;S011:3;S016:1
E420,Neetesh Kumar Mishra,R014,Joint Secretary,General Administration Division,Reviewing SOPs and process digitisation for General Administration Division,Ph.D. Economics,32,"C443,C724,C076,C172",S001:1;S002:3;S003:3;S004:3;S005:1;S006:1;S007:1;S008:3;S009:2;S010:3;S011:2;S012:3;S013:3;S014:2;S015:1;S016:3,S001:1;S002:3;S003:2;S007:1;S008:3;S011:2;S014:2;S016:3
E421,Neethu K Thomas,R004,Director General (NSS),NSSTA,Analysing recent data releases and drafting a brief for NSSTA leadership,Ph.D. Demography,34,"C173,C372,C229,C197,C494",S001:1;S002:3;S003:3;S004:1;S005:1;S006:1;S007:2;S008:3;S009:1;S010:3;S011:2;S012:3;S013:3;S014:1;S015:3;S016:1,S004:2;S006:1;S007:1;S012:3;S013:3;S015:3;S016:1
E422,Neha Singh,R056,Assistant Director,NSO (FOD),Conducting field verification and monitoring visits for NSO (FOD),MBA (Public Policy),3,"C147,C624",S001:2;S002:1;S003:3;S004:1;S005:3;S006:3;S007:2;S008:1;S009:2;S010:2;S011:1;S012:1;S013:1;S014:2;S015:2;S016:2,S003:3;S006:3;S007:1;S011:1;S012:1;S014:2
E423,Neha Singh,R010,Additional Director General,AI & Big Data Unit,Preparing the Q4 performance report for AI & Big Data Unit,MCA,28,"C067,C306,C355,C155,C531,C213",S001:3;S002:2;S003:3;S004:3;S005:2;S006:2;S007:2;S008:3;S009:1;S010:3;S011:1;S012:3;S013:3;S014:3;S015:1;S016:1,S006:2;S007:2;S009:1;S012:3;S016:1
E424,Neha Srivastava,R027,Director,DGCI&S,Handling grievance redressal and correspondence for DGCI&S,M.A. Economics,18,"C118,C657,C445,C693",S001:3;S002:2;S003:1;S004:2;S005:3;S006:1;S007:1;S008:1;S009:2;S010:3;S011:2;S012:1;S013:2;S014:1;S015:2;S016:2,S002:2;S004:2;S008:1;S014:1;S016:2
E425,Neha Kalra (Asnani),R046,Manager (M&E),MPLADS,Conducting field verification and monitoring visits for MPLADS,M.Sc. Statistics,17,"C331,C326,C213",S001:3;S002:3;S003:1;S004:2;S005:3;S006:1;S007:2;S008:2;S009:1;S010:1;S011:1;S012:2;S013:2;S014:2;S015:3;S016:1,S003:1;S005:3;S007:2;S009:1;S010:1;S012:2;S013:2
E426,Ng.Prem Kr. Luwang,R014,Joint Secretary,General Administration Division,Preparing the Q3 performance report for General Administration Division,M.A. Economics,29,"C092,C019,C478,C419,C168,C454",S001:2;S002:2;S003:2;S004:3;S005:1;S006:1;S007:1;S008:3;S009:3;S010:3;S011:1;S012:3;S013:3;S014:1;S015:1;S016:2,S005:1;S007:2;S011:2;S012:3;S013:2
E427,Nidhi Satija,R002,Director General,Office of Secretary,Coordinating the Q3 data quality review for Office of Secretary,M.Sc. Statistics,37,"C561,C164,C741,C235,C124,C721",S001:1;S002:2;S003:2;S004:2;S005:1;S006:2;S007:3;S008:2;S009:1;S010:3;S011:2;S012:3;S013:3;S014:1;S015:2;S016:1,S001:1;S011:2;S012:3;S014:2;S015:2;S016:1
E428,Nigar Fatma,R031,Member Secretary,Central Information Commission,Analysing recent data releases and drafting a brief for Central Information Commission leadership,M.Sc. Operations Research,20,"C779,C076,C645,C132,C471",S001:1;S002:2;S003:1;S004:1;S005:3;S006:3;S007:1;S008:1;S009:1;S010:2;S011:1;S012:1;S013:2;S014:1;S015:2;S016:1,S002:2;S007:1;S010:2;S011:1;S013:2;S016:1
E429,Niharika Singh,R014,Joint Secretary,General Administration Division,Conducting field verification and monitoring visits for General Administration Division,M.A. Statistics,30,"C022,C066,C595,C267",S001:3;S002:3;S003:3;S004:2;S005:1;S006:1;S007:3;S008:3;S009:1;S010:3;S011:1;S012:3;S013:3;S014:1;S015:1;S016:3,S003:3;S007:3;S008:3;S011:1;S014:2
E430,Nikhil Kumar,R012,Joint Secretary,Office of Secretary,Piloting a new dashboard/reporting tool for Office of Secretary,Ph.D. Economics,29,"C443,C630,C047,C233,C222,C524",S001:2;S002:2;S003:3;S004:3;S005:2;S006:2;S007:1;S008:2;S009:2;S010:3;S011:2;S012:3;S013:3;S014:1;S015:1;S016:2,S003:3;S007:1;S009:2;S011:2;S013:3;S016:2
E431,Nikhil Singh,R048,Deputy Director (Admn),General Administration Division,Assisting in policy note preparation for General Administration Division,M.Sc. Applied Statistics,21,"C687,C007,C183,C641,C582",S001:1;S002:2;S003:2;S004:2;S005:2;S006:2;S007:1;S008:2;S009:1;S010:2;S011:1;S012:2;S013:2;S014:2;S015:1;S016:1,S003:2;S007:1;S009:1;S012:2;S015:1;S016:1
E432,Nikhil Kumar Agarwal,R052,Deputy Director,NSO (EnSD),Overseeing budget and resource planning for NSO (EnSD) for the current cycle,B.Tech + M.Tech (IT),12,"C711,C671,C586",S001:2;S002:3;S003:1;S004:1;S005:3;S006:1;S007:2;S008:1;S009:2;S010:2;S011:1;S012:1;S013:2;S014:2;S015:1;S016:1,S002:3;S003:1;S007:2;S010:2;S011:1;S016:1
E433,Nikhilesh Mathuresh Biswas,R017,Deputy Director General,DES,Analysing recent data releases and drafting a brief for DES leadership,M.Sc. Mathematics,27,"C592,C219,C569",S001:3;S002:3;S003:1;S004:2;S005:3;S006:1;S007:3;S008:2;S009:1;S010:3;S011:3;S012:2;S013:1;S014:3;S015:2;S016:2,S001:3;S002:3;S003:1;S004:2;S008:2;S009:1;S010:3;S013:1
E434,Nikita Garg,R059,Assistant Director (Probationer),NSO (RAU),Supervising staff training rollout within NSO (RAU),M.A. Statistics,0,"C556,C621,C353",S001:2;S002:1;S003:2;S004:1;S005:3;S006:3;S007:2;S008:1;S009:2;S010:1;S011:2;S012:1;S013:1;S014:1;S015:1;S016:1,S002:1;S009:2;S010:1;S014:1;S015:1;S016:2
E435,Nilanjan Chatterjee,R049,Deputy Passport Officer,Central Passport Organisation,Reviewing SOPs and process digitisation for Central Passport Organisation,M.Sc. Economics,17,"C587,C616,C544,C061",S001:3;S002:3;S003:2;S004:2;S005:1;S006:3;S007:2;S008:1;S009:1;S010:1;S011:2;S012:1;S013:1;S014:1;S015:1;S016:3,S001:3;S007:2;S008:1;S011:2;S015:1;S016:3
E436,Nilanjana Roy,R023,Executive Director,NSSTA,Preparing the Q1 performance report for NSSTA,M.Sc. Operations Research,26,"C472,C661,C646,C374,C587",S001:1;S002:3;S003:1;S004:3;S005:1;S006:1;S007:1;S008:3;S009:2;S010:3;S011:3;S012:3;S013:3;S014:2;S015:1;S016:1,S001:1;S004:3;S006:1;S007:1;S009:2;S010:2;S016:1
E437,Nimat Kumar Tudu,R015,Deputy Director General,NSO (FOD),Overseeing budget and resource planning for NSO (FOD) for the current cycle,PGDM,23,"C707,C117,C554,C520",S001:3;S002:2;S003:2;S004:2;S005:3;S006:1;S007:3;S008:3;S009:2;S010:2;S011:2;S012:2;S013:2;S014:3;S015:2;S016:1,S001:3;S003:2;S006:1;S007:3;S013:2;S016:1
E438,Nipun Jain,R032,Member Secretary,NC for SC/ST,Conducting field verification and monitoring visits for NC for SC/ST,M.Sc. Economics,16,"C499,C132,C419",S001:2;S002:2;S003:3;S004:2;S005:2;S006:3;S007:1;S008:1;S009:1;S010:2;S011:1;S012:1;S013:2;S014:1;S015:2;S016:1,S007:1;S010:3;S011:1;S012:1;S015:2
E439,Niraj Kumar Priyadarshi,R002,Director General,Office of Secretary,Supervising staff training rollout within Office of Secretary,M.Sc. Applied Statistics,36,"C331,C193,C457,C124,C583",S001:2;S002:2;S003:3;S004:3;S005:1;S006:2;S007:2;S008:3;S009:1;S010:3;S011:2;S012:3;S013:3;S014:1;S015:2;S016:3,S002:2;S004:3;S005:1;S015:2;S016:3
E440,Niret K Kurian,R021,Statistical Advisor,DES,Coordinating the Q1 data quality review for DES,M.A. Statistics,27,"C444,C054,C598",S001:3;S002:2;S003:1;S004:2;S005:3;S006:1;S007:2;S008:3;S009:1;S010:3;S011:3;S012:2;S013:3;S014:3;S015:3;S016:2,S004:2;S007:3;S009:1;S010:2;S011:3;S015:3;S016:2
E441,Nirnay Pratap Singh,R006,Director General (DG),General Administration Division,Piloting a new dashboard/reporting tool for General Administration Division,M.Sc. Mathematics,37,"C659,C489,C501,C376,C016,C093",S001:2;S002:3;S003:3;S004:3;S005:1;S006:2;S007:2;S008:3;S009:1;S010:3;S011:2;S012:3;S013:3;S014:1;S015:1;S016:2,S002:3;S005:1;S006:2;S007:2;S009:1;S010:3;S016:1
E442,Nitika Gupta,R027,Director,DGCI&S,Preparing the Q4 performance report for DGCI&S,MBA (Public Policy),21,"C655,C621,C251,C235",S001:3;S002:1;S003:2;S004:2;S005:3;S006:1;S007:2;S008:2;S009:2;S010:2;S011:2;S012:1;S013:2;S014:1;S015:3;S016:1,S001:3;S002:1;S003:2;S005:3;S012:2;S016:1
E443,Nitish Kumar,R003,Director General (NSS),NSO,Leading survey design updates for NSO's ongoing field operations,M.A. Statistics,32,"C066,C714,C362,C314",S001:1;S002:2;S003:2;S004:3;S005:2;S006:2;S007:2;S008:2;S009:1;S010:3;S011:2;S012:3;S013:3;S014:1;S015:1;S016:2,S002:3;S005:2;S006:2;S007:2;S008:2;S010:3;S015:2;S016:3
E444,Noushida N A,R057,Assistant Director,NSO (DIID),Preparing the Q2 performance report for NSO (DIID),M.Sc. Economics,2,"C559,C539,C210",S001:1;S002:1;S003:1;S004:2;S005:3;S006:1;S007:2;S008:1;S009:1;S010:1;S011:2;S012:1;S013:2;S014:2;S015:1;S016:2,S005:2;S006:1;S008:1;S009:2;S011:2;S013:2;S015:1
E445,O L Lakra,R038,Private Secretary,General Administration Division,Leading survey design updates for General Administration Division's ongoing field operations,M.A. Statistics,17,"C517,C311,C140,C324,C534",S001:2;S002:2;S003:1;S004:1;S005:1;S006:1;S007:2;S008:2;S009:1;S010:2;S011:3;S012:1;S013:2;S014:2;S015:2;S016:1,S006:1;S012:1;S013:2;S015:2;S016:1
E446,O. Patton,R022,Statistical Advisor,Labour Bureau,Conducting field verification and monitoring visits for Labour Bureau,M.A. Statistics,25,"C140,C550,C177,C508",S001:3;S002:1;S003:2;S004:3;S005:3;S006:2;S007:3;S008:3;S009:2;S010:3;S011:3;S012:2;S013:1;S014:3;S015:2;S016:2,S005:3;S006:3;S008:3;S009:1;S015:3;S016:2
E447,Om Shukla,R039,Deputy Commissioner,O/o Registrar General of India (RGI),Managing stakeholder coordination on a O/o Registrar General of India (RGI) modernisation initiative,M.A. Economics,14,"C274,C124,C042",S001:2;S002:1;S003:3;S004:3;S005:2;S006:2;S007:2;S008:2;S009:1;S010:2;S011:1;S012:1;S013:2;S014:1;S015:3;S016:1,S003:3;S004:3;S005:2;S006:3;S009:1;S016:2
E448,Onkar Prosad Ghosh,R027,Director,DGCI&S,Overseeing budget and resource planning for DGCI&S for the current cycle,M.A. Statistics,21,"C457,C288,C643,C150,C438",S001:2;S002:2;S003:3;S004:3;S005:3;S006:1;S007:1;S008:3;S009:2;S010:2;S011:1;S012:1;S013:2;S014:2;S015:2;S016:1,S002:2;S003:3;S005:3;S008:3;S009:1;S014:3
E449,P Palanivel,R022,Statistical Advisor,Labour Bureau,Preparing the Q1 performance report for Labour Bureau,M.Sc. Economics,25,"C460,C609,C036,C222,C653",S001:2;S002:2;S003:1;S004:1;S005:3;S006:1;S007:3;S008:3;S009:1;S010:3;S011:3;S012:3;S013:1;S014:3;S015:1;S016:1,S001:1;S002:2;S004:1;S009:1;S010:3;S014:3;S016:1
E450,P A Mini,R017,Deputy Director General,DES,Reviewing SOPs and process digitisation for DES,MBA (Public Policy),23,"C164,C061,C648,C207,C255,C339",S001:3;S002:3;S003:1;S004:2;S005:2;S006:1;S007:2;S008:3;S009:1;S010:3;S011:3;S012:2;S013:3;S014:2;S015:2;S016:2,S002:3;S004:2;S005:2;S007:2;S009:1;S015:2;S016:2
E451,P K Mondal,R059,Assistant Director (Probationer),NSO (RAU),Managing stakeholder coordination on a NSO (RAU) modernisation initiative,M.A. Statistics,2,"C041,C117,C152",S001:1;S002:1;S003:1;S004:2;S005:3;S006:2;S007:1;S008:1;S009:2;S010:2;S011:1;S012:1;S013:2;S014:3;S015:2;S016:1,S004:2;S005:3;S006:2;S010:2;S012:1;S014:3;S016:1
E452,P Manoj Kumar,R050,Deputy Passport Officer,Regional Passport Offices,Overseeing budget and resource planning for Regional Passport Offices for the current cycle,MBA (General Management),15,"C144,C097,C355,C613,C473",S001:1;S002:2;S003:2;S004:2;S005:3;S006:2;S007:3;S008:1;S009:1;S010:2;S011:1;S012:1;S013:2;S014:1;S015:1;S016:1,S001:2;S002:2;S003:2;S007:2;S010:1;S016:1
E453,P R Meshram,R040,Deputy Commissioner,Municipal Corporation of Delhi (MCD),Coordinating the Q2 data quality review for Municipal Corporation of Delhi (MCD),M.Sc. Mathematics,16,"C036,C064,C003",S001:1;S002:2;S003:2;S004:2;S005:2;S006:2;S007:2;S008:1;S009:1;S010:2;S011:2;S012:1;S013:3;S014:1;S015:2;S016:2,S002:3;S007:2;S014:1;S015:2;S016:2
E454,P Sangeeth Kumar,R025,Director,NSO (SSD),Conducting field verification and monitoring visits for NSO (SSD),M.A. Statistics,21,"C092,C613,C609,C306",S001:3;S002:2;S003:1;S004:1;S005:3;S006:2;S007:3;S008:2;S009:2;S010:2;S011:1;S012:1;S013:3;S014:3;S015:2;S016:1,S002:2;S007:3;S009:3;S011:1;S012:1;S013:3;S015:2;S016:1
E455,P. K. Janardhanan,R005,Director General (DG),NSO,Handling grievance redressal and correspondence for NSO,M.Sc. Applied Statistics,33,"C440,C628,C515,C758,C297",S001:2;S002:3;S003:3;S004:3;S005:1;S006:1;S007:1;S008:3;S009:2;S010:3;S011:2;S012:3;S013:2;S014:1;S015:1;S016:1,S003:3;S006:1;S007:1;S009:1;S013:1;S016:1
E456,P. K. Santosh,R054,Under Secretary,General Administration Division,Preparing the Q3 performance report for General Administration Division,M.A. Statistics,9,"C615,C131",S001:1;S002:3;S003:1;S004:3;S005:3;S006:2;S007:1;S008:1;S009:2;S010:1;S011:1;S012:1;S013:1;S014:1;S015:1;S016:1,S003:1;S004:2;S009:2;S011:1;S015:1
E457,P. Santhosh,R044,Senior Manager,Coconut Development Board,Assisting in policy note preparation for Coconut Development Board,MBA (General Management),20,"C585,C421,C442,C506,C012",S001:2;S002:2;S003:2;S004:3;S005:3;S006:1;S007:1;S008:2;S009:3;S010:2;S011:1;S012:1;S013:2;S014:2;S015:2;S016:1,S001:2;S002:2;S003:2;S007:1;S008:2;S013:2;S014:2
E458,P. Sunil Dev,R001,Director General,NSO,Analysing recent data releases and drafting a brief for NSO leadership,M.Sc. Applied Statistics,34,"C333,C714,C106,C213",S001:3;S002:3;S003:3;S004:2;S005:1;S006:2;S007:3;S008:3;S009:3;S010:3;S011:3;S012:3;S013:3;S014:1;S015:2;S016:2,S002:3;S008:3;S011:3;S014:1;S016:1
E459,Pallavi Agrawal,R002,Director General,Office of Secretary,Preparing the Q2 performance report for Office of Secretary,M.A. Economics,34,"C220,C419,C322,C284,C056",S001:2;S002:3;S003:3;S004:3;S005:1;S006:2;S007:2;S008:3;S009:2;S010:3;S011:3;S012:3;S013:3;S014:1;S015:1;S016:2,S002:3;S003:3;S009:2;S014:1;S015:1;S016:2
E460,Pally Kundu (Burman),R055,Under Secretary,D/o Expenditure,Preparing the Q1 performance report for D/o Expenditure,M.Sc. Operations Research,11,"C657,C580,C592,C313",S001:1;S002:1;S003:1;S004:2;S005:2;S006:2;S007:1;S008:1;S009:1;S010:1;S011:2;S012:1;S013:1;S014:1;S015:1;S016:2,S001:2;S002:1;S008:1;S009:1;S015:1;S016:1
E461,Pana Besra,R032,Member Secretary,NC for SC/ST,Handling grievance redressal and correspondence for NC for SC/ST,M.A. Statistics,15,"C300,C101,C036",S001:3;S002:1;S003:3;S004:2;S005:1;S006:1;S007:2;S008:2;S009:1;S010:2;S011:2;S012:1;S013:3;S014:1;S015:1;S016:1,S001:3;S006:1;S007:2;S010:2;S011:2;S012:1;S014:1;S016:1
E462,Pankaj Meena,R049,Deputy Passport Officer,Central Passport Organisation,Managing stakeholder coordination on a Central Passport Organisation modernisation initiative,M.A. Economics,15,"C025,C182,C133,C671,C511",S001:2;S002:3;S003:2;S004:2;S005:2;S006:2;S007:1;S008:1;S009:1;S010:1;S011:2;S012:1;S013:2;S014:1;S015:1;S016:1,S003:2;S004:2;S007:1;S011:2;S012:2;S013:2;S016:1
E463,Pankaj Kumar,R044,Senior Manager,Coconut Development Board,Piloting a new dashboard/reporting tool for Coconut Development Board,MBA (Public Policy),15,"C414,C548,C434,C502,C644",S001:1;S002:1;S003:1;S004:3;S005:1;S006:1;S007:1;S008:2;S009:1;S010:3;S011:1;S012:1;S013:3;S014:1;S015:1;S016:1,S003:1;S006:1;S007:1;S010:3;S011:1;S015:1
E464,Pankaj Kumar,R004,Director General (NSS),NSSTA,Leading survey design updates for NSSTA's ongoing field operations,M.A. Economics,38,"C126,C330,C648,C451",S001:1;S002:2;S003:1;S004:1;S005:1;S006:3;S007:3;S008:3;S009:2;S010:3;S011:3;S012:3;S013:2;S014:1;S015:1;S016:2,S001:1;S002:2;S008:3;S009:1;S012:3
E465,Pankhudi Pandey,R003,Director General (NSS),NSO,Analysing recent data releases and drafting a brief for NSO leadership,M.Sc. Mathematics,38,"C237,C742,C685,C364",S001:2;S002:3;S003:1;S004:1;S005:1;S006:2;S007:2;S008:3;S009:1;S010:3;S011:3;S012:3;S013:3;S014:2;S015:1;S016:2,S002:3;S003:1;S004:1;S006:2;S007:3;S010:3;S015:1;S016:3
E466,Parimal,R047,Executive Officer (Census),O/o Registrar General of India (RGI),Reviewing SOPs and process digitisation for O/o Registrar General of India (RGI),M.Sc. Mathematics,20,"C500,C039,C491,C148",S001:2;S002:1;S003:2;S004:1;S005:3;S006:1;S007:2;S008:2;S009:1;S010:2;S011:2;S012:1;S013:2;S014:1;S015:2;S016:1,S001:2;S003:2;S005:3;S008:1;S009:1;S013:2;S016:1
E467,Patil Naresh Dnyaneshwar,R053,Deputy Director,DES,Overseeing budget and resource planning for DES for the current cycle,M.A. Economics,13,"C051,C348,C596,C528",S001:2;S002:2;S003:1;S004:1;S005:3;S006:1;S007:2;S008:1;S009:2;S010:1;S011:1;S012:1;S013:3;S014:2;S015:2;S016:1,S003:1;S005:3;S006:1;S010:1;S011:1;S012:1;S014:2
E468,Patil Samir Vasant,R035,Officer-on-Special Duty,Office of Secretary,Managing stakeholder coordination on a Office of Secretary modernisation initiative,M.Sc. Operations Research,17,"C641,C378,C029,C007",S001:3;S002:2;S003:1;S004:1;S005:2;S006:1;S007:2;S008:2;S009:1;S010:3;S011:2;S012:1;S013:2;S014:1;S015:1;S016:1,S006:1;S007:2;S009:1;S011:2;S014:1;S016:1
E469,Pavan Kumar,R050,Deputy Passport Officer,Regional Passport Offices,Preparing the Q4 performance report for Regional Passport Offices,M.Sc. Economics,16,"C225,C069,C196,C761,C213",S001:1;S002:2;S003:2;S004:1;S005:1;S006:2;S007:1;S008:3;S009:1;S010:1;S011:2;S012:1;S013:1;S014:1;S015:1;S016:1,S005:1;S007:1;S008:2;S010:1;S011:1
E470,Pavitra Sewa,R039,Deputy Commissioner,O/o Registrar General of India (RGI),Handling grievance redressal and correspondence for O/o Registrar General of India (RGI),M.Sc. Applied Statistics,16,"C193,C515,C278",S001:2;S002:3;S003:1;S004:2;S005:3;S006:2;S007:3;S008:2;S009:2;S010:3;S011:1;S012:2;S013:2;S014:1;S015:3;S016:2,S003:1;S004:3;S005:3;S007:3;S010:3;S013:2;S016:2
E471,Payal Meena,R020,Statistical Advisor,O/o Economic Adviser,Handling grievance redressal and correspondence for O/o Economic Adviser,MBA (General Management),25,"C179,C364,C237,C068,C681,C293",S001:3;S002:2;S003:1;S004:2;S005:2;S006:1;S007:2;S008:3;S009:1;S010:3;S011:3;S012:3;S013:1;S014:3;S015:2;S016:1,S003:1;S004:2;S007:2;S008:3;S009:1;S013:1
E472,Pinky Sawariya,R055,Under Secretary,D/o Expenditure,Piloting a new dashboard/reporting tool for D/o Expenditure,M.A. Statistics,12,"C545,C470,C003",S001:1;S002:2;S003:1;S004:3;S005:1;S006:2;S007:2;S008:2;S009:1;S010:2;S011:1;S012:1;S013:1;S014:1;S015:1;S016:2,S001:1;S004:3;S005:1;S007:2;S009:1;S012:1
E473,Piyush Kumar Pathak,R033,Deputy Secretary,General Administration Division,Managing stakeholder coordination on a General Administration Division modernisation initiative,M.Sc. Economics,15,"C127,C669,C267",S001:3;S002:2;S003:3;S004:2;S005:1;S006:3;S007:1;S008:3;S009:2;S010:2;S011:3;S012:1;S013:2;S014:1;S015:2;S016:1,S003:3;S007:1;S008:3;S011:3;S015:2;S016:1
E474,Piyush Kumar Sing,R025,Director,NSO (SSD),Handling grievance redressal and correspondence for NSO (SSD),M.Sc. Mathematics,15,"C100,C687,C684,C672",S001:3;S002:1;S003:1;S004:2;S005:2;S006:1;S007:2;S008:2;S009:1;S010:3;S011:2;S012:1;S013:3;S014:2;S015:3;S016:2,S002:1;S003:2;S004:2;S009:1;S012:1;S015:3
E475,Pooja,R027,Director,DGCI&S,Piloting a new dashboard/reporting tool for DGCI&S,M.Sc. Operations Research,18,"C116,C517,C161,C431",S001:2;S002:2;S003:1;S004:3;S005:3;S006:1;S007:2;S008:2;S009:2;S010:3;S011:2;S012:1;S013:1;S014:1;S015:2;S016:1,S001:2;S003:1;S007:2;S009:1;S014:1;S015:3
E476,Pooja Kumari,R008,Director General (CS),Office of Secretary,Handling grievance redressal and correspondence for Office of Secretary,M.Sc. Applied Statistics,35,"C769,C110,C142,C276,C167",S001:2;S002:3;S003:2;S004:2;S005:1;S006:1;S007:1;S008:2;S009:1;S010:3;S011:1;S012:3;S013:3;S014:1;S015:2;S016:3,S001:2;S003:2;S007:1;S009:1;S012:3
E477,Pooja Meena,R058,Assistant Director,DES,Conducting field verification and monitoring visits for DES,M.Sc. Mathematics,2,"C371,C501",S001:2;S002:1;S003:1;S004:1;S005:3;S006:1;S007:2;S008:1;S009:2;S010:1;S011:2;S012:2;S013:1;S014:2;S015:2;S016:2,S003:1;S004:1;S009:2;S012:2;S013:1;S014:2
E478,Pooja Rani,R028,Joint Director,NSO (PSD),Handling grievance redressal and correspondence for NSO (PSD),M.A. Economics,18,"C014,C076,C723",S001:3;S002:1;S003:1;S004:3;S005:2;S006:1;S007:1;S008:1;S009:1;S010:2;S011:2;S012:1;S013:2;S014:1;S015:3;S016:1,S001:2;S003:1;S005:2;S007:1;S008:1;S012:1;S015:3;S016:1
E479,Pooja Verma,R009,Additional Director General,NSO,Overseeing budget and resource planning for NSO for the current cycle,Ph.D. Demography,32,"C401,C622,C036,C233",S001:3;S002:3;S003:3;S004:3;S005:2;S006:2;S007:2;S008:2;S009:2;S010:3;S011:3;S012:3;S013:3;S014:1;S015:2;S016:2,S007:2;S008:3;S011:3;S014:1;S016:2
E480,Poonam,R024,Executive Director,Coconut Development Board,Reviewing SOPs and process digitisation for Coconut Development Board,M.A. Statistics,23,"C076,C326,C471",S001:3;S002:2;S003:2;S004:3;S005:1;S006:2;S007:1;S008:3;S009:2;S010:3;S011:3;S012:2;S013:3;S014:1;S015:2;S016:2,S002:2;S006:2;S007:1;S009:2;S010:3;S014:1;S016:1
E481,Poonam Singh Chauhan,R011,Additional Director General,General Administration Division,Leading survey design updates for General Administration Division's ongoing field operations,M.Sc. Mathematics,30,"C281,C362,C575,C230",S001:3;S002:3;S003:3;S004:3;S005:2;S006:3;S007:1;S008:3;S009:2;S010:3;S011:1;S012:2;S013:2;S014:2;S015:2;S016:2,S004:3;S006:3;S009:3;S015:2;S016:2
E482,Prabhat Chandra Bhaskar,R011,Additional Director General,General Administration Division,Overseeing budget and resource planning for General Administration Division for the current cycle,MBA (General Management),32,"C630,C707,C053,C449,C320",S001:3;S002:3;S003:3;S004:3;S005:3;S006:2;S007:2;S008:3;S009:2;S010:3;S011:2;S012:3;S013:3;S014:2;S015:2;S016:1,S002:3;S005:3;S006:2;S011:2;S013:3;S016:1
E483,Prabhata Das,R006,Director General (DG),General Administration Division,Reviewing SOPs and process digitisation for General Administration Division,PGDM,37,"C702,C671,C492,C752",S001:2;S002:3;S003:3;S004:3;S005:1;S006:3;S007:1;S008:3;S009:2;S010:3;S011:2;S012:3;S013:3;S014:2;S015:1;S016:3,S008:3;S009:2;S011:2;S012:3;S016:3
E484,Pradip Kumar Kisku,R037,Private Secretary,Office of Secretary,Assisting in policy note preparation for Office of Secretary,M.Sc. Mathematics,20,"C416,C247,C554,C669",S001:1;S002:2;S003:1;S004:2;S005:2;S006:2;S007:2;S008:3;S009:1;S010:3;S011:3;S012:1;S013:3;S014:2;S015:1;S016:1,S001:1;S002:2;S006:2;S011:3;S016:1
E485,Pragya Singh Naruka,R029,Joint Director,CBHI,Coordinating the Q1 data quality review for CBHI,M.Sc. Operations Research,14,"C756,C185,C646,C688",S001:3;S002:2;S003:3;S004:2;S005:2;S006:2;S007:3;S008:1;S009:3;S010:3;S011:3;S012:1;S013:2;S014:2;S015:3;S016:2,S002:2;S005:2;S009:3;S010:3;S015:3
E486,Prakash C. Lakhchaura,R005,Director General (DG),NSO,Conducting field verification and monitoring visits for NSO,M.A. Economics,34,"C728,C258,C355,C354",S001:2;S002:3;S003:2;S004:3;S005:1;S006:3;S007:1;S008:3;S009:1;S010:3;S011:1;S012:3;S013:3;S014:1;S015:1;S016:2,S001:2;S003:2;S007:2;S012:3;S013:3;S016:2
E487,Prakhar Gupta,R034,Deputy Secretary,PI Wing,Assisting in policy note preparation for PI Wing,M.Sc. Mathematics,18,"C281,C703,C411",S001:3;S002:2;S003:2;S004:1;S005:3;S006:2;S007:1;S008:1;S009:1;S010:1;S011:2;S012:2;S013:3;S014:1;S015:1;S016:1,S001:2;S007:1;S010:1;S012:2;S014:1
E488,Pramod Kumar Mallick,R042,Deputy General Manager,Coconut Development Board,Assisting in policy note preparation for Coconut Development Board,M.A. Economics,16,"C617,C388,C688,C034",S001:3;S002:2;S003:1;S004:2;S005:3;S006:2;S007:1;S008:2;S009:1;S010:1;S011:2;S012:1;S013:3;S014:1;S015:1;S016:2,S002:1;S003:1;S004:2;S010:1;S011:2;S016:2
E489,Pramod Kumar Thakur,R039,Deputy Commissioner,O/o Registrar General of India (RGI),Reviewing SOPs and process digitisation for O/o Registrar General of India (RGI),M.Sc. Economics,16,"C341,C625,C515,C229",S001:2;S002:1;S003:2;S004:3;S005:2;S006:3;S007:3;S008:1;S009:1;S010:2;S011:3;S012:2;S013:1;S014:1;S015:3;S016:1,S002:1;S003:2;S004:3;S008:1;S010:2;S016:1
E490,Pramod V Patil,R006,Director General (DG),General Administration Division,Reviewing SOPs and process digitisation for General Administration Division,M.A. Economics,33,"C147,C036,C335,C744,C345",S001:2;S002:3;S003:3;S004:3;S005:1;S006:3;S007:2;S008:3;S009:1;S010:3;S011:2;S012:3;S013:2;S014:1;S015:2;S016:1,S003:3;S004:3;S007:2;S008:3;S012:3;S013:2;S015:2;S016:1
E491,Praseeja P,R034,Deputy Secretary,PI Wing,Preparing the Q2 performance report for PI Wing,M.Sc. Economics,21,"C059,C278,C202,C655,C641",S001:2;S002:1;S003:2;S004:2;S005:1;S006:2;S007:1;S008:2;S009:2;S010:2;S011:1;S012:2;S013:2;S014:2;S015:2;S016:3,S003:2;S007:1;S010:2;S011:1;S013:2;S014:2;S016:3
E492,Prashant Nanaware,R036,Officer-on-Special Duty,MPLADS,Reviewing SOPs and process digitisation for MPLADS,M.Sc. Statistics,16,"C276,C567,C213",S001:1;S002:3;S003:3;S004:3;S005:3;S006:1;S007:1;S008:2;S009:1;S010:2;S011:1;S012:2;S013:2;S014:1;S015:2;S016:1,S007:1;S008:2;S009:1;S012:2;S013:2
E493,Prasoon Verma,R005,Director General (DG),NSO,Handling grievance redressal and correspondence for NSO,M.Sc. Economics,37,"C019,C327,C132,C239",S001:2;S002:3;S003:3;S004:3;S005:1;S006:1;S007:1;S008:3;S009:2;S010:3;S011:2;S012:3;S013:3;S014:1;S015:1;S016:1,S007:1;S008:3;S009:2;S011:2;S014:1
E494,Prasu Jain,R026,Director,NSO (ESD),Piloting a new dashboard/reporting tool for NSO (ESD),M.Sc. Applied Statistics,14,"C503,C531,C095",S001:3;S002:2;S003:1;S004:2;S005:3;S006:2;S007:2;S008:2;S009:1;S010:2;S011:2;S012:1;S013:3;S014:2;S015:3;S016:1,S002:2;S003:1;S004:2;S006:2;S009:1;S010:1;S015:3
E495,Prateek Naik,R036,Officer-on-Special Duty,MPLADS,Managing stakeholder coordination on a MPLADS modernisation initiative,M.Sc. Applied Statistics,21,"C455,C721,C098",S001:2;S002:1;S003:1;S004:2;S005:3;S006:2;S007:1;S008:2;S009:1;S010:2;S011:1;S012:1;S013:1;S014:1;S015:2;S016:2,S005:3;S007:1;S009:1;S010:3;S015:1;S016:2
E496,Pratima Gupta,R012,Joint Secretary,Office of Secretary,Leading survey design updates for Office of Secretary's ongoing field operations,PGDM,33,"C047,C388,C587,C038,C742,C603",S001:2;S002:3;S003:3;S004:3;S005:1;S006:2;S007:3;S008:2;S009:2;S010:3;S011:2;S012:3;S013:3;S014:1;S015:1;S016:1,S001:2;S002:3;S007:2;S008:2;S012:3;S016:1
E497,Praveen Shukla,R022,Statistical Advisor,Labour Bureau,Supervising staff training rollout within Labour Bureau,M.Sc. Statistics,26,"C091,C515,C605,C026",S001:2;S002:2;S003:2;S004:2;S005:2;S006:1;S007:3;S008:3;S009:3;S010:3;S011:2;S012:3;S013:2;S014:3;S015:3;S016:1,S003:2;S005:2;S007:3;S008:3;S014:2;S015:3;S016:1
E498,Preetam Sen,R032,Member Secretary,NC for SC/ST,Piloting a new dashboard/reporting tool for NC for SC/ST,M.A. Statistics,21,"C184,C645,C036",S001:3;S002:2;S003:2;S004:2;S005:2;S006:2;S007:2;S008:3;S009:1;S010:2;S011:1;S012:1;S013:3;S014:2;S015:1;S016:1,S001:3;S006:2;S007:3;S010:3;S014:2;S015:1;S016:1
E499,Preeti Tiwari,R026,Director,NSO (ESD),Coordinating the Q4 data quality review for NSO (ESD),M.Sc. Economics,19,"C408,C308,C207,C314",S001:3;S002:2;S003:2;S004:3;S005:3;S006:1;S007:1;S008:2;S009:1;S010:2;S011:1;S012:1;S013:1;S014:2;S015:3;S016:1,S003:3;S008:2;S009:1;S010:2;S013:1;S015:3
E500,Priya Devwanshi,R001,Director General,NSO,Coordinating the Q2 data quality review for NSO,Ph.D. Demography,33,"C318,C007,C583,C510,C471",S001:3;S002:3;S003:3;S004:2;S005:1;S006:2;S007:2;S008:3;S009:1;S010:3;S011:2;S012:3;S013:3;S014:1;S015:1;S016:2,S001:3;S003:3;S004:3;S006:2;S011:2;S016:2
E501,Priyanka Anjoy,R021,Statistical Advisor,DES,Leading survey design updates for DES's ongoing field operations,M.Sc. Operations Research,29,"C599,C045,C055,C697,C306,C046",S001:2;S002:3;S003:2;S004:2;S005:3;S006:1;S007:3;S008:3;S009:1;S010:3;S011:3;S012:3;S013:3;S014:2;S015:2;S016:2,S005:3;S006:1;S007:3;S009:1;S011:3;S016:3
E502,Priyanka Durgapal,R025,Director,NSO (SSD),Analysing recent data releases and drafting a brief for NSO (SSD) leadership,M.A. Economics,21,"C607,C348,C157,C306",S001:2;S002:1;S003:1;S004:2;S005:3;S006:2;S007:2;S008:1;S009:1;S010:3;S011:2;S012:1;S013:1;S014:3;S015:3;S016:1,S002:2;S003:1;S008:2;S009:1;S013:1;S014:3
E503,Priyanka Kulshreshtha,R058,Assistant Director,DES,Coordinating the Q4 data quality review for DES,M.Sc. Mathematics,4,"C423,C112,C246",S001:2;S002:1;S003:3;S004:2;S005:3;S006:1;S007:2;S008:1;S009:2;S010:1;S011:2;S012:1;S013:1;S014:2;S015:2;S016:1,S003:3;S005:3;S008:1;S009:2;S010:1;S013:1;S015:2
E504,Priyanka Nigam,R038,Private Secretary,General Administration Division,Preparing the Q2 performance report for General Administration Division,M.Sc. Operations Research,14,"C561,C557,C233,C636,C107",S001:2;S002:1;S003:1;S004:2;S005:1;S006:1;S007:1;S008:2;S009:1;S010:3;S011:2;S012:1;S013:2;S014:2;S015:1;S016:1,S001:2;S003:1;S004:2;S006:1;S007:1;S011:2;S012:1;S015:1
E505,Priyanka Pandey,R024,Executive Director,Coconut Development Board,Conducting field verification and monitoring visits for Coconut Development Board,M.A. Economics,25,"C259,C055,C150,C213",S001:1;S002:1;S003:1;S004:3;S005:1;S006:2;S007:1;S008:3;S009:3;S010:3;S011:3;S012:2;S013:2;S014:3;S015:1;S016:2,S001:1;S002:1;S006:2;S007:1;S008:3;S009:3;S011:3;S016:3
E506,Priyanka Sethi,R012,Joint Secretary,Office of Secretary,Overseeing budget and resource planning for Office of Secretary for the current cycle,M.Sc. Applied Statistics,33,"C450,C781,C630,C087",S001:2;S002:2;S003:3;S004:3;S005:1;S006:3;S007:1;S008:3;S009:2;S010:2;S011:1;S012:3;S013:2;S014:1;S015:2;S016:2,S001:2;S005:1;S007:1;S008:3;S009:2;S012:2;S013:2;S016:2
E507,Priyanka Kumari,R027,Director,DGCI&S,Assisting in policy note preparation for DGCI&S,M.Sc. Mathematics,20,"C421,C462,C079,C319",S001:3;S002:2;S003:1;S004:2;S005:2;S006:2;S007:3;S008:2;S009:1;S010:2;S011:2;S012:1;S013:2;S014:3;S015:3;S016:1,S001:3;S003:1;S007:3;S008:2;S009:1;S011:2;S012:1;S015:3
E508,Priyanka S Pant,R021,Statistical Advisor,DES,Preparing the Q1 performance report for DES,MBA (General Management),26,"C369,C207,C689",S001:3;S002:3;S003:1;S004:1;S005:3;S006:1;S007:3;S008:3;S009:2;S010:3;S011:3;S012:3;S013:3;S014:3;S015:2;S016:2,S003:1;S004:1;S011:3;S014:3;S015:2
E509,Priyanshu Kumar,R032,Member Secretary,NC for SC/ST,Conducting field verification and monitoring visits for NC for SC/ST,M.Sc. Applied Statistics,18,"C778,C752,C277,C721,C217",S001:2;S002:2;S003:2;S004:3;S005:2;S006:3;S007:3;S008:2;S009:1;S010:2;S011:2;S012:1;S013:2;S014:1;S015:1;S016:2,S001:2;S003:2;S004:2;S007:2;S009:1;S011:2;S016:2
E510,Pulkit Mishra,R055,Under Secretary,D/o Expenditure,Reviewing SOPs and process digitisation for D/o Expenditure,M.Sc. Applied Statistics,12,"C742,C754,C586",S001:1;S002:2;S003:1;S004:3;S005:2;S006:3;S007:1;S008:1;S009:1;S010:1;S011:1;S012:1;S013:2;S014:2;S015:2;S016:2,S001:1;S002:2;S006:2;S008:1;S009:1;S016:2
E511,Purnendu Kishore Banerjee,R050,Deputy Passport Officer,Regional Passport Offices,Supervising staff training rollout within Regional Passport Offices,MBA (General Management),21,"C019,C357,C462,C554,C253",S001:3;S002:3;S003:2;S004:2;S005:3;S006:2;S007:1;S008:2;S009:2;S010:2;S011:3;S012:1;S013:2;S014:1;S015:2;S016:1,S004:2;S007:2;S010:2;S011:3;S013:2
E512,Purushottam Verma,R022,Statistical Advisor,Labour Bureau,Handling grievance redressal and correspondence for Labour Bureau,M.Sc. Statistics,22,"C112,C546,C233,C308,C153,C644",S001:3;S002:1;S003:1;S004:2;S005:3;S006:2;S007:3;S008:3;S009:2;S010:3;S011:3;S012:2;S013:3;S014:3;S015:3;S016:1,S001:3;S004:2;S008:3;S009:2;S013:3;S015:3;S016:1
E513,Puspendra Singh,R029,Joint Director,CBHI,Coordinating the Q4 data quality review for CBHI,M.Sc. Operations Research,16,"C175,C350,C046",S001:3;S002:2;S003:1;S004:2;S005:3;S006:1;S007:2;S008:2;S009:3;S010:2;S011:1;S012:2;S013:2;S014:3;S015:3;S016:2,S004:2;S009:3;S011:1;S012:2;S015:3
E514,R Manohar,R058,Assistant Director,DES,Supervising staff training rollout within DES,M.Sc. Economics,0,"C741,C419,C033",S001:2;S002:1;S003:1;S004:1;S005:3;S006:2;S007:2;S008:1;S009:1;S010:2;S011:1;S012:1;S013:1;S014:3;S015:1;S016:3,S002:1;S005:3;S006:2;S008:1;S012:1;S013:1;S015:1;S016:3
E515,R Rajesh,R045,Manager (M&E),NITI Aayog (DMEO),Conducting field verification and monitoring visits for NITI Aayog (DMEO),M.Sc. Applied Statistics,20,"C731,C098,C531",S001:3;S002:2;S003:1;S004:3;S005:3;S006:1;S007:2;S008:2;S009:1;S010:3;S011:2;S012:1;S013:3;S014:3;S015:3;S016:1,S006:1;S009:2;S010:3;S011:2;S013:3;S016:1
E516,R C Gautam (Potpose),R027,Director,DGCI&S,Piloting a new dashboard/reporting tool for DGCI&S,M.Sc. Applied Statistics,14,"C376,C072,C653,C360",S001:3;S002:2;S003:1;S004:2;S005:3;S006:1;S007:2;S008:2;S009:1;S010:2;S011:2;S012:1;S013:1;S014:1;S015:2;S016:1,S002:1;S003:1;S004:2;S005:3;S009:1;S012:1
E517,R G Vijay,R047,Executive Officer (Census),O/o Registrar General of India (RGI),Coordinating the Q4 data quality review for O/o Registrar General of India (RGI),M.Sc. Operations Research,15,"C076,C422,C407",S001:3;S002:1;S003:2;S004:1;S005:3;S006:2;S007:1;S008:2;S009:2;S010:2;S011:3;S012:1;S013:3;S014:2;S015:3;S016:2,S001:3;S004:1;S006:2;S007:1;S008:2;S012:2;S016:2
E518,R K Mahida,R049,Deputy Passport Officer,Central Passport Organisation,Conducting field verification and monitoring visits for Central Passport Organisation,M.A. Economics,21,"C710,C050,C237",S001:2;S002:2;S003:1;S004:3;S005:2;S006:2;S007:1;S008:1;S009:1;S010:2;S011:2;S012:2;S013:2;S014:1;S015:2;S016:1,S002:3;S004:3;S007:1;S010:2;S015:2;S016:1
E519,R N Soreithem,R043,Senior Manager,TRIFED,Overseeing budget and resource planning for TRIFED for the current cycle,M.A. Statistics,19,"C464,C625,C731,C621",S001:1;S002:1;S003:1;S004:3;S005:2;S006:1;S007:1;S008:3;S009:1;S010:3;S011:3;S012:1;S013:2;S014:1;S015:1;S016:3,S001:1;S003:1;S005:2;S006:1;S009:1;S010:3;S012:1
E520,R P Likhar,R006,Director General (DG),General Administration Division,Preparing the Q2 performance report for General Administration Division,M.Sc. Economics,32,"C478,C475,C254,C671,C116,C551",S001:2;S002:3;S003:3;S004:2;S005:1;S006:3;S007:2;S008:3;S009:2;S010:3;S011:3;S012:3;S013:3;S014:1;S015:2;S016:1,S005:1;S008:3;S009:2;S014:1;S016:1
E521,R S Verma,R008,Director General (CS),Office of Secretary,Handling grievance redressal and correspondence for Office of Secretary,M.Sc. Economics,34,"C372,C069,C015,C004,C487",S001:3;S002:3;S003:2;S004:2;S005:1;S006:1;S007:3;S008:3;S009:2;S010:3;S011:2;S012:2;S013:3;S014:1;S015:2;S016:1,S003:1;S005:1;S006:1;S008:3;S011:2;S014:1;S016:1
E522,R. Chinnaswamy,R056,Assistant Director,NSO (FOD),Conducting field verification and monitoring visits for NSO (FOD),M.Sc. Applied Statistics,0,"C218,C645",S001:2;S002:1;S003:1;S004:1;S005:3;S006:1;S007:3;S008:1;S009:3;S010:1;S011:2;S012:1;S013:2;S014:3;S015:1;S016:2,S003:1;S005:3;S007:3;S012:1;S014:2
E523,R. Vijayanirmala,R001,Director General,NSO,Handling grievance redressal and correspondence for NSO,MBA (Public Policy),35,"C288,C157,C515,C319,C668",S001:1;S002:3;S003:2;S004:3;S005:1;S006:2;S007:3;S008:3;S009:2;S010:3;S011:1;S012:3;S013:3;S014:1;S015:2;S016:2,S003:2;S006:2;S010:3;S011:1;S014:1;S015:2;S016:1
E524,R. P.S. Rathore,R006,Director General (DG),General Administration Division,Conducting field verification and monitoring visits for General Administration Division,MBA (General Management),38,"C784,C306,C777,C227,C073",S001:2;S002:3;S003:3;S004:3;S005:1;S006:3;S007:1;S008:2;S009:2;S010:3;S011:2;S012:3;S013:3;S014:2;S015:1;S016:2,S007:1;S009:2;S010:3;S011:2;S014:1;S015:1;S016:2
E525,R. Y. Narnaware,R040,Deputy Commissioner,Municipal Corporation of Delhi (MCD),Piloting a new dashboard/reporting tool for Municipal Corporation of Delhi (MCD),M.Sc. Mathematics,17,"C760,C671,C105",S001:2;S002:2;S003:2;S004:2;S005:2;S006:3;S007:2;S008:2;S009:1;S010:1;S011:1;S012:2;S013:2;S014:1;S015:3;S016:1,S006:3;S007:2;S009:1;S011:1;S015:3;S016:1
E526,Rachna Singh,R035,Officer-on-Special Duty,Office of Secretary,Managing stakeholder coordination on a Office of Secretary modernisation initiative,M.Sc. Statistics,17,"C016,C761,C212",S001:2;S002:1;S003:1;S004:1;S005:2;S006:3;S007:3;S008:2;S009:1;S010:2;S011:2;S012:2;S013:1;S014:1;S015:1;S016:1,S001:2;S007:3;S008:2;S009:1;S015:2
E527,Radha R Ashrit,R023,Executive Director,NSSTA,Piloting a new dashboard/reporting tool for NSSTA,M.Sc. Economics,28,"C302,C149,C150,C036",S001:1;S002:2;S003:2;S004:2;S005:1;S006:2;S007:1;S008:2;S009:2;S010:3;S011:3;S012:3;S013:3;S014:2;S015:1;S016:1,S003:2;S004:2;S011:3;S015:1;S016:1
E528,Raghvendra Pandey,R011,Additional Director General,General Administration Division,Handling grievance redressal and correspondence for General Administration Division,Ph.D. Demography,29,"C006,C182,C648,C276,C613",S001:3;S002:3;S003:2;S004:3;S005:3;S006:2;S007:2;S008:3;S009:3;S010:3;S011:2;S012:3;S013:3;S014:3;S015:1;S016:2,S002:3;S005:3;S006:1;S007:2;S010:3;S014:3;S016:2
E529,Rahul Sharma,R056,Assistant Director,NSO (FOD),Supervising staff training rollout within NSO (FOD),M.Sc. Mathematics,2,"C174,C672,C428",S001:2;S002:1;S003:3;S004:1;S005:3;S006:1;S007:2;S008:1;S009:1;S010:1;S011:1;S012:2;S013:1;S014:2;S015:2;S016:1,S004:1;S005:3;S006:1;S007:2;S015:2;S016:1
E530,Rahul Singh,R053,Deputy Director,DES,Supervising staff training rollout within DES,M.A. Statistics,13,"C760,C245,C306",S001:2;S002:2;S003:2;S004:1;S005:3;S006:1;S007:1;S008:1;S009:1;S010:1;S011:1;S012:1;S013:2;S014:3;S015:2;S016:2,S002:2;S003:3;S005:2;S006:1;S008:1;S012:1
E531,Rahul Kumar,R019,Vice Chairman,Office of Secretary,Coordinating the Q1 data quality review for Office of Secretary,M.Sc. Operations Research,28,"C580,C664,C459,C522,C671",S001:3;S002:1;S003:2;S004:3;S005:1;S006:1;S007:1;S008:3;S009:2;S010:3;S011:3;S012:3;S013:2;S014:1;S015:2;S016:1,S002:2;S004:3;S011:3;S015:2;S016:1
E532,Rahul Kumar Bagaria,R042,Deputy General Manager,Coconut Development Board,Analysing recent data releases and drafting a brief for Coconut Development Board leadership,PGDM,15,"C663,C542,C632,C347,C107",S001:2;S002:3;S003:1;S004:2;S005:2;S006:1;S007:1;S008:1;S009:1;S010:2;S011:1;S012:2;S013:2;S014:1;S015:1;S016:1,S001:2;S002:3;S003:1;S005:2;S007:1;S013:2;S015:1
E533,Rahul kumar Gupta,R016,Deputy Director General,NSO (NAD),Handling grievance redressal and correspondence for NSO (NAD),MBA (General Management),26,"C079,C671,C069",S001:3;S002:3;S003:3;S004:3;S005:2;S006:1;S007:3;S008:3;S009:2;S010:3;S011:3;S012:3;S013:1;S014:3;S015:2;S016:2,S001:3;S002:3;S003:3;S005:2;S009:2;S012:3;S014:2;S015:1
E534,Rahul Kumar Patel,R021,Statistical Advisor,DES,Handling grievance redressal and correspondence for DES,MBA (Public Policy),25,"C268,C609,C232,C661,C053,C113",S001:2;S002:3;S003:2;S004:1;S005:3;S006:1;S007:2;S008:3;S009:1;S010:3;S011:2;S012:3;S013:3;S014:3;S015:1;S016:2,S003:2;S004:1;S006:1;S007:2;S010:3;S013:3;S016:2
E535,Raj Kumar Gautam,R057,Assistant Director,NSO (DIID),Coordinating the Q4 data quality review for NSO (DIID),M.Tech Computer Science,3,"C429,C130,C709",S001:1;S002:1;S003:1;S004:1;S005:2;S006:1;S007:3;S008:1;S009:1;S010:2;S011:1;S012:1;S013:1;S014:2;S015:2;S016:1,S003:1;S004:1;S007:3;S008:1;S009:1;S014:2
E536,Raj Kumar Mishra,R032,Member Secretary,NC for SC/ST,Handling grievance redressal and correspondence for NC for SC/ST,M.A. Statistics,15,"C318,C390,C423,C568,C462",S001:2;S002:3;S003:2;S004:3;S005:1;S006:1;S007:3;S008:2;S009:1;S010:2;S011:3;S012:2;S013:1;S014:1;S015:1;S016:2,S002:3;S003:3;S007:3;S009:1;S012:1;S014:2;S015:2;S016:2
E537,Rajagopal Krishnan,R007,Director General (CS),Central Statistics Office wing (NSO),Preparing the Q3 performance report for Central Statistics Office wing (NSO),M.Sc. Applied Statistics,32,"C777,C567,C630,C490",S001:3;S002:3;S003:2;S004:3;S005:1;S006:1;S007:2;S008:3;S009:1;S010:3;S011:3;S012:3;S013:3;S014:1;S015:2;S016:2,S001:3;S005:2;S006:1;S009:1;S010:3;S011:3;S015:2
E538,Rajasekhar Pilli,R004,Director General (NSS),NSSTA,Leading survey design updates for NSSTA's ongoing field operations,M.Sc. Economics,38,"C032,C347,C210,C742,C302",S001:3;S002:3;S003:1;S004:2;S005:1;S006:2;S007:1;S008:3;S009:1;S010:3;S011:2;S012:3;S013:3;S014:1;S015:3;S016:2,S002:2;S004:2;S005:1;S007:1;S009:1;S014:1;S016:2
E539,Rajat,R056,Assistant Director,NSO (FOD),Preparing the Q1 performance report for NSO (FOD),M.Sc. Statistics,5,"C025,C446",S001:2;S002:1;S003:3;S004:1;S005:3;S006:1;S007:3;S008:1;S009:1;S010:1;S011:1;S012:1;S013:1;S014:2;S015:2;S016:1,S001:2;S005:3;S008:2;S009:1;S010:1;S013:1;S014:2;S016:1
E540,Rajeev Kumar,R010,Additional Director General,AI & Big Data Unit,Preparing the Q4 performance report for AI & Big Data Unit,M.Sc. Mathematics,31,"C070,C765,C396,C076",S001:3;S002:3;S003:3;S004:3;S005:2;S006:1;S007:2;S008:2;S009:3;S010:3;S011:2;S012:2;S013:3;S014:1;S015:2;S016:2,S005:2;S007:1;S008:2;S013:3;S014:1;S016:2
E541,Rajeev Kumar Jha,R031,Member Secretary,Central Information Commission,Coordinating the Q3 data quality review for Central Information Commission,M.Sc. Operations Research,16,"C764,C076,C492",S001:2;S002:2;S003:2;S004:3;S005:2;S006:1;S007:1;S008:2;S009:1;S010:3;S011:3;S012:1;S013:3;S014:1;S015:1;S016:1,S001:2;S004:3;S007:1;S009:1;S013:3
E542,Rajesh Kumar,R019,Vice Chairman,Office of Secretary,Preparing the Q4 performance report for Office of Secretary,M.A. Statistics,25,"C022,C055,C076,C304",S001:2;S002:2;S003:2;S004:3;S005:2;S006:1;S007:1;S008:3;S009:1;S010:3;S011:3;S012:3;S013:3;S014:2;S015:1;S016:1,S001:2;S003:2;S004:3;S006:1;S007:1
E543,Rajesh Kumar,R047,Executive Officer (Census),O/o Registrar General of India (RGI),Leading survey design updates for O/o Registrar General of India (RGI)'s ongoing field operations,M.Sc. Applied Statistics,19,"C606,C357,C251",S001:2;S002:2;S003:2;S004:2;S005:3;S006:1;S007:2;S008:1;S009:1;S010:2;S011:1;S012:1;S013:3;S014:2;S015:3;S016:1,S006:2;S009:1;S012:1;S013:3;S016:1
E544,Rajesh Kumar Sharma,R058,Assistant Director,DES,Supervising staff training rollout within DES,M.Sc. Operations Research,2,"C094,C446",S001:2;S002:1;S003:2;S004:1;S005:2;S006:1;S007:2;S008:1;S009:2;S010:1;S011:2;S012:1;S013:1;S014:2;S015:1;S016:1,S002:1;S005:2;S006:1;S010:1;S011:2;S013:1;S014:1;S016:1
E545,Rajiv Priyadarshi,R015,Deputy Director General,NSO (FOD),Leading survey design updates for NSO (FOD)'s ongoing field operations,PGDM,27,"C077,C277,C149,C515",S001:2;S002:2;S003:2;S004:1;S005:3;S006:1;S007:3;S008:3;S009:1;S010:3;S011:3;S012:1;S013:3;S014:3;S015:2;S016:3,S003:2;S004:1;S005:3;S006:1;S012:1;S016:3
E546,Rajnesh Mathur,R007,Director General (CS),Central Statistics Office wing (NSO),Supervising staff training rollout within Central Statistics Office wing (NSO),Ph.D. Statistics,37,"C482,C667,C384,C545,C733",S001:2;S002:3;S003:1;S004:2;S005:2;S006:2;S007:1;S008:3;S009:2;S010:3;S011:3;S012:2;S013:3;S014:1;S015:3;S016:2,S003:1;S005:2;S008:3;S009:2;S015:2
E547,Rakesh Kumar,R039,Deputy Commissioner,O/o Registrar General of India (RGI),Supervising staff training rollout within O/o Registrar General of India (RGI),M.Sc. Mathematics,21,"C707,C384,C429,C411",S001:3;S002:2;S003:2;S004:2;S005:2;S006:2;S007:2;S008:1;S009:1;S010:3;S011:2;S012:1;S013:1;S014:1;S015:3;S016:1,S003:1;S006:2;S007:2;S010:3;S012:1;S015:3;S016:1
E548,Rakesh Kumar,R044,Senior Manager,Coconut Development Board,Conducting field verification and monitoring visits for Coconut Development Board,M.Sc. Mathematics,16,"C309,C520,C258,C721,C683",S001:3;S002:3;S003:1;S004:2;S005:2;S006:2;S007:2;S008:3;S009:1;S010:3;S011:2;S012:1;S013:2;S014:2;S015:2;S016:2,S001:3;S006:3;S007:1;S008:3;S011:2;S012:2;S016:2
E549,Rakesh Saren,R053,Deputy Director,DES,Conducting field verification and monitoring visits for DES,M.Sc. Economics,9,"C657,C065,C314,C357",S001:1;S002:3;S003:1;S004:1;S005:3;S006:1;S007:2;S008:1;S009:1;S010:2;S011:2;S012:1;S013:1;S014:1;S015:3;S016:2,S001:1;S006:1;S007:2;S012:1;S013:1;S015:3;S016:2
E550,Rakesh Sharma,R051,Deputy Director,NSO (HSD),Conducting field verification and monitoring visits for NSO (HSD),M.A. Economics,13,"C237,C097,C736",S001:2;S002:3;S003:1;S004:1;S005:3;S006:2;S007:3;S008:1;S009:1;S010:2;S011:2;S012:1;S013:2;S014:1;S015:3;S016:1,S001:3;S002:3;S003:1;S005:3;S008:1;S013:2;S016:1
E551,Rakesh Kumar Maurya,R039,Deputy Commissioner,O/o Registrar General of India (RGI),Conducting field verification and monitoring visits for O/o Registrar General of India (RGI),PGDM,14,"C076,C672,C071,C267",S001:2;S002:2;S003:1;S004:2;S005:3;S006:2;S007:2;S008:3;S009:1;S010:2;S011:1;S012:1;S013:1;S014:1;S015:3;S016:1,S001:3;S002:2;S010:2;S011:1;S016:1
E552,Ram Pratap,R037,Private Secretary,Office of Secretary,Preparing the Q4 performance report for Office of Secretary,M.Sc. Statistics,14,"C126,C477,C617,C706,C744",S001:2;S002:2;S003:1;S004:1;S005:1;S006:1;S007:2;S008:2;S009:2;S010:3;S011:1;S012:1;S013:2;S014:2;S015:1;S016:1,S003:1;S004:1;S005:1;S007:2;S010:3;S014:2;S015:2
E553,Ram Sajeevan,R044,Senior Manager,Coconut Development Board,Conducting field verification and monitoring visits for Coconut Development Board,M.Sc. Applied Statistics,15,"C296,C289,C437,C219,C431",S001:2;S002:2;S003:2;S004:1;S005:1;S006:1;S007:1;S008:2;S009:2;S010:2;S011:2;S012:1;S013:2;S014:2;S015:2;S016:1,S001:2;S005:1;S007:2;S009:3;S014:2;S015:2
E554,Ram Niwas Meena,R005,Director General (DG),NSO,Coordinating the Q2 data quality review for NSO,M.Sc. Economics,34,"C327,C560,C139,C515,C402",S001:1;S002:3;S003:3;S004:2;S005:2;S006:2;S007:1;S008:3;S009:3;S010:3;S011:2;S012:3;S013:3;S014:2;S015:2;S016:1,S003:2;S006:1;S007:1;S009:2;S015:2;S016:1
E555,Ramachandra Gubbala Rao,R024,Executive Director,Coconut Development Board,Assisting in policy note preparation for Coconut Development Board,M.A. Economics,25,"C711,C715,C746,C533,C524",S001:3;S002:1;S003:3;S004:3;S005:2;S006:1;S007:1;S008:3;S009:2;S010:3;S011:3;S012:3;S013:2;S014:2;S015:1;S016:2,S003:3;S006:1;S013:3;S015:1;S016:2
E556,Ramesh Singh,R045,Manager (M&E),NITI Aayog (DMEO),Leading survey design updates for NITI Aayog (DMEO)'s ongoing field operations,M.Sc. Operations Research,17,"C015,C784,C275,C697",S001:3;S002:2;S003:1;S004:2;S005:3;S006:1;S007:2;S008:3;S009:1;S010:1;S011:3;S012:1;S013:2;S014:1;S015:3;S016:2,S001:3;S003:1;S011:3;S014:1;S015:3
E557,Ramnivas Ranwa,R042,Deputy General Manager,Coconut Development Board,Supervising staff training rollout within Coconut Development Board,M.Sc. Operations Research,19,"C589,C764,C343,C597",S001:1;S002:2;S003:1;S004:1;S005:2;S006:1;S007:1;S008:3;S009:1;S010:3;S011:2;S012:2;S013:3;S014:1;S015:1;S016:2,S001:1;S002:2;S004:1;S005:2;S007:1;S011:3;S016:2
E558,Ranabir De,R050,Deputy Passport Officer,Regional Passport Offices,Coordinating the Q2 data quality review for Regional Passport Offices,M.Sc. Statistics,21,"C424,C591,C040",S001:1;S002:2;S003:2;S004:1;S005:1;S006:1;S007:2;S008:2;S009:2;S010:2;S011:1;S012:2;S013:1;S014:1;S015:1;S016:2,S004:1;S006:1;S007:2;S008:2;S012:2;S013:1;S014:1;S016:2
E559,Ranga Sreenivasulu,R017,Deputy Director General,DES,Piloting a new dashboard/reporting tool for DES,M.Sc. Operations Research,22,"C591,C719,C261,C233",S001:3;S002:3;S003:2;S004:2;S005:2;S006:1;S007:3;S008:3;S009:2;S010:3;S011:2;S012:2;S013:2;S014:3;S015:1;S016:1,S006:1;S007:3;S009:2;S010:3;S012:2;S016:1
E560,Rangoli Pathak,R023,Executive Director,NSSTA,Supervising staff training rollout within NSSTA,M.A. Statistics,23,"C469,C592,C663",S001:3;S002:2;S003:2;S004:2;S005:2;S006:3;S007:2;S008:2;S009:2;S010:3;S011:3;S012:2;S013:2;S014:3;S015:1;S016:1,S004:2;S007:2;S008:2;S010:3;S015:2
E561,Ranjana Saini,R045,Manager (M&E),NITI Aayog (DMEO),Preparing the Q2 performance report for NITI Aayog (DMEO),M.A. Statistics,16,"C495,C483,C486,C377",S001:3;S002:2;S003:1;S004:2;S005:3;S006:1;S007:3;S008:3;S009:1;S010:1;S011:3;S012:1;S013:3;S014:2;S015:3;S016:1,S002:2;S003:1;S005:3;S007:3;S009:1;S011:3;S012:1
E562,Ranjit Kumar Tiwari,R012,Joint Secretary,Office of Secretary,Conducting field verification and monitoring visits for Office of Secretary,Ph.D. Demography,28,"C316,C075,C765,C084,C033",S001:2;S002:2;S003:3;S004:3;S005:1;S006:2;S007:3;S008:2;S009:3;S010:3;S011:1;S012:3;S013:3;S014:1;S015:2;S016:2,S003:3;S005:1;S007:3;S011:1;S014:1;S015:1;S016:2
E563,Ratna Chowdhury,R038,Private Secretary,General Administration Division,Piloting a new dashboard/reporting tool for General Administration Division,PGDM,16,"C328,C580,C575,C043,C205",S001:2;S002:1;S003:2;S004:2;S005:1;S006:1;S007:1;S008:1;S009:1;S010:3;S011:2;S012:1;S013:1;S014:1;S015:2;S016:1,S004:2;S006:2;S010:3;S015:2;S016:1
E564,Raushan Kumar Choudhary,R046,Manager (M&E),MPLADS,Conducting field verification and monitoring visits for MPLADS,M.Sc. Operations Research,14,"C312,C754,C741,C439,C343",S001:3;S002:3;S003:2;S004:3;S005:3;S006:1;S007:2;S008:2;S009:1;S010:2;S011:2;S012:1;S013:2;S014:2;S015:3;S016:2,S005:3;S007:2;S008:2;S009:1;S011:2;S013:2;S015:3;S016:2
E565,Ravi Bhushan,R022,Statistical Advisor,Labour Bureau,Analysing recent data releases and drafting a brief for Labour Bureau leadership,M.A. Economics,24,"C175,C581,C036,C272,C351",S001:3;S002:3;S003:1;S004:1;S005:3;S006:1;S007:3;S008:3;S009:2;S010:3;S011:3;S012:2;S013:2;S014:3;S015:2;S016:1,S001:3;S004:1;S007:3;S009:1;S014:3;S015:2;S016:1
E566,Ravi Meena,R035,Officer-on-Special Duty,Office of Secretary,Overseeing budget and resource planning for Office of Secretary for the current cycle,M.Sc. Economics,14,"C342,C687,C375,C294,C016",S001:2;S002:3;S003:1;S004:1;S005:2;S006:2;S007:1;S008:2;S009:1;S010:2;S011:2;S012:1;S013:2;S014:2;S015:1;S016:1,S002:3;S003:1;S007:1;S009:1;S011:2;S016:1
E567,Ravi Shankar Maurya,R053,Deputy Director,DES,Coordinating the Q3 data quality review for DES,M.A. Statistics,8,"C462,C413",S001:1;S002:2;S003:1;S004:1;S005:3;S006:1;S007:1;S008:1;S009:1;S010:1;S011:1;S012:1;S013:1;S014:2;S015:2;S016:1,S001:1;S002:2;S006:1;S007:1;S010:1;S014:3;S015:2;S016:1
E568,Ravi Shankar Verma,R030,Joint Director,Labour Bureau,Preparing the Q1 performance report for Labour Bureau,M.Sc. Applied Statistics,14,"C280,C318,C510,C225",S001:3;S002:1;S003:2;S004:3;S005:3;S006:2;S007:2;S008:2;S009:2;S010:3;S011:1;S012:1;S013:3;S014:1;S015:3;S016:1,S003:2;S008:2;S010:3;S011:1;S013:3;S016:1
E569,Ravinder Kumar,R001,Director General,NSO,Leading survey design updates for NSO's ongoing field operations,Ph.D. Demography,32,"C429,C076,C326,C519,C062,C351",S001:2;S002:3;S003:3;S004:2;S005:1;S006:2;S007:2;S008:3;S009:1;S010:3;S011:2;S012:3;S013:2;S014:2;S015:1;S016:2,S004:2;S007:2;S010:2;S014:2;S016:2
E570,Reena Nagar,R058,Assistant Director,DES,Managing stakeholder coordination on a DES modernisation initiative,M.Sc. Operations Research,1,"C688,C536,C214",S001:2;S002:1;S003:1;S004:1;S005:3;S006:1;S007:1;S008:1;S009:2;S010:1;S011:1;S012:1;S013:1;S014:2;S015:3;S016:2,S003:1;S004:1;S009:2;S011:2;S012:1;S013:1;S014:2
E571,Reena Singh,R013,Joint Secretary,D/o Economic Affairs,Piloting a new dashboard/reporting tool for D/o Economic Affairs,M.A. Economics,30,"C040,C155,C665,C095,C739",S001:2;S002:3;S003:2;S004:2;S005:1;S006:2;S007:2;S008:3;S009:2;S010:3;S011:2;S012:3;S013:3;S014:1;S015:2;S016:2,S001:1;S004:2;S005:2;S015:2;S016:2
E572,Reeta Yadav,R048,Deputy Director (Admn),General Administration Division,Conducting field verification and monitoring visits for General Administration Division,MBA (General Management),21,"C186,C357,C064,C643,C377",S001:2;S002:2;S003:2;S004:2;S005:2;S006:2;S007:1;S008:2;S009:1;S010:2;S011:2;S012:1;S013:2;S014:1;S015:1;S016:1,S001:2;S002:2;S007:1;S010:3;S013:1;S015:1;S016:2
E573,Reetika Sahai,R057,Assistant Director,NSO (DIID),Assisting in policy note preparation for NSO (DIID),M.Sc. Data Science,2,"C721,C141,C603",S001:2;S002:1;S003:1;S004:1;S005:3;S006:2;S007:2;S008:1;S009:3;S010:1;S011:1;S012:1;S013:1;S014:2;S015:2;S016:1,S001:2;S003:1;S004:1;S008:1;S015:2
E574,Remya P.,R017,Deputy Director General,DES,Managing stakeholder coordination on a DES modernisation initiative,M.A. Statistics,29,"C118,C245,C203,C513,C015",S001:3;S002:2;S003:2;S004:2;S005:3;S006:2;S007:3;S008:3;S009:1;S010:2;S011:3;S012:2;S013:3;S014:3;S015:2;S016:1,S004:2;S005:3;S008:3;S009:2;S015:2;S016:1
E575,Renu Shekhawat,R037,Private Secretary,Office of Secretary,Leading survey design updates for Office of Secretary's ongoing field operations,M.Sc. Applied Statistics,14,"C561,C341,C142,C058,C615",S001:2;S002:1;S003:2;S004:2;S005:3;S006:1;S007:3;S008:2;S009:2;S010:3;S011:1;S012:1;S013:2;S014:1;S015:2;S016:1,S002:1;S003:2;S004:2;S006:1;S009:2;S010:3;S014:1
E576,Renu Verma,R052,Deputy Director,NSO (EnSD),Piloting a new dashboard/reporting tool for NSO (EnSD),M.Sc. Applied Statistics,11,"C589,C556,C249,C024",S001:2;S002:2;S003:3;S004:1;S005:3;S006:1;S007:2;S008:2;S009:1;S010:1;S011:1;S012:1;S013:2;S014:3;S015:2;S016:1,S001:3;S002:2;S004:2;S005:2;S009:1;S011:1;S013:1;S016:1
E577,Reshmi K V,R046,Manager (M&E),MPLADS,Handling grievance redressal and correspondence for MPLADS,PGDM,14,"C060,C318,C537,C374,C757",S001:3;S002:2;S003:2;S004:2;S005:3;S006:1;S007:3;S008:2;S009:1;S010:2;S011:2;S012:2;S013:1;S014:2;S015:2;S016:1,S003:2;S007:2;S008:2;S011:2;S015:2;S016:1
E578,Richa Shanker,R013,Joint Secretary,D/o Economic Affairs,Supervising staff training rollout within D/o Economic Affairs,M.Sc. Operations Research,33,"C217,C575,C184,C645,C106",S001:3;S002:3;S003:3;S004:3;S005:1;S006:1;S007:1;S008:3;S009:3;S010:3;S011:3;S012:3;S013:3;S014:1;S015:1;S016:3,S001:2;S004:3;S007:1;S009:3;S012:3
E579,Richy Rachel Mathew,R019,Vice Chairman,Office of Secretary,Supervising staff training rollout within Office of Secretary,M.Sc. Operations Research,25,"C359,C292,C664,C355,C036,C569",S001:2;S002:3;S003:2;S004:3;S005:2;S006:2;S007:2;S008:3;S009:2;S010:3;S011:3;S012:2;S013:1;S014:3;S015:1;S016:2,S002:3;S005:2;S006:2;S007:2;S009:3;S016:2
E580,Rinki Gupta,R008,Director General (CS),Office of Secretary,Coordinating the Q1 data quality review for Office of Secretary,M.Sc. Applied Statistics,32,"C517,C601,C636,C256,C255,C438",S001:2;S002:3;S003:2;S004:2;S005:1;S006:1;S007:1;S008:3;S009:2;S010:3;S011:2;S012:3;S013:3;S014:1;S015:2;S016:2,S001:2;S005:1;S011:2;S014:1;S016:2
E581,Rishabh Singh Shyam,R002,Director General,Office of Secretary,Analysing recent data releases and drafting a brief for Office of Secretary leadership,M.Sc. Applied Statistics,33,"C654,C226,C630,C217",S001:1;S002:3;S003:3;S004:2;S005:1;S006:2;S007:3;S008:3;S009:1;S010:3;S011:3;S012:3;S013:3;S014:2;S015:1;S016:3,S001:1;S002:3;S005:1;S006:2;S007:3;S016:3
E582,Ritesh Patel,R042,Deputy General Manager,Coconut Development Board,Preparing the Q3 performance report for Coconut Development Board,M.Sc. Statistics,18,"C435,C754,C008",S001:2;S002:2;S003:1;S004:3;S005:1;S006:1;S007:1;S008:2;S009:3;S010:2;S011:2;S012:1;S013:2;S014:1;S015:1;S016:1,S001:2;S002:2;S005:1;S007:1;S009:3;S011:2;S015:1
E583,Ritu,R004,Director General (NSS),NSSTA,Coordinating the Q2 data quality review for NSSTA,M.Sc. Statistics,35,"C687,C425,C353,C213,C293",S001:2;S002:3;S003:2;S004:1;S005:1;S006:2;S007:2;S008:3;S009:1;S010:3;S011:2;S012:3;S013:3;S014:1;S015:2;S016:2,S003:3;S004:1;S005:1;S006:2;S009:2;S013:3;S014:1
E584,Ritu Singh,R048,Deputy Director (Admn),General Administration Division,Managing stakeholder coordination on a General Administration Division modernisation initiative,M.Sc. Applied Statistics,17,"C662,C413,C472,C569,C281",S001:2;S002:2;S003:2;S004:2;S005:2;S006:2;S007:2;S008:1;S009:2;S010:3;S011:2;S012:1;S013:2;S014:1;S015:2;S016:1,S003:2;S006:2;S007:2;S010:3;S012:1;S013:2;S014:1;S016:1
E585,Riya,R042,Deputy General Manager,Coconut Development Board,Analysing recent data releases and drafting a brief for Coconut Development Board leadership,M.Sc. Applied Statistics,19,"C100,C310,C538",S001:3;S002:2;S003:1;S004:2;S005:3;S006:1;S007:1;S008:2;S009:1;S010:3;S011:3;S012:1;S013:2;S014:1;S015:1;S016:3,S003:1;S006:1;S012:1;S013:3;S015:1;S016:3
E586,Rohit Bhardwaj,R034,Deputy Secretary,PI Wing,Piloting a new dashboard/reporting tool for PI Wing,MBA (General Management),21,"C115,C366,C425,C587,C485",S001:3;S002:2;S003:2;S004:1;S005:2;S006:2;S007:1;S008:3;S009:1;S010:2;S011:2;S012:1;S013:3;S014:1;S015:1;S016:2,S006:2;S007:2;S008:3;S010:2;S011:2;S012:1;S014:1;S016:2
E587,Rohit Maurya,R006,Director General (DG),General Administration Division,Conducting field verification and monitoring visits for General Administration Division,M.A. Economics,38,"C587,C607,C083,C471",S001:3;S002:3;S003:3;S004:3;S005:1;S006:1;S007:1;S008:2;S009:3;S010:3;S011:3;S012:2;S013:3;S014:2;S015:1;S016:3,S004:3;S007:1;S008:3;S010:3;S011:3;S013:3;S016:3
E588,Rohit Naagar,R020,Statistical Advisor,O/o Economic Adviser,Coordinating the Q3 data quality review for O/o Economic Adviser,M.A. Economics,23,"C549,C378,C167,C514,C394",S001:3;S002:2;S003:1;S004:2;S005:2;S006:1;S007:3;S008:3;S009:1;S010:3;S011:3;S012:3;S013:2;S014:3;S015:1;S016:1,S001:3;S003:1;S010:3;S014:3;S015:1
E589,Rohit Kumar Sudhansu,R058,Assistant Director,DES,Analysing recent data releases and drafting a brief for DES leadership,M.A. Economics,3,"C622,C357,C511",S001:2;S002:1;S003:2;S004:1;S005:3;S006:1;S007:2;S008:2;S009:3;S010:2;S011:1;S012:1;S013:1;S014:3;S015:3;S016:2,S005:3;S008:2;S009:3;S011:1;S013:1
E590,Rony Jose Kokkad,R047,Executive Officer (Census),O/o Registrar General of India (RGI),Reviewing SOPs and process digitisation for O/o Registrar General of India (RGI),M.Sc. Statistics,21,"C504,C592,C443",S001:3;S002:2;S003:2;S004:1;S005:2;S006:2;S007:2;S008:1;S009:1;S010:1;S011:2;S012:2;S013:2;S014:1;S015:3;S016:2,S006:2;S007:2;S009:1;S012:2;S015:3;S016:2
E591,Roop Singh Rajpurohit,R015,Deputy Director General,NSO (FOD),Supervising staff training rollout within NSO (FOD),M.A. Economics,28,"C481,C503,C705,C034,C714,C763",S001:3;S002:3;S003:1;S004:3;S005:3;S006:1;S007:2;S008:3;S009:3;S010:3;S011:2;S012:2;S013:2;S014:3;S015:1;S016:1,S005:3;S006:1;S009:3;S010:3;S014:3;S016:1
E592,Roshan Lal Meena,R059,Assistant Director (Probationer),NSO (RAU),Analysing recent data releases and drafting a brief for NSO (RAU) leadership,M.Sc. Applied Statistics,2,"C708,C018",S001:2;S002:1;S003:1;S004:1;S005:3;S006:1;S007:2;S008:1;S009:1;S010:1;S011:1;S012:1;S013:1;S014:2;S015:1;S016:1,S001:2;S006:1;S007:2;S008:2;S009:1;S011:1
E593,Roshan Lal Sahu,R011,Additional Director General,General Administration Division,Supervising staff training rollout within General Administration Division,M.A. Economics,31,"C778,C476,C429,C770,C526",S001:2;S002:3;S003:3;S004:2;S005:2;S006:2;S007:1;S008:3;S009:2;S010:3;S011:2;S012:3;S013:3;S014:2;S015:3;S016:1,S002:2;S004:3;S005:2;S008:3;S012:3;S013:2;S016:2
E594,Ruchi Mishra,R035,Officer-on-Special Duty,Office of Secretary,Piloting a new dashboard/reporting tool for Office of Secretary,M.Sc. Applied Statistics,19,"C670,C067,C674,C721",S001:2;S002:2;S003:2;S004:3;S005:3;S006:3;S007:1;S008:2;S009:1;S010:2;S011:3;S012:2;S013:2;S014:1;S015:1;S016:1,S002:2;S004:3;S011:2;S015:1;S016:1
E595,Ruchi Sharma,R057,Assistant Director,NSO (DIID),Supervising staff training rollout within NSO (DIID),MCA,4,"C701,C200",S001:2;S002:1;S003:2;S004:2;S005:3;S006:2;S007:2;S008:1;S009:1;S010:1;S011:2;S012:1;S013:1;S014:1;S015:3;S016:1,S001:2;S002:1;S005:2;S007:2;S009:1;S010:1;S012:1;S016:1
E596,Ruchika Gupta,R046,Manager (M&E),MPLADS,Handling grievance redressal and correspondence for MPLADS,MBA (General Management),15,"C615,C341,C503,C686",S001:3;S002:2;S003:1;S004:3;S005:3;S006:1;S007:2;S008:3;S009:1;S010:3;S011:2;S012:1;S013:2;S014:1;S015:3;S016:2,S001:3;S003:1;S004:3;S006:1;S007:1;S008:3;S016:2
E597,Ruchika Sharma,R060,Assistant Director (Probationer),NSSTA,Conducting field verification and monitoring visits for NSSTA,MBA (General Management),3,"C290,C765",S001:1;S002:1;S003:1;S004:1;S005:3;S006:2;S007:1;S008:1;S009:2;S010:1;S011:1;S012:1;S013:2;S014:3;S015:2;S016:1,S003:1;S005:3;S007:2;S011:1;S012:1
E598,Rupali Gupta,R020,Statistical Advisor,O/o Economic Adviser,Coordinating the Q1 data quality review for O/o Economic Adviser,M.A. Economics,29,"C300,C626,C689,C376,C383,C570",S001:2;S002:3;S003:3;S004:1;S005:3;S006:1;S007:2;S008:3;S009:2;S010:3;S011:3;S012:1;S013:3;S014:3;S015:2;S016:1,S001:2;S006:1;S007:2;S008:3;S009:2;S015:1;S016:1
E599,Rupam Kumar Sarkar,R009,Additional Director General,NSO,Analysing recent data releases and drafting a brief for NSO leadership,M.Sc. Applied Statistics,33,"C099,C038,C408,C429",S001:3;S002:3;S003:3;S004:3;S005:2;S006:3;S007:2;S008:3;S009:2;S010:3;S011:3;S012:3;S013:3;S014:3;S015:3;S016:2,S004:3;S009:2;S012:3;S014:3;S016:2
E600,Rupesh Jalwal,R026,Director,NSO (ESD),Piloting a new dashboard/reporting tool for NSO (ESD),M.A. Economics,15,"C572,C369,C138",S001:3;S002:2;S003:3;S004:2;S005:3;S006:1;S007:2;S008:1;S009:2;S010:2;S011:1;S012:1;S013:1;S014:2;S015:3;S016:1,S003:3;S004:2;S006:1;S009:2;S010:2;S011:2
E601,Rupin Soni,R031,Member Secretary,Central Information Commission,Piloting a new dashboard/reporting tool for Central Information Commission,M.Sc. Statistics,16,"C439,C678,C500,C571,C559",S001:3;S002:2;S003:2;S004:1;S005:3;S006:2;S007:2;S008:2;S009:1;S010:3;S011:1;S012:2;S013:2;S014:2;S015:1;S016:1,S001:3;S004:1;S006:2;S015:1;S016:1
E602,S Leena,R005,Director General (DG),NSO,Coordinating the Q4 data quality review for NSO,M.A. Statistics,38,"C238,C306,C520,C351,C597",S001:2;S002:3;S003:3;S004:2;S005:1;S006:2;S007:1;S008:3;S009:2;S010:3;S011:1;S012:3;S013:3;S014:1;S015:1;S016:3,S003:3;S007:1;S008:3;S009:2;S012:3;S016:3
E603,S Mukherjee,R008,Director General (CS),Office of Secretary,Managing stakeholder coordination on a Office of Secretary modernisation initiative,M.Sc. Operations Research,34,"C444,C121,C682,C447,C486",S001:2;S002:3;S003:3;S004:1;S005:2;S006:1;S007:2;S008:2;S009:1;S010:3;S011:3;S012:3;S013:3;S014:1;S015:2;S016:1,S003:3;S009:1;S010:3;S012:3;S013:2;S016:1
E604,S. I. Fulzele,R005,Director General (DG),NSO,Supervising staff training rollout within NSO,MBA (General Management),38,"C599,C006,C083,C363,C267",S001:2;S002:3;S003:3;S004:3;S005:1;S006:1;S007:1;S008:3;S009:1;S010:3;S011:2;S012:3;S013:3;S014:1;S015:1;S016:2,S004:3;S005:1;S007:2;S008:3;S013:3;S016:2
E605,S. Nagesha Bhatta,R036,Officer-on-Special Duty,MPLADS,Managing stakeholder coordination on a MPLADS modernisation initiative,MBA (Public Policy),14,"C727,C575,C022,C266,C539",S001:2;S002:2;S003:1;S004:3;S005:2;S006:2;S007:1;S008:2;S009:1;S010:2;S011:2;S012:1;S013:1;S014:1;S015:1;S016:1,S002:2;S006:2;S007:1;S011:3;S012:1;S016:1
E606,S.A. Vairagade,R032,Member Secretary,NC for SC/ST,Reviewing SOPs and process digitisation for NC for SC/ST,M.Sc. Applied Statistics,16,"C727,C265,C696,C376,C559",S001:2;S002:2;S003:2;S004:2;S005:2;S006:2;S007:2;S008:2;S009:1;S010:2;S011:2;S012:1;S013:2;S014:1;S015:1;S016:3,S002:2;S007:2;S009:1;S012:1;S015:1;S016:3
E607,S.K. Singh,R049,Deputy Passport Officer,Central Passport Organisation,Supervising staff training rollout within Central Passport Organisation,M.Sc. Economics,14,"C429,C377,C229",S001:2;S002:2;S003:3;S004:2;S005:1;S006:3;S007:1;S008:2;S009:2;S010:2;S011:2;S012:1;S013:2;S014:2;S015:1;S016:2,S003:3;S006:3;S007:1;S009:2;S014:2;S016:2
E608,S.S. Muley,R028,Joint Director,NSO (PSD),Overseeing budget and resource planning for NSO (PSD) for the current cycle,M.Sc. Mathematics,20,"C173,C352,C743,C671,C269",S001:2;S002:2;S003:1;S004:2;S005:3;S006:1;S007:2;S008:3;S009:1;S010:2;S011:2;S012:1;S013:3;S014:1;S015:3;S016:1,S002:2;S003:1;S005:2;S006:1;S009:1;S011:2;S013:3
E609,Sabiha Rahman,R033,Deputy Secretary,General Administration Division,Assisting in policy note preparation for General Administration Division,M.Sc. Applied Statistics,18,"C638,C592,C534,C723",S001:2;S002:3;S003:2;S004:3;S005:1;S006:2;S007:1;S008:2;S009:1;S010:2;S011:2;S012:1;S013:2;S014:1;S015:1;S016:1,S001:2;S002:2;S007:2;S008:2;S009:1;S014:1;S016:1
E610,Sachin Kumar,R008,Director General (CS),Office of Secretary,Managing stakeholder coordination on a Office of Secretary modernisation initiative,M.A. Statistics,32,"C621,C106,C160,C780,C169,C441",S001:3;S002:3;S003:2;S004:2;S005:2;S006:1;S007:2;S008:3;S009:2;S010:3;S011:3;S012:3;S013:3;S014:1;S015:2;S016:1,S001:3;S002:3;S004:2;S006:1;S007:2;S009:2;S013:3;S015:2
E611,Sagar Choudhary,R008,Director General (CS),Office of Secretary,Overseeing budget and resource planning for Office of Secretary for the current cycle,M.Sc. Applied Statistics,33,"C630,C294,C577,C607,C024,C212",S001:3;S002:3;S003:1;S004:2;S005:1;S006:2;S007:2;S008:3;S009:2;S010:3;S011:1;S012:2;S013:3;S014:1;S015:2;S016:1,S008:3;S011:1;S013:3;S015:2;S016:1
E612,Sagnik Dey,R015,Deputy Director General,NSO (FOD),Leading survey design updates for NSO (FOD)'s ongoing field operations,M.Sc. Applied Statistics,24,"C630,C612,C233,C636,C167,C717",S001:3;S002:3;S003:2;S004:2;S005:3;S006:1;S007:3;S008:3;S009:1;S010:3;S011:3;S012:2;S013:2;S014:3;S015:2;S016:1,S001:2;S003:2;S007:3;S011:3;S013:2;S016:1
E613,Sailesh Kumar,R032,Member Secretary,NC for SC/ST,Reviewing SOPs and process digitisation for NC for SC/ST,M.A. Statistics,20,"C414,C076,C284",S001:1;S002:3;S003:2;S004:2;S005:1;S006:2;S007:3;S008:3;S009:1;S010:2;S011:2;S012:2;S013:1;S014:1;S015:1;S016:2,S001:1;S007:3;S008:3;S009:1;S011:2;S013:1;S015:1;S016:2
E614,Saji George,R046,Manager (M&E),MPLADS,Overseeing budget and resource planning for MPLADS for the current cycle,M.Sc. Statistics,15,"C317,C378,C611",S001:3;S002:2;S003:1;S004:2;S005:3;S006:2;S007:2;S008:2;S009:2;S010:1;S011:3;S012:1;S013:3;S014:2;S015:3;S016:1,S001:3;S002:2;S003:1;S005:3;S007:2;S008:2;S016:1
E615,Sakshi,R019,Vice Chairman,Office of Secretary,Assisting in policy note preparation for Office of Secretary,M.Sc. Operations Research,22,"C429,C737,C137,C062,C041,C598",S001:2;S002:1;S003:2;S004:3;S005:2;S006:1;S007:1;S008:3;S009:2;S010:3;S011:3;S012:3;S013:3;S014:1;S015:1;S016:2,S005:2;S006:1;S007:1;S009:2;S010:3;S015:1;S016:2
E616,Salil K. Mukhopadhyay,R037,Private Secretary,Office of Secretary,Leading survey design updates for Office of Secretary's ongoing field operations,M.Sc. Economics,18,"C289,C280,C427,C528",S001:3;S002:2;S003:1;S004:2;S005:2;S006:1;S007:2;S008:1;S009:2;S010:2;S011:2;S012:2;S013:2;S014:1;S015:1;S016:1,S001:3;S007:2;S008:1;S011:2;S012:2;S013:2;S016:1
E617,Salini V K,R045,Manager (M&E),NITI Aayog (DMEO),Coordinating the Q3 data quality review for NITI Aayog (DMEO),M.Sc. Applied Statistics,17,"C714,C146,C286",S001:3;S002:2;S003:1;S004:3;S005:3;S006:2;S007:2;S008:2;S009:1;S010:1;S011:2;S012:1;S013:1;S014:2;S015:3;S016:1,S001:3;S008:2;S009:1;S013:1;S015:3;S016:1
E618,Samarendra Prakash Srivastava,R044,Senior Manager,Coconut Development Board,Leading survey design updates for Coconut Development Board's ongoing field operations,M.A. Economics,21,"C056,C195,C273",S001:1;S002:2;S003:1;S004:3;S005:2;S006:1;S007:2;S008:2;S009:3;S010:3;S011:2;S012:1;S013:2;S014:1;S015:1;S016:1,S002:2;S003:1;S005:2;S007:1;S011:2;S012:1
E619,Sandhya Singh,R011,Additional Director General,General Administration Division,Overseeing budget and resource planning for General Administration Division for the current cycle,M.Sc. Mathematics,32,"C054,C630,C110,C113",S001:3;S002:3;S003:3;S004:3;S005:2;S006:2;S007:2;S008:2;S009:2;S010:2;S011:1;S012:3;S013:3;S014:1;S015:2;S016:3,S001:3;S007:2;S010:2;S012:3;S014:1;S015:3;S016:3
E620,Sandip Mazumder,R049,Deputy Passport Officer,Central Passport Organisation,Overseeing budget and resource planning for Central Passport Organisation for the current cycle,M.Sc. Applied Statistics,21,"C507,C645,C406,C036",S001:2;S002:1;S003:2;S004:3;S005:1;S006:2;S007:1;S008:1;S009:1;S010:2;S011:2;S012:1;S013:1;S014:2;S015:1;S016:3,S003:2;S007:1;S008:1;S010:2;S011:1
E621,Sandip Kumar Sadhu,R017,Deputy Director General,DES,Handling grievance redressal and correspondence for DES,M.A. Statistics,25,"C025,C451,C621,C426,C315",S001:3;S002:1;S003:3;S004:2;S005:3;S006:1;S007:3;S008:2;S009:2;S010:2;S011:3;S012:2;S013:2;S014:3;S015:3;S016:1,S003:3;S006:1;S007:2;S009:2;S010:2;S011:3;S014:2;S015:3
E622,Sandipan Sarkar,R050,Deputy Passport Officer,Regional Passport Offices,Managing stakeholder coordination on a Regional Passport Offices modernisation initiative,M.A. Economics,20,"C603,C515,C520",S001:2;S002:2;S003:2;S004:2;S005:2;S006:1;S007:2;S008:3;S009:1;S010:2;S011:1;S012:1;S013:3;S014:1;S015:2;S016:2,S003:2;S004:3;S007:1;S008:3;S011:1;S013:3;S016:2
E623,Sanjay,R022,Statistical Advisor,Labour Bureau,Handling grievance redressal and correspondence for Labour Bureau,PGDM,24,"C478,C009,C131,C166,C338",S001:2;S002:1;S003:1;S004:1;S005:3;S006:1;S007:2;S008:3;S009:1;S010:3;S011:2;S012:3;S013:3;S014:3;S015:2;S016:1,S001:2;S002:1;S006:1;S009:1;S013:3;S014:3;S016:1
E624,Sanjay Kumar,R019,Vice Chairman,Office of Secretary,Supervising staff training rollout within Office of Secretary,M.Sc. Statistics,29,"C521,C578,C376",S001:2;S002:2;S003:1;S004:2;S005:3;S006:2;S007:1;S008:3;S009:1;S010:3;S011:3;S012:3;S013:3;S014:1;S015:1;S016:1,S002:1;S007:1;S011:3;S012:3;S013:3;S016:1
E625,Sanjay Raturi,R040,Deputy Commissioner,Municipal Corporation of Delhi (MCD),Handling grievance redressal and correspondence for Municipal Corporation of Delhi (MCD),M.Sc. Statistics,16,"C126,C213,C590",S001:2;S002:2;S003:1;S004:2;S005:1;S006:2;S007:3;S008:3;S009:1;S010:3;S011:2;S012:1;S013:2;S014:1;S015:2;S016:1,S002:2;S006:1;S007:3;S012:1;S014:1;S015:2;S016:1
E626,Sanjeev Kumar,R048,Deputy Director (Admn),General Administration Division,Reviewing SOPs and process digitisation for General Administration Division,M.Sc. Operations Research,21,"C500,C607,C506,C258",S001:1;S002:1;S003:2;S004:2;S005:2;S006:2;S007:1;S008:2;S009:2;S010:3;S011:3;S012:1;S013:2;S014:2;S015:1;S016:2,S004:2;S005:2;S007:1;S014:2;S015:2;S016:2
E627,Sanjeev Sharan Pandey,R026,Director,NSO (ESD),Conducting field verification and monitoring visits for NSO (ESD),M.Sc. Applied Statistics,19,"C502,C581,C756",S001:2;S002:1;S003:2;S004:1;S005:3;S006:1;S007:2;S008:1;S009:1;S010:2;S011:2;S012:1;S013:1;S014:1;S015:2;S016:1,S005:3;S007:2;S008:1;S009:1;S010:2;S014:1;S016:2
E628,Sanjib Basu,R057,Assistant Director,NSO (DIID),Leading survey design updates for NSO (DIID)'s ongoing field operations,M.A. Statistics,0,"C116,C780",S001:2;S002:1;S003:1;S004:1;S005:3;S006:1;S007:1;S008:1;S009:1;S010:1;S011:2;S012:1;S013:2;S014:1;S015:1;S016:1,S005:3;S006:1;S008:1;S009:1;S013:2;S014:1
E629,Sanjoy Roy,R006,Director General (DG),General Administration Division,Leading survey design updates for General Administration Division's ongoing field operations,M.Sc. Applied Statistics,35,"C184,C022,C177,C644",S001:2;S002:3;S003:3;S004:3;S005:1;S006:1;S007:2;S008:2;S009:2;S010:3;S011:2;S012:3;S013:3;S014:1;S015:1;S016:2,S001:2;S005:1;S007:3;S012:3;S013:3;S016:2
E630,Sankar Chakraborty,R057,Assistant Director,NSO (DIID),Handling grievance redressal and correspondence for NSO (DIID),M.Sc. Data Science,2,"C495,C269,C664",S001:2;S002:1;S003:2;S004:1;S005:3;S006:2;S007:3;S008:1;S009:1;S010:1;S011:1;S012:1;S013:1;S014:3;S015:3;S016:1,S001:1;S003:2;S005:3;S007:2;S009:1;S011:1
E631,Sankarsana Sahoo,R005,Director General (DG),NSO,Handling grievance redressal and correspondence for NSO,M.Sc. Economics,33,"C496,C769,C172,C040",S001:2;S002:3;S003:2;S004:2;S005:1;S006:1;S007:1;S008:2;S009:2;S010:3;S011:2;S012:3;S013:3;S014:1;S015:2;S016:2,S002:3;S003:1;S005:1;S007:1;S008:1;S011:2;S013:3;S016:2
E632,Santhosh Naik Boda,R006,Director General (DG),General Administration Division,Managing stakeholder coordination on a General Administration Division modernisation initiative,M.Sc. Statistics,38,"C661,C276,C743,C337,C587,C041",S001:1;S002:3;S003:3;S004:3;S005:1;S006:3;S007:1;S008:3;S009:2;S010:3;S011:2;S012:3;S013:2;S014:1;S015:2;S016:2,S001:1;S003:3;S004:3;S006:3;S007:2;S012:3;S016:2
E633,Santosh,R001,Director General,NSO,Supervising staff training rollout within NSO,M.Sc. Economics,36,"C045,C531,C783,C721",S001:1;S002:2;S003:3;S004:3;S005:1;S006:1;S007:1;S008:2;S009:2;S010:3;S011:2;S012:3;S013:2;S014:1;S015:1;S016:3,S002:2;S006:2;S009:2;S011:2;S015:1;S016:3
E634,Santosh Kumar,R017,Deputy Director General,DES,Coordinating the Q4 data quality review for DES,M.Sc. Statistics,24,"C545,C002,C179,C547",S001:3;S002:2;S003:3;S004:2;S005:2;S006:1;S007:2;S008:3;S009:1;S010:3;S011:2;S012:1;S013:2;S014:3;S015:2;S016:3,S005:2;S006:1;S007:2;S009:1;S011:2;S012:1;S016:3
E635,Santosh Kumar Gupta,R048,Deputy Director (Admn),General Administration Division,Managing stakeholder coordination on a General Administration Division modernisation initiative,PGDM,20,"C355,C096,C461",S001:2;S002:1;S003:2;S004:3;S005:3;S006:1;S007:1;S008:3;S009:1;S010:1;S011:2;S012:1;S013:2;S014:1;S015:1;S016:1,S004:3;S006:1;S007:1;S008:3;S015:1;S016:1
E636,Santosh Kumar Tiwari,R018,Vice Chairman,NEC Secretariat,Analysing recent data releases and drafting a brief for NEC Secretariat leadership,M.Sc. Operations Research,29,"C727,C521,C124,C593,C308",S001:1;S002:2;S003:1;S004:3;S005:3;S006:2;S007:1;S008:3;S009:2;S010:3;S011:3;S012:2;S013:3;S014:2;S015:1;S016:1,S002:2;S004:3;S007:1;S008:3;S015:1
E637,Sarbeswar Majhi,R043,Senior Manager,TRIFED,Supervising staff training rollout within TRIFED,M.Sc. Mathematics,14,"C364,C632,C716",S001:3;S002:3;S003:1;S004:3;S005:2;S006:1;S007:1;S008:3;S009:1;S010:3;S011:2;S012:1;S013:2;S014:1;S015:1;S016:1,S004:2;S007:2;S008:3;S010:2;S013:2;S014:1;S016:2
E638,Saroj,R045,Manager (M&E),NITI Aayog (DMEO),Piloting a new dashboard/reporting tool for NITI Aayog (DMEO),MBA (Public Policy),15,"C115,C579,C703,C117",S001:3;S002:2;S003:2;S004:2;S005:3;S006:1;S007:2;S008:3;S009:2;S010:1;S011:1;S012:1;S013:2;S014:2;S015:3;S016:1,S002:2;S003:2;S005:3;S007:2;S008:3;S009:2;S015:2
E639,Sarvadanand Barnwal,R002,Director General,Office of Secretary,Reviewing SOPs and process digitisation for Office of Secretary,Ph.D. Economics,33,"C761,C074,C592,C256",S001:2;S002:2;S003:3;S004:2;S005:2;S006:1;S007:2;S008:3;S009:2;S010:3;S011:3;S012:3;S013:3;S014:1;S015:2;S016:3,S002:2;S012:3;S013:3;S014:1;S016:3
E640,Saswati Halder,R026,Director,NSO (ESD),Assisting in policy note preparation for NSO (ESD),M.A. Statistics,18,"C070,C050,C170,C250",S001:2;S002:1;S003:2;S004:2;S005:2;S006:2;S007:3;S008:2;S009:1;S010:3;S011:2;S012:1;S013:2;S014:1;S015:3;S016:1,S001:2;S006:2;S009:1;S010:3;S014:1;S015:3;S016:1
E641,Satish Chandra Jha,R054,Under Secretary,General Administration Division,Leading survey design updates for General Administration Division's ongoing field operations,MBA (General Management),14,"C308,C440,C237",S001:1;S002:3;S003:1;S004:2;S005:3;S006:2;S007:2;S008:1;S009:1;S010:1;S011:2;S012:2;S013:2;S014:1;S015:1;S016:2,S001:1;S004:2;S007:2;S012:3;S013:2;S016:2
E642,Satyajit Paul,R018,Vice Chairman,NEC Secretariat,Preparing the Q4 performance report for NEC Secretariat,M.A. Economics,23,"C074,C382,C254,C036,C671,C757",S001:2;S002:3;S003:1;S004:3;S005:1;S006:3;S007:1;S008:3;S009:3;S010:3;S011:2;S012:2;S013:2;S014:2;S015:1;S016:1,S005:1;S007:1;S010:3;S011:2;S014:2;S015:1;S016:1
E643,Satyapal,R020,Statistical Advisor,O/o Economic Adviser,Supervising staff training rollout within O/o Economic Adviser,MBA (Public Policy),29,"C223,C592,C665,C642,C348",S001:2;S002:3;S003:1;S004:1;S005:3;S006:1;S007:3;S008:3;S009:3;S010:3;S011:3;S012:2;S013:3;S014:3;S015:2;S016:2,S003:1;S006:1;S007:3;S008:3;S009:3;S012:2;S013:3
E644,Saumya Mishra,R010,Additional Director General,AI & Big Data Unit,Analysing recent data releases and drafting a brief for AI & Big Data Unit leadership,M.Sc. Data Science,28,"C754,C225,C177,C405,C756",S001:3;S002:3;S003:3;S004:2;S005:2;S006:3;S007:3;S008:3;S009:1;S010:3;S011:1;S012:3;S013:3;S014:2;S015:2;S016:2,S007:3;S008:3;S011:1;S013:3;S016:1
E645,Saumya Mishra,R035,Officer-on-Special Duty,Office of Secretary,Analysing recent data releases and drafting a brief for Office of Secretary leadership,M.A. Statistics,15,"C466,C429,C007",S001:2;S002:2;S003:2;S004:2;S005:2;S006:2;S007:1;S008:2;S009:1;S010:2;S011:2;S012:2;S013:2;S014:1;S015:2;S016:2,S004:3;S007:1;S008:2;S010:2;S011:2;S016:2
E646,Saumya Sakshi,R040,Deputy Commissioner,Municipal Corporation of Delhi (MCD),Preparing the Q4 performance report for Municipal Corporation of Delhi (MCD),M.Sc. Economics,17,"C414,C104,C761,C515,C567",S001:3;S002:2;S003:1;S004:2;S005:2;S006:3;S007:1;S008:1;S009:2;S010:2;S011:1;S012:1;S013:1;S014:2;S015:3;S016:2,S002:3;S006:3;S007:1;S014:3;S015:3;S016:2
E647,Saurabh Singh,R034,Deputy Secretary,PI Wing,Coordinating the Q1 data quality review for PI Wing,MBA (General Management),15,"C707,C602,C554,C219,C154",S001:2;S002:2;S003:3;S004:3;S005:2;S006:2;S007:2;S008:3;S009:1;S010:2;S011:2;S012:1;S013:2;S014:1;S015:1;S016:2,S007:2;S009:1;S012:1;S014:1;S015:1;S016:2
E648,Saurabh Kumar Dubey,R051,Deputy Director,NSO (HSD),Leading survey design updates for NSO (HSD)'s ongoing field operations,MBA (General Management),9,"C444,C554,C141",S001:1;S002:2;S003:3;S004:1;S005:2;S006:1;S007:2;S008:1;S009:1;S010:1;S011:1;S012:1;S013:3;S014:2;S015:1;S016:2,S001:1;S003:3;S004:1;S005:2;S009:1;S014:2
E649,Savindra Singh,R055,Under Secretary,D/o Expenditure,Analysing recent data releases and drafting a brief for D/o Expenditure leadership,M.A. Economics,13,"C654,C294,C429",S001:2;S002:2;S003:2;S004:1;S005:1;S006:1;S007:1;S008:1;S009:1;S010:1;S011:1;S012:2;S013:3;S014:1;S015:1;S016:2,S002:1;S005:2;S007:1;S011:1;S013:3;S014:2;S016:2
E650,Seema Joshi,R024,Executive Director,Coconut Development Board,Preparing the Q4 performance report for Coconut Development Board,M.Sc. Economics,22,"C660,C387,C061,C050,C187,C721",S001:2;S002:1;S003:3;S004:3;S005:2;S006:1;S007:1;S008:3;S009:2;S010:3;S011:3;S012:3;S013:2;S014:2;S015:2;S016:2,S004:3;S007:1;S011:3;S014:2;S015:3;S016:2
E651,Seema Mishra,R016,Deputy Director General,NSO (NAD),Assisting in policy note preparation for NSO (NAD),MBA (Public Policy),26,"C112,C306,C013,C510,C593,C247",S001:3;S002:2;S003:2;S004:1;S005:2;S006:2;S007:3;S008:3;S009:1;S010:3;S011:3;S012:2;S013:1;S014:3;S015:3;S016:1,S001:3;S002:3;S003:2;S004:1;S010:3;S016:1
E652,Shabir Ahmad Malik,R051,Deputy Director,NSO (HSD),Leading survey design updates for NSO (HSD)'s ongoing field operations,M.Sc. Statistics,9,"C342,C636",S001:1;S002:2;S003:2;S004:1;S005:3;S006:1;S007:2;S008:1;S009:2;S010:1;S011:1;S012:1;S013:2;S014:2;S015:2;S016:2,S001:1;S002:2;S003:2;S008:1;S012:1
E653,Shailesh Kumar,R057,Assistant Director,NSO (DIID),Coordinating the Q4 data quality review for NSO (DIID),MCA,1,"C149,C280",S001:2;S002:1;S003:2;S004:1;S005:3;S006:1;S007:2;S008:1;S009:2;S010:1;S011:2;S012:1;S013:1;S014:1;S015:2;S016:1,S001:2;S002:2;S003:2;S008:1;S010:1;S012:1;S013:1;S016:1
E654,Shakti Singh,R033,Deputy Secretary,General Administration Division,Analysing recent data releases and drafting a brief for General Administration Division leadership,MBA (General Management),18,"C424,C575,C288,C627",S001:1;S002:2;S003:2;S004:3;S005:2;S006:1;S007:1;S008:2;S009:1;S010:2;S011:2;S012:1;S013:2;S014:1;S015:1;S016:1,S001:1;S006:1;S012:1;S015:1;S016:1
E655,Shalini Shekhawat,R047,Executive Officer (Census),O/o Registrar General of India (RGI),Managing stakeholder coordination on a O/o Registrar General of India (RGI) modernisation initiative,M.Sc. Mathematics,15,"C733,C140,C256,C170,C671",S001:3;S002:2;S003:3;S004:1;S005:3;S006:2;S007:2;S008:2;S009:1;S010:1;S011:2;S012:1;S013:2;S014:2;S015:3;S016:2,S001:3;S002:2;S006:2;S010:1;S012:1;S016:2
E656,Shantanu Dixit,R041,Deputy General Manager,Rashtriya Chemicals and Fertilizers Limited,Preparing the Q4 performance report for Rashtriya Chemicals and Fertilizers Limited,M.A. Statistics,21,"C264,C429,C101",S001:2;S002:2;S003:3;S004:1;S005:3;S006:1;S007:2;S008:3;S009:1;S010:2;S011:2;S012:1;S013:2;S014:1;S015:2;S016:2,S004:1;S005:3;S008:3;S009:1;S013:2;S015:2;S016:2
E657,Sharddha Pal,R056,Assistant Director,NSO (FOD),Leading survey design updates for NSO (FOD)'s ongoing field operations,M.Sc. Operations Research,3,"C516,C684",S001:3;S002:1;S003:2;S004:1;S005:3;S006:3;S007:2;S008:1;S009:2;S010:1;S011:1;S012:1;S013:1;S014:3;S015:3;S016:3,S001:3;S002:1;S003:2;S004:1;S008:1;S012:1;S016:2
E658,Shaswat Yadav,R013,Joint Secretary,D/o Economic Affairs,Handling grievance redressal and correspondence for D/o Economic Affairs,M.A. Statistics,33,"C433,C741,C305,C537",S001:3;S002:3;S003:3;S004:3;S005:1;S006:2;S007:2;S008:3;S009:1;S010:3;S011:3;S012:3;S013:2;S014:1;S015:2;S016:2,S006:2;S010:3;S012:3;S013:2;S016:2
E659,Sheikh Taheen Mustafa,R042,Deputy General Manager,Coconut Development Board,Coordinating the Q1 data quality review for Coconut Development Board,M.A. Statistics,17,"C583,C249,C686,C286",S001:2;S002:3;S003:2;S004:3;S005:2;S006:1;S007:1;S008:2;S009:2;S010:2;S011:3;S012:1;S013:1;S014:2;S015:1;S016:1,S004:3;S008:3;S009:2;S010:2;S014:2;S015:1;S016:2
E660,Shekhar Srivastava,R037,Private Secretary,Office of Secretary,Assisting in policy note preparation for Office of Secretary,M.Sc. Economics,17,"C706,C506,C669,C332",S001:2;S002:2;S003:1;S004:2;S005:2;S006:1;S007:2;S008:3;S009:1;S010:2;S011:2;S012:2;S013:3;S014:1;S015:1;S016:3,S002:1;S011:2;S014:1;S015:1;S016:2
E661,Shikha Rai,R010,Additional Director General,AI & Big Data Unit,Conducting field verification and monitoring visits for AI & Big Data Unit,M.Sc. Data Science,32,"C014,C198,C430,C721,C247",S001:3;S002:3;S003:3;S004:3;S005:2;S006:2;S007:2;S008:3;S009:2;S010:3;S011:3;S012:3;S013:2;S014:1;S015:2;S016:2,S002:3;S005:2;S008:3;S014:1;S016:2
E662,Shinde Sharad Panchu,R010,Additional Director General,AI & Big Data Unit,Coordinating the Q1 data quality review for AI & Big Data Unit,MBA (General Management),30,"C318,C119,C078,C493,C263",S001:3;S002:3;S003:3;S004:3;S005:3;S006:3;S007:1;S008:2;S009:2;S010:3;S011:2;S012:3;S013:3;S014:2;S015:2;S016:3,S004:3;S009:2;S011:2;S014:2;S016:3
E663,Shipra Srivastava,R041,Deputy General Manager,Rashtriya Chemicals and Fertilizers Limited,Managing stakeholder coordination on a Rashtriya Chemicals and Fertilizers Limited modernisation initiative,M.Sc. Mathematics,14,"C481,C186,C153",S001:2;S002:2;S003:1;S004:2;S005:2;S006:2;S007:1;S008:3;S009:1;S010:1;S011:2;S012:2;S013:2;S014:1;S015:1;S016:2,S004:2;S005:2;S010:1;S012:2;S016:2
E664,Shirke Shrinivas Vijay,R006,Director General (DG),General Administration Division,Handling grievance redressal and correspondence for General Administration Division,M.Sc. Statistics,36,"C025,C050,C367,C730,C436",S001:2;S002:3;S003:3;S004:3;S005:2;S006:1;S007:1;S008:3;S009:1;S010:3;S011:2;S012:3;S013:3;S014:1;S015:1;S016:2,S002:3;S004:3;S007:1;S011:3;S012:3;S013:2;S016:2
E665,Shiv Balak Verma,R038,Private Secretary,General Administration Division,Overseeing budget and resource planning for General Administration Division for the current cycle,M.Sc. Economics,16,"C067,C279,C334,C218,C534",S001:2;S002:2;S003:1;S004:2;S005:3;S006:2;S007:2;S008:3;S009:1;S010:1;S011:1;S012:1;S013:3;S014:1;S015:1;S016:1,S001:2;S004:2;S006:2;S009:1;S010:1;S012:1;S013:3;S016:1
E666,Shivaji Narasu Patil,R007,Director General (CS),Central Statistics Office wing (NSO),Overseeing budget and resource planning for Central Statistics Office wing (NSO) for the current cycle,M.Sc. Mathematics,37,"C283,C318,C382,C698,C378,C193",S001:1;S002:3;S003:2;S004:2;S005:1;S006:1;S007:1;S008:3;S009:1;S010:3;S011:3;S012:2;S013:3;S014:2;S015:1;S016:1,S003:3;S009:1;S011:3;S012:1;S014:2
E667,Shivam Singh,R007,Director General (CS),Central Statistics Office wing (NSO),Managing stakeholder coordination on a Central Statistics Office wing (NSO) modernisation initiative,M.Sc. Statistics,38,"C229,C601,C011,C642,C570,C441",S001:1;S002:3;S003:2;S004:3;S005:2;S006:1;S007:2;S008:2;S009:1;S010:3;S011:2;S012:2;S013:3;S014:1;S015:1;S016:2,S002:2;S005:2;S006:1;S009:1;S011:2;S012:2;S013:3
E668,Shivam Singh,R056,Assistant Director,NSO (FOD),Leading survey design updates for NSO (FOD)'s ongoing field operations,M.Sc. Economics,2,"C331,C067,C306",S001:2;S002:1;S003:1;S004:1;S005:3;S006:1;S007:2;S008:1;S009:1;S010:1;S011:1;S012:2;S013:1;S014:3;S015:2;S016:1,S001:1;S002:2;S003:2;S008:1;S009:1;S011:1;S012:2
E669,Shivam Srivastava,R019,Vice Chairman,Office of Secretary,Handling grievance redressal and correspondence for Office of Secretary,M.A. Economics,22,"C575,C512,C676,C653,C293",S001:2;S002:2;S003:2;S004:3;S005:2;S006:2;S007:2;S008:3;S009:2;S010:3;S011:3;S012:2;S013:3;S014:2;S015:1;S016:1,S001:2;S005:2;S006:2;S007:2;S012:2
E670,Shivanshi Shukla,R005,Director General (DG),NSO,Analysing recent data releases and drafting a brief for NSO leadership,M.Sc. Operations Research,38,"C577,C730,C408,C016,C128",S001:3;S002:3;S003:2;S004:3;S005:1;S006:2;S007:2;S008:3;S009:2;S010:3;S011:3;S012:2;S013:3;S014:1;S015:1;S016:2,S001:3;S007:2;S011:3;S013:2;S014:2;S016:2
E671,Shivnath Singh Jadawat,R019,Vice Chairman,Office of Secretary,Piloting a new dashboard/reporting tool for Office of Secretary,PGDM,23,"C500,C578,C272",S001:2;S002:3;S003:2;S004:3;S005:2;S006:3;S007:1;S008:3;S009:1;S010:3;S011:3;S012:2;S013:3;S014:3;S015:1;S016:1,S003:2;S006:3;S007:1;S009:1;S011:3;S016:1
E672,Shobh Raj,R024,Executive Director,Coconut Development Board,Reviewing SOPs and process digitisation for Coconut Development Board,M.Sc. Statistics,23,"C784,C659,C533,C304,C583",S001:2;S002:2;S003:2;S004:3;S005:1;S006:2;S007:2;S008:3;S009:3;S010:2;S011:3;S012:2;S013:3;S014:3;S015:1;S016:1,S007:2;S010:2;S011:3;S012:2;S015:1;S016:1
E673,Shobha Sharma,R028,Joint Director,NSO (PSD),Preparing the Q2 performance report for NSO (PSD),PGDM,15,"C754,C771,C004,C368",S001:3;S002:1;S003:1;S004:2;S005:2;S006:1;S007:1;S008:2;S009:1;S010:2;S011:1;S012:2;S013:3;S014:2;S015:3;S016:1,S003:1;S007:1;S008:2;S013:3;S014:2;S016:1
E674,Shravana Kumar Yadav,R053,Deputy Director,DES,Assisting in policy note preparation for DES,M.Sc. Statistics,7,"C708,C592,C292",S001:1;S002:2;S003:1;S004:1;S005:2;S006:1;S007:2;S008:1;S009:1;S010:1;S011:1;S012:1;S013:3;S014:3;S015:2;S016:2,S004:1;S007:2;S009:1;S010:1;S014:3
E675,Shreya Aggarwal,R002,Director General,Office of Secretary,Overseeing budget and resource planning for Office of Secretary for the current cycle,Ph.D. Statistics,32,"C414,C050,C575,C566,C124,C512",S001:2;S002:3;S003:3;S004:3;S005:1;S006:2;S007:2;S008:3;S009:2;S010:2;S011:2;S012:3;S013:2;S014:1;S015:2;S016:1,S005:1;S007:2;S010:1;S015:2;S016:1
E676,Shreya Sengupta,R038,Private Secretary,General Administration Division,Assisting in policy note preparation for General Administration Division,MBA (General Management),14,"C444,C718,C634,C651,C201",S001:1;S002:2;S003:2;S004:1;S005:1;S006:1;S007:2;S008:3;S009:1;S010:3;S011:1;S012:1;S013:3;S014:1;S015:1;S016:1,S004:1;S008:3;S009:2;S011:1;S013:3;S014:1;S016:1
E677,Shruti Pandey,R025,Director,NSO (SSD),Reviewing SOPs and process digitisation for NSO (SSD),M.A. Economics,14,"C688,C413,C386,C537,C274",S001:3;S002:1;S003:2;S004:3;S005:3;S006:1;S007:2;S008:2;S009:1;S010:2;S011:2;S012:1;S013:2;S014:1;S015:3;S016:2,S004:3;S009:1;S013:1;S014:1;S015:3;S016:1
E678,Shruti Shukla,R046,Manager (M&E),MPLADS,Piloting a new dashboard/reporting tool for MPLADS,M.Sc. Applied Statistics,19,"C042,C504,C207,C513,C726",S001:2;S002:2;S003:3;S004:2;S005:3;S006:1;S007:2;S008:2;S009:2;S010:2;S011:2;S012:1;S013:2;S014:3;S015:3;S016:1,S006:1;S011:2;S013:2;S015:2;S016:1
E679,Shrutimala Rajbongshi,R001,Director General,NSO,Managing stakeholder coordination on a NSO modernisation initiative,Ph.D. Demography,32,"C460,C694,C030,C306,C575,C011",S001:2;S002:3;S003:3;S004:3;S005:2;S006:3;S007:2;S008:2;S009:2;S010:3;S011:1;S012:2;S013:3;S014:1;S015:2;S016:3,S003:2;S004:3;S006:2;S007:2;S009:2;S012:2;S016:3
E680,Shubham Kesharwani,R041,Deputy General Manager,Rashtriya Chemicals and Fertilizers Limited,Assisting in policy note preparation for Rashtriya Chemicals and Fertilizers Limited,M.A. Economics,17,"C601,C199,C542,C053",S001:3;S002:3;S003:1;S004:2;S005:2;S006:1;S007:2;S008:2;S009:1;S010:3;S011:2;S012:1;S013:2;S014:2;S015:1;S016:1,S002:3;S003:1;S004:2;S005:2;S007:2;S010:2;S014:2;S015:1
E681,Shubham Tripathi,R042,Deputy General Manager,Coconut Development Board,Preparing the Q1 performance report for Coconut Development Board,M.Sc. Mathematics,16,"C777,C502,C750,C620",S001:1;S002:2;S003:1;S004:2;S005:3;S006:1;S007:2;S008:1;S009:2;S010:2;S011:2;S012:1;S013:1;S014:2;S015:1;S016:2,S006:1;S010:2;S013:2;S014:2;S016:1
E682,Shyamal Kumar Paik,R013,Joint Secretary,D/o Economic Affairs,Preparing the Q3 performance report for D/o Economic Affairs,Ph.D. Statistics,33,"C010,C189,C629,C219,C757",S001:3;S002:3;S003:3;S004:3;S005:1;S006:1;S007:2;S008:2;S009:1;S010:3;S011:2;S012:3;S013:2;S014:1;S015:2;S016:1,S001:3;S003:3;S005:1;S006:1;S007:2;S008:2;S016:1
E683,Shyamsundar Parui,R029,Joint Director,CBHI,Assisting in policy note preparation for CBHI,M.A. Statistics,19,"C478,C612,C199,C518,C303",S001:2;S002:2;S003:1;S004:1;S005:3;S006:1;S007:2;S008:2;S009:2;S010:2;S011:2;S012:2;S013:1;S014:2;S015:3;S016:1,S001:2;S011:2;S012:2;S015:3;S016:1
E684,Siddharth Sahu,R054,Under Secretary,General Administration Division,Leading survey design updates for General Administration Division's ongoing field operations,PGDM,12,"C747,C160,C082,C173",S001:1;S002:2;S003:1;S004:3;S005:1;S006:2;S007:1;S008:1;S009:2;S010:1;S011:1;S012:2;S013:3;S014:1;S015:1;S016:1,S001:1;S004:3;S007:1;S011:1;S013:2;S016:1
E685,Siddhartha Kundu,R016,Deputy Director General,NSO (NAD),Reviewing SOPs and process digitisation for NSO (NAD),M.A. Economics,24,"C481,C085,C030,C552,C170",S001:3;S002:2;S003:1;S004:2;S005:3;S006:1;S007:2;S008:3;S009:1;S010:2;S011:3;S012:2;S013:2;S014:3;S015:1;S016:3,S001:3;S003:1;S005:3;S007:3;S008:3;S010:2;S015:1;S016:3
E686,Sidhil Sasi,R058,Assistant Director,DES,Preparing the Q2 performance report for DES,M.Sc. Economics,3,"C068,C531",S001:1;S002:1;S003:2;S004:1;S005:2;S006:1;S007:2;S008:2;S009:1;S010:1;S011:1;S012:1;S013:1;S014:1;S015:1;S016:2,S006:1;S007:2;S009:2;S011:1;S012:1;S013:1
E687,Siljo V K,R052,Deputy Director,NSO (EnSD),Conducting field verification and monitoring visits for NSO (EnSD),M.Sc. Operations Research,9,"C392,C636,C432,C303",S001:2;S002:3;S003:1;S004:1;S005:2;S006:1;S007:2;S008:1;S009:1;S010:1;S011:2;S012:1;S013:2;S014:2;S015:2;S016:1,S004:2;S005:2;S006:1;S009:1;S010:1;S013:2;S015:2
E688,Simran,R049,Deputy Passport Officer,Central Passport Organisation,Reviewing SOPs and process digitisation for Central Passport Organisation,M.Sc. Economics,18,"C100,C251,C076,C531",S001:1;S002:2;S003:2;S004:2;S005:1;S006:2;S007:1;S008:1;S009:1;S010:2;S011:2;S012:1;S013:2;S014:1;S015:1;S016:1,S004:2;S005:2;S007:1;S008:1;S013:1;S015:1;S016:1
E689,Sinchan Snigdha Adhikary,R023,Executive Director,NSSTA,Managing stakeholder coordination on a NSSTA modernisation initiative,MBA (Public Policy),28,"C478,C382,C411,C191,C282",S001:2;S002:2;S003:2;S004:3;S005:2;S006:3;S007:1;S008:3;S009:3;S010:2;S011:3;S012:2;S013:3;S014:2;S015:1;S016:1,S002:2;S003:2;S007:1;S008:3;S011:3;S012:2;S014:2;S016:1
E690,Singray Murmu,R048,Deputy Director (Admn),General Administration Division,Piloting a new dashboard/reporting tool for General Administration Division,M.Sc. Applied Statistics,21,"C710,C357,C627,C064,C399",S001:3;S002:2;S003:1;S004:3;S005:1;S006:1;S007:2;S008:2;S009:1;S010:3;S011:2;S012:1;S013:1;S014:1;S015:1;S016:1,S001:3;S004:3;S005:1;S007:3;S010:3;S012:1;S014:1;S016:1
E691,Siva Naga Malleswararao,R009,Additional Director General,NSO,Handling grievance redressal and correspondence for NSO,Ph.D. Economics,30,"C450,C406,C721,C297,C644",S001:3;S002:3;S003:3;S004:3;S005:3;S006:2;S007:2;S008:3;S009:1;S010:3;S011:2;S012:3;S013:3;S014:3;S015:1;S016:1,S003:3;S006:2;S010:3;S012:3;S013:3;S016:1
E692,Sneh Kirti,R039,Deputy Commissioner,O/o Registrar General of India (RGI),Coordinating the Q1 data quality review for O/o Registrar General of India (RGI),M.Sc. Economics,21,"C014,C592,C467",S001:2;S002:3;S003:1;S004:2;S005:2;S006:2;S007:2;S008:3;S009:1;S010:2;S011:3;S012:2;S013:2;S014:2;S015:3;S016:1,S003:1;S005:2;S011:2;S012:2;S014:2;S016:1
E693,Sneha Rao,R014,Joint Secretary,General Administration Division,Piloting a new dashboard/reporting tool for General Administration Division,M.A. Statistics,31,"C357,C152,C433,C450,C057,C227",S001:2;S002:3;S003:2;S004:2;S005:1;S006:1;S007:2;S008:3;S009:3;S010:3;S011:2;S012:3;S013:3;S014:1;S015:1;S016:3,S005:1;S007:2;S008:3;S014:1;S015:1;S016:3
E694,Somnath Jana,R039,Deputy Commissioner,O/o Registrar General of India (RGI),Supervising staff training rollout within O/o Registrar General of India (RGI),M.Sc. Applied Statistics,16,"C630,C194,C758,C252,C522",S001:3;S002:2;S003:3;S004:2;S005:2;S006:1;S007:2;S008:3;S009:1;S010:2;S011:1;S012:2;S013:1;S014:1;S015:3;S016:1,S003:3;S007:2;S013:1;S015:3;S016:1
E695,Sonakhya Samaddar,R056,Assistant Director,NSO (FOD),Supervising staff training rollout within NSO (FOD),M.Sc. Economics,0,"C072,C529,C500",S001:2;S002:1;S003:2;S004:1;S005:2;S006:2;S007:3;S008:1;S009:3;S010:1;S011:2;S012:1;S013:2;S014:1;S015:1;S016:1,S001:2;S009:2;S010:1;S012:1;S014:1;S016:1
E696,Sonia Sharma,R001,Director General,NSO,Conducting field verification and monitoring visits for NSO,M.Sc. Applied Statistics,34,"C575,C500,C185,C719,C462,C431",S001:1;S002:3;S003:3;S004:3;S005:1;S006:2;S007:2;S008:3;S009:1;S010:3;S011:1;S012:3;S013:3;S014:2;S015:1;S016:2,S003:3;S007:2;S014:1;S015:1;S016:2
E697,Soumya Chakraborty,R059,Assistant Director (Probationer),NSO (RAU),Supervising staff training rollout within NSO (RAU),M.Sc. Applied Statistics,1,"C035,C706",S001:3;S002:1;S003:2;S004:1;S005:3;S006:2;S007:2;S008:1;S009:1;S010:1;S011:1;S012:1;S013:1;S014:2;S015:1;S016:2,S001:3;S003:2;S013:1;S014:2;S015:1
E698,Soumya Roy,R013,Joint Secretary,D/o Economic Affairs,Overseeing budget and resource planning for D/o Economic Affairs for the current cycle,Ph.D. Economics,31,"C124,C236,C143,C282",S001:2;S002:3;S003:3;S004:3;S005:1;S006:1;S007:2;S008:3;S009:2;S010:2;S011:2;S012:3;S013:3;S014:1;S015:1;S016:1,S001:2;S004:2;S005:1;S015:1;S016:1
E699,Soumya P Kumar,R034,Deputy Secretary,PI Wing,Leading survey design updates for PI Wing's ongoing field operations,M.Sc. Economics,17,"C593,C016,C698,C527",S001:2;S002:1;S003:1;S004:2;S005:2;S006:2;S007:2;S008:2;S009:1;S010:3;S011:2;S012:1;S013:1;S014:2;S015:1;S016:1,S002:1;S003:1;S005:2;S006:2;S007:2;S014:2;S015:1;S016:1
E700,Sourabh Kant,R023,Executive Director,NSSTA,Reviewing SOPs and process digitisation for NSSTA,M.A. Economics,28,"C687,C618,C267,C044",S001:2;S002:2;S003:3;S004:3;S005:2;S006:1;S007:1;S008:3;S009:1;S010:3;S011:3;S012:3;S013:2;S014:2;S015:1;S016:1,S001:2;S007:1;S008:3;S010:3;S012:3;S013:2;S014:2;S016:1
E701,Sourav Chakrabortty,R009,Additional Director General,NSO,Coordinating the Q2 data quality review for NSO,PGDM,32,"C630,C194,C325,C515,C350,C154",S001:2;S002:2;S003:3;S004:3;S005:2;S006:2;S007:2;S008:3;S009:2;S010:3;S011:3;S012:3;S013:3;S014:2;S015:2;S016:2,S001:1;S004:3;S008:3;S013:3;S016:2
E702,Sourav Sablania,R026,Director,NSO (ESD),Preparing the Q3 performance report for NSO (ESD),M.Sc. Economics,20,"C518,C231,C734,C545,C438",S001:3;S002:1;S003:3;S004:1;S005:3;S006:1;S007:2;S008:2;S009:1;S010:2;S011:1;S012:1;S013:1;S014:2;S015:3;S016:1,S001:3;S003:3;S005:3;S010:2;S014:2;S016:1
E703,Sri Susmit,R050,Deputy Passport Officer,Regional Passport Offices,Managing stakeholder coordination on a Regional Passport Offices modernisation initiative,M.A. Statistics,17,"C524,C040,C467",S001:3;S002:2;S003:1;S004:1;S005:1;S006:2;S007:2;S008:2;S009:1;S010:2;S011:3;S012:1;S013:2;S014:1;S015:2;S016:2,S005:1;S007:2;S009:1;S011:3;S014:1;S016:2
E704,Sridip Dey,R059,Assistant Director (Probationer),NSO (RAU),Assisting in policy note preparation for NSO (RAU),M.Sc. Statistics,2,"C110,C501,C400",S001:2;S002:1;S003:2;S004:1;S005:3;S006:1;S007:2;S008:1;S009:1;S010:2;S011:1;S012:2;S013:1;S014:2;S015:2;S016:1,S001:2;S003:2;S004:1;S008:1;S010:2
E705,Srijan Acharya,R041,Deputy General Manager,Rashtriya Chemicals and Fertilizers Limited,Preparing the Q3 performance report for Rashtriya Chemicals and Fertilizers Limited,M.Sc. Economics,18,"C277,C318,C353",S001:2;S002:2;S003:1;S004:3;S005:1;S006:1;S007:1;S008:1;S009:1;S010:2;S011:1;S012:1;S013:1;S014:2;S015:1;S016:1,S001:2;S005:1;S006:1;S007:1;S013:1;S016:1
E706,Srimant Kumar,R053,Deputy Director,DES,Supervising staff training rollout within DES,M.Sc. Statistics,9,"C500,C362,C406,C637",S001:2;S002:2;S003:2;S004:1;S005:3;S006:1;S007:3;S008:1;S009:1;S010:1;S011:1;S012:1;S013:3;S014:2;S015:2;S016:1,S003:2;S005:3;S008:1;S012:1;S013:3
E707,Srinivasa Rao Mogili,R009,Additional Director General,NSO,Reviewing SOPs and process digitisation for NSO,MBA (General Management),28,"C099,C393,C097,C568,C671",S001:2;S002:3;S003:2;S004:3;S005:2;S006:2;S007:1;S008:3;S009:2;S010:3;S011:2;S012:3;S013:3;S014:2;S015:1;S016:1,S001:2;S009:2;S011:1;S015:1;S016:1
E708,Srishti Agarwal,R054,Under Secretary,General Administration Division,Leading survey design updates for General Administration Division's ongoing field operations,M.Sc. Economics,12,"C662,C173",S001:1;S002:3;S003:1;S004:1;S005:2;S006:1;S007:1;S008:1;S009:3;S010:1;S011:1;S012:1;S013:3;S014:2;S015:1;S016:2,S006:1;S007:1;S009:3;S010:1;S011:2;S012:1;S013:3;S015:1
E709,Subash Chandra Malik,R001,Director General,NSO,Handling grievance redressal and correspondence for NSO,Ph.D. Data Science,37,"C516,C333,C124,C451",S001:1;S002:2;S003:3;S004:2;S005:1;S006:1;S007:2;S008:3;S009:2;S010:3;S011:3;S012:3;S013:3;S014:1;S015:2;S016:3,S002:2;S004:2;S005:1;S011:3;S013:3;S016:3
E710,Subhankar Biswas,R043,Senior Manager,TRIFED,Leading survey design updates for TRIFED's ongoing field operations,M.Sc. Economics,14,"C061,C306,C035,C424,C343",S001:1;S002:1;S003:2;S004:3;S005:3;S006:1;S007:1;S008:3;S009:2;S010:3;S011:3;S012:1;S013:2;S014:1;S015:2;S016:2,S002:1;S003:2;S004:3;S009:2;S011:3;S013:3;S014:1;S015:2
E711,Subhankar Pramanik,R020,Statistical Advisor,O/o Economic Adviser,Reviewing SOPs and process digitisation for O/o Economic Adviser,M.Sc. Applied Statistics,22,"C624,C664,C515,C483,C250,C445",S001:3;S002:3;S003:2;S004:2;S005:2;S006:2;S007:2;S008:2;S009:1;S010:3;S011:3;S012:3;S013:3;S014:3;S015:2;S016:1,S001:3;S003:2;S005:2;S007:2;S012:3
E712,Subhra Sarker,R041,Deputy General Manager,Rashtriya Chemicals and Fertilizers Limited,Preparing the Q4 performance report for Rashtriya Chemicals and Fertilizers Limited,M.Sc. Statistics,20,"C376,C525,C709",S001:1;S002:2;S003:1;S004:2;S005:2;S006:1;S007:2;S008:2;S009:1;S010:2;S011:3;S012:2;S013:2;S014:1;S015:2;S016:1,S002:2;S004:1;S008:1;S009:1;S010:2;S014:1;S016:1
E713,Suchita Gupta,R036,Officer-on-Special Duty,MPLADS,Managing stakeholder coordination on a MPLADS modernisation initiative,M.A. Economics,16,"C423,C038,C001,C641",S001:2;S002:3;S003:3;S004:2;S005:2;S006:1;S007:1;S008:2;S009:2;S010:2;S011:1;S012:1;S013:3;S014:2;S015:1;S016:2,S002:2;S005:1;S006:1;S010:1;S016:1
E714,Suchitra Yadav,R054,Under Secretary,General Administration Division,Conducting field verification and monitoring visits for General Administration Division,M.Sc. Mathematics,9,"C478,C778,C123,C313",S001:2;S002:2;S003:1;S004:3;S005:3;S006:2;S007:1;S008:1;S009:2;S010:1;S011:2;S012:1;S013:3;S014:1;S015:1;S016:2,S002:2;S003:1;S007:1;S009:2;S013:3;S015:1
E715,Sudhir Kumar,R030,Joint Director,Labour Bureau,Assisting in policy note preparation for Labour Bureau,M.Sc. Statistics,15,"C185,C755,C349",S001:3;S002:3;S003:1;S004:2;S005:3;S006:2;S007:2;S008:2;S009:1;S010:3;S011:2;S012:2;S013:3;S014:2;S015:3;S016:1,S003:1;S004:2;S005:3;S010:3;S011:3;S016:1
E716,Sudhir Waikar,R030,Joint Director,Labour Bureau,Reviewing SOPs and process digitisation for Labour Bureau,M.A. Economics,16,"C591,C260,C124,C620",S001:3;S002:2;S003:1;S004:2;S005:3;S006:1;S007:3;S008:2;S009:1;S010:2;S011:3;S012:1;S013:2;S014:3;S015:3;S016:2,S003:1;S005:3;S007:3;S010:2;S013:2
E717,Sudipta Bhattacharya,R005,Director General (DG),NSO,Preparing the Q1 performance report for NSO,M.Sc. Applied Statistics,33,"C047,C322,C707,C521,C039,C281",S001:3;S002:3;S003:3;S004:2;S005:1;S006:2;S007:1;S008:2;S009:2;S010:3;S011:3;S012:3;S013:3;S014:1;S015:1;S016:3,S003:3;S005:1;S007:1;S009:2;S011:3;S014:1;S016:3
E718,Sugandha Srivastava,R046,Manager (M&E),MPLADS,Managing stakeholder coordination on a MPLADS modernisation initiative,M.Sc. Economics,21,"C077,C596,C076,C566,C588",S001:3;S002:2;S003:1;S004:3;S005:3;S006:2;S007:1;S008:2;S009:1;S010:2;S011:2;S012:1;S013:3;S014:1;S015:2;S016:2,S001:3;S002:2;S003:2;S004:3;S005:3;S014:1;S016:3
E719,Sujeet Bapurao Pujari,R033,Deputy Secretary,General Administration Division,Overseeing budget and resource planning for General Administration Division for the current cycle,M.Sc. Mathematics,17,"C007,C497,C277,C026,C538",S001:2;S002:2;S003:3;S004:3;S005:2;S006:1;S007:2;S008:2;S009:2;S010:1;S011:3;S012:1;S013:1;S014:2;S015:1;S016:2,S002:2;S004:3;S007:2;S008:2;S010:1;S011:3;S016:2
E720,Sujit Mallick,R052,Deputy Director,NSO (EnSD),Analysing recent data releases and drafting a brief for NSO (EnSD) leadership,M.A. Statistics,7,"C463,C041,C462,C445",S001:1;S002:2;S003:1;S004:1;S005:2;S006:1;S007:3;S008:1;S009:1;S010:2;S011:1;S012:2;S013:2;S014:1;S015:2;S016:1,S002:2;S003:1;S004:1;S007:3;S008:1;S010:2;S013:2;S016:1
E721,Sujit Padhan,R013,Joint Secretary,D/o Economic Affairs,Leading survey design updates for D/o Economic Affairs's ongoing field operations,Ph.D. Statistics,29,"C393,C381,C429,C626,C671,C368",S001:2;S002:3;S003:3;S004:3;S005:1;S006:1;S007:2;S008:3;S009:2;S010:3;S011:2;S012:3;S013:3;S014:1;S015:1;S016:3,S002:3;S006:1;S007:3;S011:2;S015:1;S016:3
E722,Suman Kanwar,R048,Deputy Director (Admn),General Administration Division,Coordinating the Q1 data quality review for General Administration Division,MBA (General Management),21,"C050,C093,C244",S001:2;S002:2;S003:1;S004:2;S005:2;S006:2;S007:1;S008:2;S009:1;S010:2;S011:2;S012:1;S013:1;S014:1;S015:2;S016:1,S001:2;S005:2;S007:1;S009:1;S011:2;S014:1;S015:2;S016:1
E723,Suman Patel,R012,Joint Secretary,Office of Secretary,Handling grievance redressal and correspondence for Office of Secretary,Ph.D. Statistics,29,"C575,C197,C054,C210",S001:1;S002:3;S003:2;S004:3;S005:1;S006:2;S007:3;S008:3;S009:2;S010:3;S011:2;S012:3;S013:2;S014:1;S015:1;S016:2,S002:3;S004:3;S007:3;S009:2;S012:3;S014:2;S016:2
E724,Suman Chandra Roy,R009,Additional Director General,NSO,Overseeing budget and resource planning for NSO for the current cycle,M.A. Statistics,28,"C503,C621,C397,C419,C526",S001:3;S002:3;S003:3;S004:3;S005:2;S006:2;S007:1;S008:2;S009:3;S010:3;S011:2;S012:3;S013:3;S014:2;S015:2;S016:2,S002:3;S005:2;S006:2;S008:2;S012:3;S016:2
E725,Sumanpreet Kaur,R004,Director General (NSS),NSSTA,Managing stakeholder coordination on a NSSTA modernisation initiative,M.Sc. Operations Research,37,"C549,C720,C185,C015,C668",S001:2;S002:3;S003:2;S004:2;S005:2;S006:1;S007:2;S008:3;S009:2;S010:3;S011:3;S012:3;S013:3;S014:1;S015:2;S016:2,S002:3;S004:2;S006:1;S008:3;S009:2;S012:3;S013:2
E726,Sumanta Chakraborty,R008,Director General (CS),Office of Secretary,Coordinating the Q3 data quality review for Office of Secretary,Ph.D. Demography,37,"C318,C152,C049,C452",S001:2;S002:3;S003:2;S004:1;S005:2;S006:2;S007:2;S008:3;S009:3;S010:3;S011:3;S012:3;S013:3;S014:1;S015:3;S016:2,S001:2;S003:3;S005:2;S006:2;S012:3;S016:2
E727,Sumedh Sopan Nagrare,R038,Private Secretary,General Administration Division,Reviewing SOPs and process digitisation for General Administration Division,M.A. Statistics,19,"C170,C662,C552,C738",S001:2;S002:3;S003:2;S004:1;S005:1;S006:1;S007:2;S008:2;S009:2;S010:2;S011:3;S012:1;S013:1;S014:1;S015:2;S016:2,S001:2;S004:1;S007:2;S010:2;S014:2;S015:2;S016:2
E728,Suneel Kumar,R039,Deputy Commissioner,O/o Registrar General of India (RGI),Conducting field verification and monitoring visits for O/o Registrar General of India (RGI),M.A. Economics,15,"C599,C177,C229",S001:1;S002:2;S003:2;S004:2;S005:2;S006:3;S007:3;S008:1;S009:1;S010:1;S011:3;S012:1;S013:3;S014:1;S015:3;S016:2,S001:1;S002:2;S008:1;S010:1;S015:3;S016:2
E729,Sunil Nayak,R011,Additional Director General,General Administration Division,Overseeing budget and resource planning for General Administration Division for the current cycle,M.Sc. Mathematics,31,"C648,C239,C500,C011,C205,C266",S001:3;S002:3;S003:3;S004:3;S005:1;S006:2;S007:2;S008:3;S009:1;S010:3;S011:2;S012:3;S013:3;S014:2;S015:2;S016:1,S005:1;S009:1;S010:3;S012:3;S016:1
E730,Sunil Kumar Bhanawat,R057,Assistant Director,NSO (DIID),Assisting in policy note preparation for NSO (DIID),M.Sc. Data Science,5,"C724,C430,C515",S001:1;S002:1;S003:1;S004:1;S005:3;S006:1;S007:2;S008:1;S009:2;S010:1;S011:2;S012:1;S013:1;S014:2;S015:2;S016:1,S003:1;S004:1;S005:3;S008:1;S010:1;S013:1;S015:2;S016:1
E731,Sunil Kumar Patel,R060,Assistant Director (Probationer),NSSTA,Supervising staff training rollout within NSSTA,M.Sc. Mathematics,1,"C318,C024,C005",S001:1;S002:1;S003:3;S004:1;S005:2;S006:3;S007:3;S008:2;S009:1;S010:2;S011:1;S012:2;S013:2;S014:1;S015:2;S016:3,S002:1;S006:3;S007:3;S008:3;S009:1;S011:1;S012:2;S014:1
E732,Sunil Kumar Singh,R031,Member Secretary,Central Information Commission,Leading survey design updates for Central Information Commission's ongoing field operations,M.Sc. Mathematics,19,"C732,C630,C204,C159",S001:3;S002:2;S003:2;S004:1;S005:2;S006:3;S007:1;S008:1;S009:1;S010:2;S011:2;S012:1;S013:3;S014:1;S015:1;S016:2,S001:3;S002:2;S004:1;S007:1;S010:2;S011:2;S016:2
E733,Sunil Prakash Bhardwaj,R045,Manager (M&E),NITI Aayog (DMEO),Leading survey design updates for NITI Aayog (DMEO)'s ongoing field operations,M.Sc. Economics,18,"C640,C571,C033,C502,C154",S001:3;S002:2;S003:1;S004:2;S005:3;S006:1;S007:3;S008:2;S009:1;S010:3;S011:2;S012:2;S013:3;S014:2;S015:3;S016:1,S004:2;S009:1;S010:3;S011:2;S013:3;S014:2;S015:3;S016:1
E734,Sunita Choudhary,R033,Deputy Secretary,General Administration Division,Reviewing SOPs and process digitisation for General Administration Division,M.A. Economics,15,"C509,C645,C036,C666",S001:1;S002:1;S003:2;S004:2;S005:2;S006:3;S007:1;S008:2;S009:1;S010:2;S011:3;S012:2;S013:3;S014:1;S015:1;S016:1,S002:1;S007:1;S008:2;S009:1;S012:2;S014:1;S016:1
E735,Sunita Choudhary,R045,Manager (M&E),NITI Aayog (DMEO),Preparing the Q4 performance report for NITI Aayog (DMEO),M.A. Economics,14,"C541,C759,C279",S001:3;S002:3;S003:3;S004:3;S005:3;S006:1;S007:1;S008:1;S009:2;S010:2;S011:1;S012:1;S013:3;S014:2;S015:3;S016:1,S003:3;S004:3;S007:1;S008:1;S009:2;S015:3
E736,Sunitha Bhaskar,R021,Statistical Advisor,DES,Analysing recent data releases and drafting a brief for DES leadership,M.Sc. Applied Statistics,29,"C103,C036,C008,C650,C339",S001:3;S002:3;S003:1;S004:2;S005:3;S006:1;S007:3;S008:3;S009:1;S010:3;S011:3;S012:3;S013:2;S014:3;S015:2;S016:1,S001:3;S002:3;S003:1;S007:2;S009:2;S011:3;S014:3;S015:1
E737,Supriya Roy,R042,Deputy General Manager,Coconut Development Board,Supervising staff training rollout within Coconut Development Board,M.Sc. Applied Statistics,17,"C003,C774,C714,C222,C054",S001:3;S002:2;S003:1;S004:2;S005:3;S006:2;S007:1;S008:2;S009:1;S010:2;S011:3;S012:1;S013:1;S014:1;S015:1;S016:1,S001:3;S004:3;S006:2;S007:2;S012:2;S016:1
E738,Supriya Sarkar,R043,Senior Manager,TRIFED,Assisting in policy note preparation for TRIFED,MBA (Public Policy),18,"C200,C581,C379,C699,C511",S001:2;S002:2;S003:2;S004:2;S005:2;S006:1;S007:1;S008:3;S009:1;S010:2;S011:2;S012:1;S013:2;S014:1;S015:2;S016:1,S002:2;S005:3;S007:1;S008:2;S009:1;S013:2;S015:2
E739,Supriya Saxena,R019,Vice Chairman,Office of Secretary,Analysing recent data releases and drafting a brief for Office of Secretary leadership,M.Sc. Operations Research,22,"C561,C075,C423,C720,C041,C454",S001:2;S002:2;S003:2;S004:3;S005:2;S006:2;S007:1;S008:3;S009:2;S010:3;S011:2;S012:2;S013:3;S014:2;S015:1;S016:1,S004:3;S006:2;S007:1;S009:2;S010:3;S013:3;S014:2;S016:1
E740,Suraj Kumar,R011,Additional Director General,General Administration Division,Piloting a new dashboard/reporting tool for General Administration Division,M.Sc. Applied Statistics,33,"C429,C003,C712,C057,C124,C370",S001:3;S002:2;S003:3;S004:3;S005:2;S006:2;S007:2;S008:2;S009:2;S010:3;S011:1;S012:3;S013:3;S014:1;S015:1;S016:3,S002:3;S006:1;S008:2;S012:3;S016:3
E741,Suraj Kumar Shukla,R021,Statistical Advisor,DES,Leading survey design updates for DES's ongoing field operations,M.Sc. Economics,22,"C359,C355,C613,C053",S001:3;S002:2;S003:2;S004:3;S005:3;S006:1;S007:3;S008:3;S009:3;S010:2;S011:3;S012:3;S013:2;S014:3;S015:3;S016:2,S001:3;S003:2;S004:3;S007:3;S010:2;S013:2;S014:3;S016:2
E742,Suresh Chand Agrawal,R011,Additional Director General,General Administration Division,Conducting field verification and monitoring visits for General Administration Division,M.Sc. Statistics,32,"C451,C177,C649,C100,C653",S001:3;S002:2;S003:3;S004:2;S005:2;S006:3;S007:2;S008:3;S009:2;S010:3;S011:1;S012:2;S013:2;S014:2;S015:2;S016:3,S003:2;S004:2;S005:2;S008:3;S016:3
E743,Surya Dasgupta,R035,Officer-on-Special Duty,Office of Secretary,Preparing the Q2 performance report for Office of Secretary,M.Sc. Statistics,20,"C500,C437,C098",S001:3;S002:2;S003:1;S004:2;S005:2;S006:2;S007:1;S008:2;S009:2;S010:3;S011:2;S012:1;S013:3;S014:1;S015:1;S016:2,S001:2;S006:2;S012:1;S013:3;S016:2
E744,Suryansh Gupta,R050,Deputy Passport Officer,Regional Passport Offices,Analysing recent data releases and drafting a brief for Regional Passport Offices leadership,M.Sc. Operations Research,16,"C429,C196,C649,C261,C221",S001:3;S002:1;S003:3;S004:2;S005:3;S006:1;S007:2;S008:2;S009:1;S010:2;S011:2;S012:1;S013:3;S014:1;S015:2;S016:2,S002:1;S003:3;S004:2;S007:2;S010:2;S015:2;S016:2
E745,Sushobhan Talukdar,R031,Member Secretary,Central Information Commission,Reviewing SOPs and process digitisation for Central Information Commission,M.Sc. Statistics,15,"C074,C648,C765,C350,C332",S001:2;S002:2;S003:1;S004:2;S005:1;S006:2;S007:1;S008:2;S009:2;S010:1;S011:2;S012:1;S013:2;S014:1;S015:1;S016:1,S001:2;S002:2;S005:2;S007:2;S008:2;S010:1;S011:2;S016:1
E746,Sutapa Ghosh,R039,Deputy Commissioner,O/o Registrar General of India (RGI),Supervising staff training rollout within O/o Registrar General of India (RGI),M.Sc. Operations Research,16,"C782,C097,C493,C592,C594",S001:2;S002:3;S003:2;S004:2;S005:2;S006:2;S007:2;S008:2;S009:1;S010:3;S011:2;S012:1;S013:2;S014:1;S015:3;S016:3,S002:3;S006:2;S007:2;S010:3;S012:1;S016:3
E747,Sutapa Ghosh,R051,Deputy Director,NSO (HSD),Reviewing SOPs and process digitisation for NSO (HSD),M.Sc. Operations Research,14,"C405,C446",S001:2;S002:3;S003:1;S004:2;S005:3;S006:1;S007:2;S008:1;S009:3;S010:1;S011:1;S012:1;S013:3;S014:2;S015:2;S016:1,S001:2;S003:1;S008:1;S011:1;S012:1;S016:1
E748,Swagata Mitra,R017,Deputy Director General,DES,Analysing recent data releases and drafting a brief for DES leadership,M.Sc. Economics,24,"C487,C628,C377",S001:3;S002:2;S003:3;S004:3;S005:3;S006:1;S007:2;S008:3;S009:2;S010:2;S011:3;S012:3;S013:2;S014:2;S015:1;S016:2,S003:3;S010:2;S011:3;S012:3;S013:2;S014:2;S016:2
E749,Swapna Banerjee,R024,Executive Director,Coconut Development Board,Overseeing budget and resource planning for Coconut Development Board for the current cycle,MBA (Public Policy),28,"C393,C750,C423,C643,C721",S001:2;S002:3;S003:1;S004:3;S005:3;S006:3;S007:3;S008:3;S009:3;S010:3;S011:3;S012:2;S013:2;S014:1;S015:1;S016:1,S004:3;S007:3;S008:3;S009:3;S010:3;S012:2;S013:2;S016:1
E750,Swapnalee Bhattacharya,R055,Under Secretary,D/o Expenditure,Assisting in policy note preparation for D/o Expenditure,M.A. Statistics,10,"C378,C616,C244,C345",S001:1;S002:2;S003:1;S004:2;S005:1;S006:2;S007:2;S008:2;S009:1;S010:1;S011:1;S012:1;S013:2;S014:1;S015:1;S016:1,S004:2;S007:2;S008:2;S009:1;S012:2;S013:2;S015:1
E751,Swarn Lal,R044,Senior Manager,Coconut Development Board,Managing stakeholder coordination on a Coconut Development Board modernisation initiative,M.Sc. Operations Research,21,"C066,C164,C205,C592",S001:2;S002:2;S003:3;S004:2;S005:2;S006:1;S007:1;S008:2;S009:2;S010:2;S011:2;S012:1;S013:2;S014:1;S015:1;S016:1,S002:2;S003:3;S009:2;S010:2;S011:2;S012:1;S014:1
E752,Swati Gupta,R017,Deputy Director General,DES,Assisting in policy note preparation for DES,M.Sc. Economics,22,"C059,C631,C513,C087,C150,C338",S001:3;S002:3;S003:1;S004:1;S005:3;S006:2;S007:2;S008:3;S009:1;S010:3;S011:3;S012:3;S013:3;S014:3;S015:2;S016:1,S005:3;S006:3;S012:3;S013:3;S016:1
E753,Swati Mazumder,R006,Director General (DG),General Administration Division,Supervising staff training rollout within General Administration Division,Ph.D. Demography,36,"C118,C069,C772,C079,C026",S001:2;S002:3;S003:3;S004:3;S005:1;S006:2;S007:1;S008:2;S009:1;S010:3;S011:2;S012:3;S013:3;S014:2;S015:1;S016:2,S004:2;S005:1;S006:3;S007:1;S010:3;S016:2
E754,Syed Adil Zahoor,R021,Statistical Advisor,DES,Preparing the Q4 performance report for DES,M.Sc. Economics,28,"C207,C340,C363,C374",S001:3;S002:1;S003:3;S004:3;S005:3;S006:1;S007:3;S008:3;S009:2;S010:3;S011:3;S012:2;S013:2;S014:3;S015:3;S016:2,S001:3;S003:3;S006:1;S009:2;S010:3;S012:2;S013:2
E755,Syed Iqbal Shuja Naqvi,R031,Member Secretary,Central Information Commission,Reviewing SOPs and process digitisation for Central Information Commission,M.Sc. Statistics,15,"C318,C186,C181,C001,C193",S001:2;S002:2;S003:2;S004:2;S005:1;S006:2;S007:1;S008:2;S009:1;S010:2;S011:3;S012:1;S013:1;S014:1;S015:1;S016:1,S002:2;S003:2;S006:2;S007:1;S010:2;S011:3;S016:1
E756,T K Solanki,R025,Director,NSO (SSD),Reviewing SOPs and process digitisation for NSO (SSD),M.Sc. Operations Research,16,"C654,C671,C095",S001:2;S002:2;S003:2;S004:1;S005:3;S006:1;S007:2;S008:2;S009:1;S010:2;S011:1;S012:1;S013:2;S014:2;S015:3;S016:1,S003:2;S004:2;S006:1;S007:1;S008:2;S014:2;S016:1
E757,Tandrima Chakraborty,R003,Director General (NSS),NSO,Piloting a new dashboard/reporting tool for NSO,M.A. Statistics,34,"C088,C329,C404,C602,C695",S001:2;S002:3;S003:3;S004:1;S005:1;S006:1;S007:2;S008:3;S009:2;S010:3;S011:3;S012:3;S013:3;S014:1;S015:1;S016:2,S002:3;S003:3;S004:1;S006:2;S007:2;S009:2
E758,Tapan Kumar Mishra,R018,Vice Chairman,NEC Secretariat,Analysing recent data releases and drafting a brief for NEC Secretariat leadership,M.Sc. Mathematics,24,"C517,C177,C681,C016,C263,C093",S001:3;S002:2;S003:3;S004:3;S005:1;S006:2;S007:1;S008:2;S009:2;S010:3;S011:3;S012:3;S013:2;S014:2;S015:1;S016:2,S001:3;S003:3;S005:1;S007:1;S009:2;S010:3;S012:3;S016:2
E759,Tarak Chandra Patra,R005,Director General (DG),NSO,Preparing the Q3 performance report for NSO,Ph.D. Data Science,34,"C151,C199,C301,C515,C374",S001:2;S002:3;S003:3;S004:3;S005:1;S006:1;S007:1;S008:3;S009:2;S010:3;S011:3;S012:2;S013:2;S014:2;S015:1;S016:1,S003:3;S009:2;S012:2;S015:1;S016:1
E760,Tariq Ahmed Tanga,R025,Director,NSO (SSD),Leading survey design updates for NSO (SSD)'s ongoing field operations,M.A. Economics,17,"C477,C265,C079,C090,C515",S001:3;S002:1;S003:1;S004:1;S005:3;S006:1;S007:2;S008:2;S009:2;S010:3;S011:3;S012:1;S013:2;S014:1;S015:3;S016:2,S005:3;S006:1;S008:2;S009:2;S012:1;S013:2;S015:3;S016:1
E761,Tashika,R053,Deputy Director,DES,Piloting a new dashboard/reporting tool for DES,M.Sc. Mathematics,12,"C198,C414,C323,C174",S001:3;S002:2;S003:1;S004:1;S005:3;S006:1;S007:1;S008:1;S009:1;S010:1;S011:1;S012:1;S013:2;S014:1;S015:2;S016:2,S007:1;S009:1;S010:1;S011:1;S013:2
E762,Timan Singh,R017,Deputy Director General,DES,Conducting field verification and monitoring visits for DES,MBA (Public Policy),27,"C681,C072,C556,C269,C551",S001:3;S002:2;S003:1;S004:3;S005:3;S006:1;S007:3;S008:3;S009:3;S010:2;S011:3;S012:3;S013:2;S014:3;S015:3;S016:2,S003:1;S005:3;S006:1;S007:3;S010:2;S014:2;S016:2
E763,Tuhina Das,R043,Senior Manager,TRIFED,Supervising staff training rollout within TRIFED,M.Sc. Operations Research,17,"C019,C626,C502",S001:2;S002:3;S003:1;S004:2;S005:2;S006:2;S007:1;S008:2;S009:2;S010:1;S011:3;S012:1;S013:2;S014:1;S015:1;S016:1,S001:3;S002:3;S004:1;S007:1;S012:1;S013:2;S015:2;S016:1
E764,Tulika,R053,Deputy Director,DES,Handling grievance redressal and correspondence for DES,PGDM,10,"C242,C765",S001:1;S002:1;S003:1;S004:1;S005:3;S006:1;S007:1;S008:1;S009:1;S010:1;S011:1;S012:1;S013:1;S014:3;S015:1;S016:1,S002:1;S005:3;S006:1;S008:1;S009:1;S015:1
E765,Tusar Bordoloi,R049,Deputy Passport Officer,Central Passport Organisation,Analysing recent data releases and drafting a brief for Central Passport Organisation leadership,M.Sc. Mathematics,16,"C097,C592,C709",S001:2;S002:3;S003:2;S004:3;S005:2;S006:2;S007:3;S008:2;S009:1;S010:3;S011:3;S012:1;S013:2;S014:1;S015:1;S016:1,S002:3;S003:2;S007:3;S009:1;S012:2;S016:1
E766,Ujjaval Srivastava,R021,Statistical Advisor,DES,Reviewing SOPs and process digitisation for DES,M.A. Statistics,25,"C561,C460,C094,C571,C502",S001:3;S002:2;S003:1;S004:2;S005:3;S006:1;S007:3;S008:3;S009:1;S010:3;S011:3;S012:3;S013:2;S014:3;S015:1;S016:3,S001:3;S004:2;S008:3;S009:1;S014:3;S016:3
E767,Umesh Kumawat,R030,Joint Director,Labour Bureau,Piloting a new dashboard/reporting tool for Labour Bureau,M.A. Economics,19,"C009,C158,C755,C511",S001:2;S002:2;S003:1;S004:2;S005:2;S006:1;S007:2;S008:1;S009:2;S010:2;S011:2;S012:1;S013:2;S014:2;S015:3;S016:3,S003:1;S008:1;S010:2;S011:1;S012:1;S014:2;S015:2;S016:2
E768,Uppala Srinivas,R036,Officer-on-Special Duty,MPLADS,Leading survey design updates for MPLADS's ongoing field operations,M.Sc. Applied Statistics,14,"C050,C322,C438",S001:2;S002:2;S003:2;S004:2;S005:3;S006:2;S007:3;S008:1;S009:1;S010:2;S011:2;S012:1;S013:2;S014:1;S015:1;S016:3,S001:1;S005:3;S009:1;S015:1;S016:3
E769,Utkarsha Nishad,R013,Joint Secretary,D/o Economic Affairs,Managing stakeholder coordination on a D/o Economic Affairs modernisation initiative,Ph.D. Economics,31,"C747,C318,C712,C311",S001:2;S002:3;S003:2;S004:3;S005:1;S006:2;S007:1;S008:3;S009:3;S010:3;S011:2;S012:3;S013:3;S014:1;S015:1;S016:1,S003:2;S005:2;S007:1;S011:1;S015:1;S016:1
E770,Uttam Kumar Majee,R019,Vice Chairman,Office of Secretary,Conducting field verification and monitoring visits for Office of Secretary,M.Sc. Mathematics,24,"C182,C575,C552,C138,C109",S001:2;S002:1;S003:1;S004:3;S005:2;S006:2;S007:1;S008:3;S009:3;S010:3;S011:2;S012:3;S013:2;S014:1;S015:1;S016:2,S002:1;S005:2;S007:1;S012:2;S013:2;S014:1;S016:2
E771,V. Rethinam,R056,Assistant Director,NSO (FOD),Reviewing SOPs and process digitisation for NSO (FOD),M.Sc. Mathematics,1,"C504,C268,C752",S001:2;S002:1;S003:1;S004:1;S005:2;S006:2;S007:1;S008:2;S009:1;S010:1;S011:1;S012:1;S013:1;S014:2;S015:2;S016:1,S005:2;S006:2;S007:1;S008:1;S012:1;S013:1;S016:1
E772,Vaishali,R041,Deputy General Manager,Rashtriya Chemicals and Fertilizers Limited,Preparing the Q2 performance report for Rashtriya Chemicals and Fertilizers Limited,M.A. Economics,18,"C207,C651,C693,C438",S001:3;S002:2;S003:2;S004:3;S005:2;S006:1;S007:2;S008:1;S009:1;S010:2;S011:3;S012:1;S013:1;S014:1;S015:1;S016:1,S003:2;S005:2;S006:1;S008:1;S009:1;S011:3;S014:1
E773,Vandana Gautam,R014,Joint Secretary,General Administration Division,Analysing recent data releases and drafting a brief for General Administration Division leadership,M.Sc. Mathematics,32,"C009,C471,C433,C057",S001:2;S002:3;S003:3;S004:3;S005:1;S006:2;S007:1;S008:3;S009:2;S010:3;S011:3;S012:3;S013:3;S014:1;S015:1;S016:1,S003:2;S005:1;S006:3;S007:2;S014:1
E774,Vandana Marwah,R059,Assistant Director (Probationer),NSO (RAU),Managing stakeholder coordination on a NSO (RAU) modernisation initiative,M.A. Economics,3,"C232,C343,C129",S001:2;S002:1;S003:1;S004:1;S005:3;S006:1;S007:2;S008:1;S009:1;S010:1;S011:1;S012:1;S013:1;S014:3;S015:3;S016:1,S002:1;S004:1;S005:3;S009:1;S010:1;S014:3;S016:1
E775,Vangari Rama Krishna,R047,Executive Officer (Census),O/o Registrar General of India (RGI),Conducting field verification and monitoring visits for O/o Registrar General of India (RGI),M.Sc. Applied Statistics,19,"C762,C318,C471",S001:3;S002:2;S003:3;S004:2;S005:3;S006:3;S007:2;S008:1;S009:1;S010:3;S011:3;S012:1;S013:1;S014:1;S015:3;S016:1,S002:2;S003:3;S007:2;S008:1;S014:1;S016:1
E776,Vasumana Punj,R006,Director General (DG),General Administration Division,Piloting a new dashboard/reporting tool for General Administration Division,Ph.D. Economics,34,"C091,C546,C136,C026",S001:2;S002:3;S003:3;S004:3;S005:1;S006:1;S007:2;S008:3;S009:2;S010:2;S011:2;S012:2;S013:3;S014:2;S015:1;S016:2,S004:3;S007:2;S009:2;S012:3;S014:2;S016:2
E777,Veena Singh,R050,Deputy Passport Officer,Regional Passport Offices,Overseeing budget and resource planning for Regional Passport Offices for the current cycle,M.Sc. Statistics,15,"C079,C219,C279",S001:3;S002:2;S003:3;S004:2;S005:2;S006:3;S007:2;S008:2;S009:2;S010:3;S011:1;S012:1;S013:2;S014:1;S015:1;S016:3,S001:3;S007:2;S010:3;S011:1;S014:1;S016:3
E778,Venkata Anantha P. Swamy Kari,R053,Deputy Director,DES,Supervising staff training rollout within DES,M.Sc. Operations Research,10,"C548,C706",S001:3;S002:3;S003:1;S004:1;S005:3;S006:1;S007:3;S008:1;S009:2;S010:1;S011:2;S012:1;S013:2;S014:3;S015:1;S016:1,S001:3;S003:1;S006:1;S011:3;S013:2;S014:3;S015:1
E779,Venkatramana R Hegde,R054,Under Secretary,General Administration Division,Supervising staff training rollout within General Administration Division,M.A. Economics,12,"C694,C368",S001:2;S002:3;S003:1;S004:2;S005:2;S006:2;S007:1;S008:1;S009:1;S010:1;S011:2;S012:1;S013:2;S014:2;S015:2;S016:2,S001:2;S002:2;S006:2;S007:1;S009:2;S010:1
E780,Vibeesh E.M.,R021,Statistical Advisor,DES,Coordinating the Q3 data quality review for DES,M.Sc. Mathematics,29,"C375,C341,C046",S001:3;S002:3;S003:2;S004:2;S005:3;S006:1;S007:2;S008:2;S009:1;S010:3;S011:3;S012:2;S013:2;S014:3;S015:2;S016:1,S002:3;S004:2;S008:2;S009:1;S010:3;S016:1
E781,Vijay Ladha,R052,Deputy Director,NSO (EnSD),Overseeing budget and resource planning for NSO (EnSD) for the current cycle,M.Sc. Applied Statistics,13,"C643,C508",S001:3;S002:2;S003:2;S004:1;S005:3;S006:2;S007:3;S008:2;S009:3;S010:1;S011:1;S012:1;S013:3;S014:1;S015:2;S016:2,S003:2;S004:1;S007:3;S009:3;S010:1;S014:1
E782,Vikas Gurjar,R017,Deputy Director General,DES,Handling grievance redressal and correspondence for DES,M.Sc. Mathematics,29,"C299,C482,C237",S001:3;S002:2;S003:2;S004:2;S005:3;S006:2;S007:3;S008:3;S009:1;S010:3;S011:3;S012:3;S013:3;S014:3;S015:2;S016:1,S003:3;S004:2;S005:2;S009:1;S010:3;S013:3;S015:1
E783,Vikas Nigam,R028,Joint Director,NSO (PSD),Handling grievance redressal and correspondence for NSO (PSD),M.Sc. Mathematics,21,"C124,C264,C343,C161",S001:3;S002:2;S003:1;S004:2;S005:3;S006:2;S007:3;S008:2;S009:1;S010:2;S011:2;S012:1;S013:2;S014:1;S015:2;S016:2,S005:3;S007:3;S008:2;S013:2;S016:2
E784,Vikas Rundala,R029,Joint Director,CBHI,Coordinating the Q4 data quality review for CBHI,M.Sc. Operations Research,21,"C477,C049,C036",S001:3;S002:3;S003:1;S004:2;S005:3;S006:2;S007:1;S008:1;S009:1;S010:2;S011:2;S012:1;S013:3;S014:3;S015:3;S016:1,S003:1;S008:1;S009:1;S013:3;S014:3;S015:3
E785,Vikash Kumar Dubey,R013,Joint Secretary,D/o Economic Affairs,Piloting a new dashboard/reporting tool for D/o Economic Affairs,Ph.D. Demography,28,"C316,C648,C163,C566,C135",S001:2;S002:3;S003:3;S004:3;S005:1;S006:1;S007:1;S008:3;S009:2;S010:3;S011:3;S012:3;S013:3;S014:1;S015:2;S016:2,S001:2;S006:1;S011:2;S013:3;S016:3
E786,Vikram Tanwar,R028,Joint Director,NSO (PSD),Overseeing budget and resource planning for NSO (PSD) for the current cycle,M.Sc. Applied Statistics,18,"C126,C545,C744,C299",S001:3;S002:2;S003:1;S004:1;S005:3;S006:1;S007:3;S008:2;S009:2;S010:2;S011:3;S012:1;S013:2;S014:2;S015:3;S016:2,S007:3;S008:2;S009:2;S010:3;S011:3;S014:2;S015:3;S016:3
E787,Vinay Kumar Pandey,R049,Deputy Passport Officer,Central Passport Organisation,Handling grievance redressal and correspondence for Central Passport Organisation,M.Sc. Mathematics,16,"C543,C148,C592,C604,C642",S001:3;S002:2;S003:2;S004:2;S005:1;S006:2;S007:2;S008:2;S009:1;S010:2;S011:2;S012:1;S013:2;S014:2;S015:1;S016:1,S001:3;S005:1;S007:2;S008:1;S009:1;S014:2;S016:1
E788,Vineesh P P,R035,Officer-on-Special Duty,Office of Secretary,Supervising staff training rollout within Office of Secretary,M.A. Economics,17,"C630,C125,C121",S001:2;S002:1;S003:2;S004:2;S005:2;S006:2;S007:1;S008:1;S009:1;S010:1;S011:2;S012:1;S013:2;S014:1;S015:1;S016:1,S002:1;S004:2;S006:2;S007:1;S010:1;S016:1
E789,Vineetha O K,R022,Statistical Advisor,Labour Bureau,Assisting in policy note preparation for Labour Bureau,M.A. Economics,28,"C283,C059,C488,C742,C603",S001:3;S002:3;S003:3;S004:2;S005:2;S006:1;S007:3;S008:3;S009:2;S010:3;S011:3;S012:2;S013:3;S014:2;S015:3;S016:2,S002:3;S007:3;S010:3;S011:3;S016:2
E790,Vinit Kumar,R030,Joint Director,Labour Bureau,Assisting in policy note preparation for Labour Bureau,M.A. Economics,14,"C678,C065,C515",S001:3;S002:2;S003:2;S004:2;S005:3;S006:2;S007:1;S008:3;S009:1;S010:1;S011:1;S012:1;S013:3;S014:2;S015:3;S016:1,S003:2;S004:2;S006:2;S008:3;S012:1;S014:1;S015:3;S016:1
E791,Vinod kumar,R008,Director General (CS),Office of Secretary,Analysing recent data releases and drafting a brief for Office of Secretary leadership,Ph.D. Economics,36,"C099,C748,C265,C261,C597",S001:1;S002:2;S003:2;S004:3;S005:1;S006:2;S007:1;S008:3;S009:1;S010:3;S011:3;S012:3;S013:3;S014:1;S015:3;S016:3,S001:1;S003:1;S009:1;S010:2;S012:3;S013:3;S014:1;S016:3
E792,Vipin Singh,R018,Vice Chairman,NEC Secretariat,Assisting in policy note preparation for NEC Secretariat,M.Sc. Economics,24,"C478,C386,C279,C472,C533,C373",S001:1;S002:1;S003:3;S004:3;S005:2;S006:3;S007:1;S008:3;S009:2;S010:3;S011:3;S012:3;S013:3;S014:1;S015:1;S016:2,S002:1;S004:3;S005:2;S007:1;S012:3;S016:2
E793,Virender Singh,R007,Director General (CS),Central Statistics Office wing (NSO),Supervising staff training rollout within Central Statistics Office wing (NSO),M.Sc. Applied Statistics,34,"C517,C672,C142,C075,C699,C627",S001:3;S002:3;S003:2;S004:1;S005:2;S006:1;S007:2;S008:3;S009:1;S010:3;S011:3;S012:3;S013:3;S014:1;S015:3;S016:1,S001:3;S002:3;S005:2;S006:1;S009:1;S012:3;S013:3
E794,Vishakha Aditya Rathore,R023,Executive Director,NSSTA,Coordinating the Q1 data quality review for NSSTA,M.Sc. Economics,26,"C478,C630,C164,C181,C681,C479",S001:2;S002:1;S003:3;S004:3;S005:3;S006:2;S007:1;S008:3;S009:2;S010:2;S011:3;S012:2;S013:1;S014:2;S015:1;S016:1,S005:3;S006:1;S007:1;S008:3;S009:2;S015:1;S016:2
E795,Vishal Kumar,R060,Assistant Director (Probationer),NSSTA,Analysing recent data releases and drafting a brief for NSSTA leadership,M.Sc. Operations Research,1,"C610,C330,C088",S001:2;S002:1;S003:2;S004:1;S005:3;S006:1;S007:2;S008:2;S009:1;S010:2;S011:1;S012:2;S013:2;S014:2;S015:2;S016:1,S003:2;S008:3;S010:2;S013:2;S014:1;S015:2;S016:1
E796,Vishnu Raj G,R018,Vice Chairman,NEC Secretariat,Preparing the Q3 performance report for NEC Secretariat,M.A. Economics,24,"C289,C419,C368",S001:2;S002:2;S003:2;S004:3;S005:1;S006:2;S007:1;S008:3;S009:3;S010:3;S011:3;S012:3;S013:3;S014:2;S015:1;S016:2,S003:2;S004:3;S005:1;S007:1;S011:3;S012:3;S016:2
E797,Vishvnath Kumar,R051,Deputy Director,NSO (HSD),Overseeing budget and resource planning for NSO (HSD) for the current cycle,PGDM,12,"C341,C495,C576,C757",S001:2;S002:2;S003:1;S004:2;S005:3;S006:1;S007:2;S008:2;S009:1;S010:1;S011:1;S012:1;S013:2;S014:1;S015:3;S016:1,S003:1;S004:2;S008:3;S010:2;S012:1
E798,Vishwajeet Kumar,R004,Director General (NSS),NSSTA,Preparing the Q3 performance report for NSSTA,M.Sc. Operations Research,35,"C704,C540,C299,C172,C269",S001:2;S002:3;S003:3;S004:2;S005:1;S006:3;S007:2;S008:3;S009:2;S010:3;S011:2;S012:3;S013:3;S014:2;S015:2;S016:3,S003:3;S008:3;S011:2;S015:2;S016:3
E799,Vishwanath Pratap Singh,R006,Director General (DG),General Administration Division,Handling grievance redressal and correspondence for General Administration Division,M.Sc. Mathematics,35,"C702,C429,C734,C266",S001:1;S002:3;S003:3;S004:3;S005:1;S006:2;S007:1;S008:3;S009:2;S010:3;S011:3;S012:3;S013:3;S014:1;S015:1;S016:2,S004:3;S007:1;S009:2;S011:2;S012:2;S016:3
E800,Vivek Shukla,R054,Under Secretary,General Administration Division,Supervising staff training rollout within General Administration Division,MBA (General Management),9,"C446,C273",S001:1;S002:2;S003:1;S004:2;S005:1;S006:2;S007:1;S008:1;S009:1;S010:1;S011:1;S012:1;S013:1;S014:2;S015:1;S016:1,S002:2;S004:2;S009:1;S010:1;S013:1
E801,Vivek Srivastava,R015,Deputy Director General,NSO (FOD),Conducting field verification and monitoring visits for NSO (FOD),M.Sc. Operations Research,23,"C386,C241,C207,C197,C423,C721",S001:3;S002:3;S003:1;S004:3;S005:3;S006:1;S007:3;S008:3;S009:1;S010:3;S011:3;S012:3;S013:3;S014:2;S015:3;S016:2,S003:1;S005:3;S011:3;S012:3;S013:3
E802,Y.P.Sarma Yammanur,R045,Manager (M&E),NITI Aayog (DMEO),Analysing recent data releases and drafting a brief for NITI Aayog (DMEO) leadership,M.Sc. Statistics,15,"C420,C670,C671",S001:3;S002:1;S003:2;S004:2;S005:2;S006:1;S007:2;S008:2;S009:1;S010:2;S011:2;S012:1;S013:1;S014:2;S015:2;S016:1,S003:2;S004:1;S005:2;S006:1;S009:1;S011:3
E803,Yashwant Kumar,R028,Joint Director,NSO (PSD),Conducting field verification and monitoring visits for NSO (PSD),M.Sc. Applied Statistics,21,"C359,C233,C108,C008,C202",S001:2;S002:2;S003:1;S004:1;S005:3;S006:1;S007:1;S008:1;S009:1;S010:1;S011:2;S012:2;S013:2;S014:2;S015:2;S016:3,S002:2;S005:3;S012:3;S015:2;S016:3
E804,Yogendra Prasad,R048,Deputy Director (Admn),General Administration Division,Overseeing budget and resource planning for General Administration Division for the current cycle,M.Sc. Applied Statistics,19,"C281,C546,C538",S001:2;S002:2;S003:1;S004:1;S005:2;S006:2;S007:1;S008:2;S009:1;S010:2;S011:1;S012:2;S013:2;S014:1;S015:2;S016:1,S003:1;S007:2;S009:1;S011:1;S012:2;S013:2;S015:1;S016:1
E805,Yogesh Kumar,R049,Deputy Passport Officer,Central Passport Organisation,Handling grievance redressal and correspondence for Central Passport Organisation,M.Sc. Statistics,17,"C330,C036,C195,C033",S001:2;S002:1;S003:2;S004:2;S005:3;S006:3;S007:1;S008:1;S009:1;S010:1;S011:2;S012:1;S013:3;S014:2;S015:1;S016:2,S002:1;S003:2;S004:3;S007:1;S012:1;S014:2;S016:2
