course_id,course_title,description,skill_tags,target_level,duration_minutes,mode,provider,language
C001,Course - Internal Tactics Supervisor - C134753,Course - Internal Tactics Supervisor - C134753 summary,S005,2,2249,self-paced,iGoT,English/Hindi
C002,Flood-Disaster Response Training,The purpose of this course is to enhance the knowledge of the learners towards the causes and impact of floods. It illustrates the different safety measures to be followed in flood situations and elucidates the key role volunteers play.,"S003,S002,S007",3,3600,instructor-led,National Disaster Response Force (NDRF),English/Hindi
C003,Ministry of Mines - Technology and Innovation(Part 6),"This is the sixth module of the training program, focusing on international best practices in sustainable mining using evolving technologies like remote sensing, blockchain, and data analytics. It emphasizes technology's crucial role in safety, efficiency, sustainability, and stakeholder engagement. The course also highlights Indian mining sector initiatives like Drone Surveys, Mining Surveillance Systems, Star Rating of Mines, and 5G adoption.","S013,S010",1,2106,self-paced,Ministry of Mines,Hindi
C004,"Ministry Of Mines-Safety, Sustainability, Envr Responsibility (Part8)","This is the eighth module in our training program, offering a deep dive into safety, sustainability, and environmental responsibility within the mining sector. Participants will explore regulatory guidelines, health and safety standards, environmental policies, social impact assessment, sustainable development goals, and mine closure procedures. The course equips individuals with the knowledge and skills necessary for fostering responsible mining practices and ensuring the long-term sustainability of the mining industry.","S007,S001,S003",2,3243,virtual-lab,Ministry of Mines,English/Hindi
C005,Ministry Of Mines -Global Context Dynamics of Market Trends (Part5),"This is the fifth module of the training program, offering learners a deep dive into the international landscape of the mining industry. It encompasses a wide range of topics, from best practices and foreign direct investment to geopolitical considerations, market trends, and collaboration initiatives. The module aims to equip learners with a nuanced understanding of how global dynamics impact the mining sector.","S010,S004,S006",3,10786,instructor-led,Ministry of Mines,English
C006,Ministry Of Mines - Legal and Regulatory Framework (Part 9),"This is the ninth module of our training program, providing an in-depth exploration of the legal and regulatory landscape in the mining industry. Dive into the nuances of mining types, legislative acts, welfare initiatives, policies, combating illegal practices, licensing, permits, and tax frameworks. Understand the legal foundations that shape responsible mining practices and sustain the mineral resource industry.","S013,S006,S010",3,6628,virtual-lab,Ministry of Mines,Hindi
C007,Understanding Development Programs,"Embark on a captivating learning journey as you transition from ""Exploring Development: The Idea and Its Aspects"" course to the dynamic realm of ""Management for Development."" In this course, discover how you, as Karmayogis, can play a crucial role in driving Development forward. This course is relevant for all Civil Servants across all departments, from SO (Section Officer) to the JS (Joint Secretary) level.",S001,2,17100,self-paced,Indian School of Development Management,English
C008,Intermediate Level 2 Course for Buyers,"This course consist of details of Intermediate processes of GeM portal which includes Bunch Bid Creation - Products, Push Button Procurement , Item wise BOQ (Bill of Quantities), Reverse Auction (RA) Deadlock and few more Buyer Modules.","S010,S015",1,8010,virtual-lab,Government e Market Place(GeM),English
C009,Introduction to Quality Control in FCI,"Quality Control (QC) wing is the backbone of the functioning of FCI which is manned by qualified and trained personnel entrusted with enormous task of procurement & preservation of food grains. From procurement of the food grains in the ‘mandi’ to issue of food grains to state government under Public Distribution System (PDS), the role of QC division is very crucial at every stage including receipt and storage at depot and movement through lorry/rail wagon.","S006,S010,S005",3,2276,instructor-led,Food Corporation of India (FCI),English
C010,Program on Farmers Collectives and linking them to Market,"Summary Aggregation and Collectives models , Producer Company Act, 2003 & Ecosystem of the Farmer Producer Organizations (FPOs), • Governance and Management of FP","S011,S009,S006",2,7462,instructor-led,Department of Personnel and Training DoPT,Hindi
C011,Basic of Access and Core Network,"The tremendous growth in telecommunications demands during recent decades, much attention has been given to research in the field of telecommunications transport and this has made the telecommunication standard bodies to develop new technologies for transport that are able to carry voice, data and video.","S013,S008,S003",2,2723,self-paced,Bharat Sanchar Nigam Limited(BSNL),English/Hindi
C012,Developing Effective Soft Skills,This course is designed to learn Soft Skills.,"S006,S007",1,2399,self-paced,Central Reserve Police Force (CRPF),English
C013,Virtual Private Network (VPN) Overview,The objective of the this course is to give the participants an understanding of MPLS-VPN,"S005,S011,S010",2,2514,self-paced,Bharat Sanchar Nigam Limited(BSNL),English/Hindi
C014,Spectrum Management - Part II,"The course is divided into two modules namely Spectrum Assignment and Spectrum Auctions in India. To have better understanding of the course, it is suggested to complete the first part of the course named as Spectrum Management (Part-I). The different approaches of spectrum assignment and how the spectrum assignments have been done so far in India are explained. The cancellation of 2G licenses and its impact, the regulatory initiatives taken in 2012 and afterwards and the challenges in auction are discussed.","S015,S008,S004",1,2400,self-paced,"National Telecommunications Institute for Policy Research, Innovation and Training (NTIPRIT)",English
C015,Adjudication in GST,"The course defines adjudication, its process and the importance of the adjudicating authority. It also outlines the significance of order-in-original and helps understand how it is drafted. It further explains the general guidelines to be followed while adjudicating a case under GST. The course also elucidates the concept of Show Cause Notice (SCN), which is an important part of adjudication.",S009,1,5700,virtual-lab,Central Board of Indirect Taxes and Customs(CBIC),Hindi
C016,Design Thinking For Excellence In Public Services,"The course will help grasp the foundational principles, attitudes, and frameworks underpinning Design Thinking. It will help apply design principles to enhance moral agency and purpose in public leadership, thereby improving service to the community.",S007,1,9600,virtual-lab,Brhat,English/Hindi
C017,e-Ustad: Negotiation Skills,"Negotiation is a process of communication and interaction between two or more parties who have differing interests, goals, or viewpoints. The primary objective of negotiation is to reach a mutually acceptable agreement or resolution that addresses the concerns and needs of all parties involved. Negotiation is a crucial skill for law enforcement professionals, as it plays a significant role in resolving conflicts, managing crises, and ensuring public safety. Law enforcement officers today face a myriad of challenges that extend beyond the realm of enforcing laws. As societies become more complicated, officers need to change the way they handle things. They have to learn how to handle arguments, calm down tense situations, and work with different groups of people. Sometimes, simply using their power and authority isn't enough. This is where negotiation skills come into play. By honing these skills, officers can navigate complex interactions with greater finesse, leading to peaceful resolution that prioritises both public safety and individual rights. Law enforcement officers furthermore often encounter high-stress situations that require rapid decision- making. Effective negotiation skills can de-escalate volatile situations by allowing officers to establish rapport, understand the emotions and motivations of those involved, and find non-violent solutions. This can prevent conflicts from spiralling into violent confrontations, minimising harm to all parties.",S004,3,3600,virtual-lab,Bureau of Police Research and Development BPRD,English/Hindi
C018,e-Ustad: POCSO Act,"Child Sexual Abuse (CSA) is a grave violation of human rights and poses a serious threat to the well-being and safety of children. It is the most heinous crime against children and in most instances, it is hidden in nature and also it is the most under-reported crime. CSA is largely ignored by the public and criminal justice system. In India, CSA was not publicly acknowledged as a criminal offence. It was only after the enactment of new legislation called 'The Protection of Children from Sexual Offences Act, 2012 (POCSO Act)' that criminalised a range of acts including child rape, harassment and exploitation of pornography. The POCSO Act is a dedicated legal framework designed to address the alarming issue of CSA. India is home to over 19% of the world's children or 42% (more than one-third) of India's total population. Approx. 50% of these children are in need of care and protection. The POCSO Act is a landmark legislation that specifically focuses on the protection of children from sexual offences. It defines a child as any person below the age of 18 years and recognises the unique vulnerability of children to sexual abuse and exploitation. It aims to create a safe and secure environment for children by preventing and punishing those who commit sexual offences against them.",S012,1,7200,virtual-lab,Bureau of Police Research and Development BPRD,Hindi
C019,e-Ustad: Soft Skills and Communication Skills,"The police department is one of the most important institutions in any society. The police are primarily responsible for maintaining public safety by enforcing laws, protecting lives and property, and providing emergency assistance when needed. However, in recent years, the police have faced increased criticism for their handling of various situations. One of the primary issues is the lack of soft skills. Soft skills refer to interpersonal skills that enable individuals to communicate effectively, work collaboratively, and build relationships with others. These skills are crucial in the context of policing because police officers regularly interact with people from diverse backgrounds and cultures. According to research conducted at Harvard and Stanford Universities, only 15% of your career success is provided by your hard skills, while the other 85% is provided by so-called soft skills. 'Soft Skills' correlates with some terms of very close meaning: 'Life Skills', 'Emotional Intelligence Quotients', 'Social Skills' and 'Interpersonal Skills'. Further, the soft skills are broken down into categories, or types of skills according to the level of complexity and interaction. A learner needs to go through this e-learning course on Soft Skills and Communication Skills for knowing more.","S003,S012,S008",3,3600,instructor-led,Bureau of Police Research and Development BPRD,Hindi
C020,Yoga Challenge- Level 1,"This course offers holistic development through Surya Namaskar, advancing from basics to advanced levels for strength, flexibility, and mental focus. Enhance your practice with rhythmic breathing and Mantras, fostering spiritual connection and enriching your experience. Gain valuable insights to integrate yoga benefits into daily life.","S003,S004,S005",3,19702,self-paced,The Art of Living,Hindi
C021,ICCTEP - Wireless Communication Fundamentals,Certified Wireless Expert Course,S001,1,7200,virtual-lab,Centre for Development of Telematics (C-DOT),Hindi
C022,Basic Indian Sign Language Course in Self Learning Mode Part 2,"Indian Sign Language (ISL) is a visual manual language used by the Deaf community in India. It serves as a primary means of communication for millions of Deaf individuals, as well as for teachers, parents, siblings, and interpreters. ISL plays a vital role in providing accessibility and promoting inclusivity for the Deaf population in various aspects of life, including education, employment, and social interactions. Its distinct grammar and vocabulary make it a rich and expressive language, facilitating meaningful communication within the Deaf community and with hearing individuals who learn ISL.",S012,1,5924,self-paced,Indian Sign language Research and Training Centre,English
C023,Basic Indian Sign Language Course in Self Learning Mode - Part 1,"Indian Sign Language (ISL) is a visual manual language used by the Deaf community in India. It serves as a primary means of communication for millions of Deaf individuals, as well as for teachers, parents, siblings, and interpreters. ISL plays a vital role in providing accessibility and promoting inclusivity for the Deaf population in various aspects of life, including education, employment, and social interactions. Its distinct grammar and vocabulary make it a rich and expressive language, facilitating meaningful communication within the Deaf community and with hearing individuals who learn ISL.",S013,3,6414,instructor-led,Indian Sign language Research and Training Centre,English
C024,42nd Level-IV Training Programme End of Course Assessment,End of Course Assessment,S015,1,7200,instructor-led,Institute of Secretariat Training and Management,Hindi
C025,Low Carbon Development: Planning and Modelling,"This short overview module provides a high level introduction to climate change, low carbon development planning and the use of the EFFECT model (Energy Forecasting Framework and Emissions Consensus Tool).",S001,1,28412,virtual-lab,World Bank,English/Hindi
C026,Introduction to Sellers and Service Provider,Government e-Marketplace and Introduction to Seller & Service Provider Functionality,S007,1,327,instructor-led,Government e Market Place(GeM),English/Hindi
C027,PSTN Overview and Architecture- Part II,"A basic network is interconnection of various nodes. PSTN network is a combination of telephone lines, underground wires, switching centres, trunk exchanges etc.","S008,S003",3,1800,virtual-lab,"National Telecommunications Institute for Policy Research, Innovation & Training (NTIPRIT)",English
C028,PSTN Overview and Architecture - Part I A,"An introduction of the old telephone service networking is explained. The elements of PSTN like public, switch, circuit switching, and network is briefed.","S015,S007,S016",1,1800,instructor-led,"National Telecommunications Institute for Policy Research, Innovation & Training (NTIPRIT)",English/Hindi
C029,Legal Framework for Lawful Interception,"This course will help the learner to understand the terms such as interception, monitoring, surveillance, legal framework for exercise of such powers and various safeguards to prevent its misuse.","S010,S009",3,4680,virtual-lab,"National Telecommunications Institute for Policy Research, Innovation & Training (NTIPRIT)",English
C030,Introduction to 3 New Criminal Laws,"The major criminal laws have seen an overall change with the introduction of three new criminal laws viz. Bharatiya Nyaya Sanhita, 2023, Bharatiya Nagarik Suraksha Sanhita, 2023 and Bharatiya Sakshya Adhiniyam, 2023 to replace the existing Indian Penal Code, 1860, Code of Criminal Procedure, 1973 and Indian Evidence Act, 1872 respectively. This program offers a overview of the changes introduced in all three criminal laws. The courses deal with offence and punishment related reforms, the procedural reforms relating to crime reporting, investigation, prosecution and trial of offences, and the evidence related reforms specifically deals with admissibility and appreciation of electronic evidence.","S009,S015",2,9056,instructor-led,Karmayogi Bharat,English
C031,"Introduction to Bharatiya Sakshya Adhiniyam, 2023","The major criminal laws have seen an overall change with the introduction of three new criminal laws viz. Bharatiya Nyaya Sanhita, 2023, Bharatiya Nagarik Suraksha Sanhita, 2023 and Bharatiya Sakshya Adhiniyam, 2023 to replace the existing Indian Penal Code, 1860, Code of Criminal Procedure, 1973 and Indian Evidence Act, 1872 respectively. This course offers a overview of the changes introduced in the Indian Evidence Act and deals with the evidence related reforms specifically dealing with admissibility and appreciation of electronic evidence.","S009,S004",3,938,instructor-led,Karmayogi Bharat,English
C032,"Introduction to Bharatiya Nagarik Suraksha Sanhita, 2023","The major criminal laws have seen an overall change with the introduction of three new criminal laws viz. Bharatiya Nyaya Sanhita, 2023, Bharatiya Nagarik Suraksha Sanhita, 2023 and Bharatiya Sakshya Adhiniyam, 2023 to replace the existing Indian Penal Code, 1860, Code of Criminal Procedure, 1973 and Indian Evidence Act, 1872 respectively. This course offers a overview of the changes introduced in the Code of Criminal Procedure, 1973 and deals with the procedural reforms relating to crime reporting, investigation, prosecution and trial of offences.","S009,S007,S010",3,4956,instructor-led,Karmayogi Bharat,Hindi
C033,"Introduction To Bharatiya Nyaya Sanhita, 2023","The major criminal laws have seen an overall change with the introduction of three new criminal laws viz. Bharatiya Nyaya Sanhita, 2023, Bharatiya Nagarik Suraksha Sanhita, 2023 and Bharatiya Sakshya Adhiniyam, 2023 to replace the existing Indian Penal Code, 1860, Code of Criminal Procedure, 1973 and Indian Evidence Act, 1872 respectively. This course offers a overview of the changes introduced in the Indian Penal Code and deals with offence and punishment related reforms.",S015,3,3162,instructor-led,Karmayogi Bharat,English/Hindi
C034,"SAFETY, ACCIDENT PREVENTION AND DISASTER MANAGEMENT","Safety is a major concern in power distribution sector. DISCOMs are focusing  in reduction of accidents,  and protect the lives and equipment  in the process for  achieving the ultimate aim of 100% safety and 0% accidents.  The course module helps in better understanding of Safety aspects to be adopted at workplace in Power distribution and provides knowledge about measures to take care in prevention of accidents and also discuss about Disaster management plans.","S005,S015",2,41820,instructor-led,Ministry of Road Transport and Highways,Hindi
C035,Command Area Development and Participatory Irrigation Management,"Command Area Development (CAD) and Participatory Irrigation Management (PIM) are two interconnected concepts in the context of irrigation and water resource management. While they share the goal of improving irrigation efficiency and agricultural productivity, they have distinct focuses and methodologies.  This module highlights the main objectives and concepts of CAD and PIM for effective management of irrigation water.",S013,2,1202,self-paced,North Eastern Regional Institute of Water and Land Management (NERIWALM),English/Hindi
C036,Navigating Climate Challenges - A Guide for Civil Servants,"In a world where our climate is undergoing unprecedented shifts, the role of civil servants in India becomes pivotal in shaping sustainable and resilient futures. This course offers a transformative journey, empowering you to address one of the most pressing challenges of our time – climate change.",S016,2,5675,self-paced,Dalberg Advisors,Hindi
C037,Computer Based Interlocking,"This course on Computer Based Interlocking System (CBI) is designed and developed by Signaling and Train Control (S&TC) team of Delhi Metro Rail Academy of Delhi Metro. This course is developed for providing an introduction to the Computer Based Interlocking systems for metro trains around the world. In Metro signaling, an interlocking is an arrangement of various signal apparatus that prevents conflicting movements of trains.  An interlocking is so designed that it is impossible to display a signal to proceed unless the route to be used is proven safe. Interlocking is a safety measure designed to prevent signals and points/switches from being changed in an improper sequence. For example, interlocking would prevent a signal from being changed to indicate a diverging route, unless the corresponding points/switches had been changed first. The interlocking System shall provide all the Control and Indication functions as per approved Selection Table and Panel Diagram of the Station.","S005,S001",2,4618,self-paced,Delhi Metro Rail Corporation,Hindi
C038,Budgetary System in Government,Budgetary System in Government,"S013,S004,S011",3,2981,instructor-led,National Academy Of Defence Financial Management (NADFM),English
C039,Statistical Literacy,An Introductory Course on Statistics,"S006,S003",2,23193,self-paced,Indian Institute Of Management Bangalore,Hindi
C040,Filing of APAR and AIPR through SPARROW,Annual Performance Appraisal Report (APAR) is an important document as it provides the basic and vital inputs for assessing the performance & potentials of officers.,S007,2,3000,instructor-led,National Institute of Communication Finance,English/Hindi
C041,Public Private Partnerships Beginners eCourse,This e-Course has been developed and designed to cater to a diverse audience interested in understanding and engaging with Public Private Partnerships (PPPs) in infrastructure development.,S007,2,26140,self-paced,Department of Economic Affairs,English
C042,"Indian Partnership Act, 1932","Conventionally, businesses have been done in the form of partnerships. This mode of business distributes the risks among the partners and therefore remains one of the most popular modes of doing business. The Indian Partnership Act, 1932 provides the legal framework for the operation of Partnerships in India. After reading this material, you shall be familiarised with the different types of Partnerships, partners, and the constitution and dissolution of partnership firms as envisaged in the Indian Partnership Act, 1932.","S005,S002",2,10380,instructor-led,National Academy of Direct Taxes NADT,English
C043,Cash Book and Bank Book,"In this course we will be discussing  topics related to Cash Book and Bank Book, Rules of debit and credit,  Different types of Cash Books,  Reconciliation of Bank book with Cash Book etc.","S009,S013",1,8940,instructor-led,National Academy of Direct Taxes NADT,English
C044,Depot operations in FCI,"Depot operations in FCI - Depot operations are the backbone of the functioning of the FCI which is committed to ensure uninterrupted food grain supply across the nation. Understanding the basic depot operations is crucial for all FCI staffs for its successful running, monitoring as well as implementing the government policies.","S006,S012,S009",3,1501,virtual-lab,Food Corporation of India (FCI),English
C045,Introduction to Mail Network Optimization Project (MNOP),Mail Network Optimization Project (MNOP),"S001,S013",3,1200,virtual-lab,RAKNPA,English/Hindi
C046,Mobile Base Station and its Maintenance,This course includes Base Station Infra elements and its maintenance.BSNL is deploying indigenous 4G equipment in its 4G Phase IX.2 project in which Tejas Make 4G base stations (eNodeb) are being deployed. This course will focus on Tejas Make 4G eNodeB and its components also so that proper maintenance of these base stations can be done.,S003,2,8051,self-paced,Bharat Sanchar Nigam Limited(BSNL),Hindi
C047,Maintenance of Land and Building Assets,"This course lays out a comprehensive policy for renting out vacant built-up space and residential accommodation owned by BSNL. The monetization policy which outlines a robust process to monetize under-utilized land and building assets of BSNL. The guidelines for the planning, execution and maintenance of construction projects undertaken by CPWD and REM (Real Estate Management) in SAP.","S007,S016",3,8060,self-paced,Bharat Sanchar Nigam Limited(BSNL),English/Hindi
C048,Input Tax Credit (ITC) Mechanism,"This course discusses Input Tax Credit (ITC) in GST, it is crucial for removing cascading taxes. It allows businesses to claim credit for GST paid on purchases against their output tax liability. Eligibility & Conditions: Who can claim, how, and when (including special cases like capital goods and advances). Utilization & Matching: Using ITC for tax payment, reconciliation through returns, and the new GSTR-2B for improved matching. Ineligible Credit & Reversal: Blocked credits and scenarios where ITC needs to be reversed (changing schemes, non-payment to suppliers). ITC under Special Circumstances: Claiming credit when becoming eligible, registering voluntarily, or exemptions are withdrawn.","S015,S006",3,17160,instructor-led,Central Board of Indirect Taxes and Customs(CBIC),English
C049,Overview of Employee Self Services,It is a web based computer application. Deals with personal claims of the employees. Linked with SAP R3. Reduction of related data entry work ESS is available to employees of SAP go live circles only.,"S016,S005",1,1775,virtual-lab,Bharat Sanchar Nigam Limited(BSNL),English/Hindi
C050,Public - Private Partnership,"This course on Private-Public Partnerships (PPPs) gave an overview of the PPPs as a model for delivering public services. This approach take advantage of the strengths of the public and private sectors, while simultaneously mitigating their weaknesses. This course also covered the advantages of PPPs and the motivations of each partner to participate in this model of work in its various forms and structures. Additionally, the risks involved in PPPs and the responsible parties were also discussed in detail.",S007,2,6658,virtual-lab,ISB Hyderabad,English
C051,Land Ports Authority Of India,Summary Of Courses For LPAI,"S003,S015",2,105623,self-paced,Land Ports Authority of India,Hindi
C052,Blended Program for RBSS/RBSSS,Five days program especially designed as per recommendations of ACBP for Railway Board,S006,2,7462,virtual-lab,Railway Board (RB),English
C053,Finance for Non-finance professionals (FNFP),"FNFP is an interesting and introductory module for understanding basic concepts in the world of finance. It offers in a simple and interesting manner concepts, applications and how to read and understand financial statements published by organizations. Key concepts are explained with examples to understand its relevance and meaning in the context of financial statement analysis and interpretation.","S016,S003",3,3300,instructor-led,NSE Academy Ltd,Hindi
C054,ESG-In the Financial Eco System,"Responsible business practices require organizations to consider the environmental, social and governance aspects of their investment decisions. This course will provide an introductory view on environmental, social and governance factors that contribute to ESG analysis. The course also highlights the benefits of incorporating ESG factors in investment decision making.","S012,S005",3,3462,virtual-lab,NSE Academy Ltd,Hindi
C055,Time Management,"The course provides insights into various time management tools and techniques, including the Pomodoro Technique for focused work intervals and the management of digital and physical distractions. Participants will discover how to leverage technology for effective time management, utilizing calendars, task management apps, and time-tracking tools.","S011,S016",1,8400,self-paced,Institute of Secretariat Training and Management,English
C056,Know Your Ministry - Induction Module of DFPD,We will cover all the important aspects of the Department of Food and Public Distribution in this Know Your Ministry- DFPD induction training program in detail.,"S016,S011,S009",3,11400,self-paced,Department of Food and Public Distribution,English
C057,Exploring Costing Life Cycles,"Life cycle costing is a method used to evaluate the total cost of ownership of a product, service, or asset over its entire life span. This approach involves analyzing costs incurred at different stages, from design and production to operation, maintenance, and disposal. By considering all expenses involved throughout the life cycle, including initial investment, operating costs, maintenance, and end-of-life expenses, life cycle costing helps in making informed decisions that optimize value and minimize overall costs. It's a valuable tool in various industries, including manufacturing, construction, and infrastructure development, aiding in assessing long-term financial implications and sustainability factors for decision-making.","S007,S005,S015",2,3188,self-paced,National Institute of Communication Finance,Hindi
C058,Detailed Project Report,"This 90-minute e-learning course on Detailed Project Reports (DPRs) is designed for infrastructure and construction professionals by the National Institute of Chartered Program/Project Professionals (NICPP). The course will provide a comprehensive understanding of DPRs, their importance, and the key components required to create effective DPRs for infrastructure projects. Participants will gain the knowledge and skills necessary to create, review, and manage DPRs effectively. Detailed Project Reports (DPRs) stand as the bedrock of successful project management. These reports, often seen as the architect's blueprint for a successful project, contains a wealth of information crucial for decision-making, risk mitigation, and resource optimization. At their core, DPRs offer a panoramic view of a project, capturing its intricacies and complexities. The content within these reports is meticulously crafted to provide stakeholders, project managers, and investors with a thorough understanding of the project's scope, objectives, and potential challenges. This section acts as a gateway for busy executives and stakeholders, offering a quick grasp of the project's key components. Following this, the Project Description section dives into the details, project's goals, scope, and limitations. This part of the DPR provides project managers with a foundational understanding, allowing them to set realistic expectations and form the project's purpose with clarity.","S005,S003,S011",3,5400,instructor-led,Quality Council of India,Hindi
C059,AI led Digital Transformation in Healthcare,"We are thrilled to present an exclusive course on AI led Digital Transformation in Healthcare, meticulously designed for the Government of India and State Government officers. This course promises to empower you with the knowledge and understanding of this advanced technology, helping you harness its enormous potential in your respective fields. Embrace the future of efficient governance and public service, where machines and humans work together in perfect harmony, transforming ideas into reality, and reality into a masterpiece. Welcome aboard on this riveting journey into the future. Together, let's steer our nation towards a technologically advanced and progressive tomorrow.",S003,3,4500,self-paced,Wadhwani Institute of Technology and Policy,Hindi
C060,AI for Digital Transformation: Computer Vision,"We are thrilled to present an exclusive course on AI for Digital Transformation: Computer Vision, meticulously designed for the Government of India and State Government officers. This course promises to empower you with the knowledge and understanding of this advanced technology, helping you harness its enormous potential in your respective fields. Embrace the future of efficient governance and public service, where machines and humans work together in perfect harmony, transforming ideas into reality, and reality into a masterpiece. Welcome aboard on this riveting journey into the future. Together, let's steer our nation towards a technologically advanced and progressive tomorrow.","S010,S015",2,4500,instructor-led,Wadhwani Institute of Technology and Policy,Hindi
C061,National Infrastructure Pipeline Domains - Part I,"This intensive course delves into the critical topic of India's infrastructure development, focusing on the five key domains: Energy, Ports, Civil Aviation, Railways, and Roads. Through a comprehensive analysis, learners will explore the current landscape, achievements, challenges, and proposed solutions for each sector.",S013,2,3000,virtual-lab,Institute of Secretariat Training and Management,English
C062,Preventive Detention under COFEPOSA,"1)	Discuss the COFEPOSA Act, 1974 and its salient features. 2)	Explain the provision for detention order. 3)	Discover the safeguards guaranteed by Article 22 of the Indian constitution. 4)	Discuss the provisions for temporary release.","S016,S002,S004",3,1500,instructor-led,Central Board of Indirect Taxes and Customs(CBIC),English
C063,"Demands under CGST Act, 2017","1)	Discover the need for issuing Show Cause Notice. 2)	Explain the payment procedures with respect to the Show Cause Notice. 3)	Discover the penalty waivers for the taxpayers complying with the Show Cause Notice. 4)	Identify the timeframe for issuing Show Cause Notice and Adjudication Order. 5)	Various forms prescribed under GST with reference to issuance of Show Cause Notice, compliance payment, Adjudication Order and amendments thereof, if any.","S006,S004,S011",2,3300,instructor-led,Central Board of Indirect Taxes and Customs(CBIC),English
C064,Leading The Karmayogi Way,"Mission Karmayogi aims to create a competent, future-ready civil service rooted in Indian ethos. The Karmayogi project emphasizes a transformative shift in an individual's perception of work, fostering a 'seva bhava' (dedication-mindedness) mindset. As part of this vision, this learning journey helps you discover personal agency. You will grasp how your actions can genuinely serve the people—the very citizens, reflecting a true spirit of 'seva bhava'. It demands a contextually relevant comprehension of wielding power, understanding response capability, and taking responsibility for the outcomes.","S009,S012",1,8100,instructor-led,Totally Aligned Organization,English
C065,Report Writing Skills for Project,"Master the art of crafting a Report Writing Skills for Project for e-governance projects. Learn how to create comprehensive, well-structured reports that justify project investments and secure approvals. This course seeks to make the concept of Report Writing Skills for Project clear and understandable for government employees who may utilize this knowledge in their day-to-day work.",S002,3,18900,virtual-lab,National E-Governance Division (NEGD) MeitY Govt of India,English
C066,Contract Management,"Dive into the intricacies of government procurement. Understand Request for Dive into the intricacies of government procurement. Understand Request for Proposal (RFP) and Request for Quotation (RFQ) processes, and how to effectively manage bids and procurement in e-governance projects to ensure transparency and fairness.","S010,S013",3,44100,instructor-led,National E-Governance Division (NEGD) MeitY Govt of India,English/Hindi
C067,SAMARTH Zila,A Curated Program offered by Karmayogi Bharat and NITI Aayog for District-level officials.,"S007,S012",1,111149,virtual-lab,Karmayogi Bharat,English
C068,SAMARTH Rajya Sachiva,A Curated Program offered by Karmayogi Bharat and NITI Aayog for senior officials at the State-level.,"S004,S003",2,146959,instructor-led,Karmayogi Bharat,English/Hindi
C069,SAMARTH Rajya,A Curated Program offered by Karmayogi Bharat and NITI Aayog for State-level officials.,"S007,S015",3,113276,instructor-led,Karmayogi Bharat,English
C070,SAMARTH Procurement,A Curated Program offered by Karmayogi Bharat and NITI Aayog on Procurement.,"S012,S004,S007",2,58911,self-paced,Karmayogi Bharat,English
C071,SAMARTH Blocks,A Curated Program offered by Karmayogi Bharat and NITI Aayog for Block-level officials.,"S010,S009",1,94607,virtual-lab,Karmayogi Bharat,English/Hindi
C072,SAMARTH Policy,A Curated Program offered by Karmayogi Bharat and NITI Aayog on Public Policy.,S015,3,65002,instructor-led,Karmayogi Bharat,English/Hindi
C073,Beginner Course for GeM Buyer,"This course consist of details of basic processes of GeM portal which includes Introduction & Registration on GeM , Procurement Modes on GeM , BID Creation and many more.","S011,S010,S001",1,12960,self-paced,Government e Market Place(GeM),English/Hindi
C074,Corporate Valuation,"This course introduces the learner to important aspects of corporate valuation as capital structure, cost of capital, corporate valuation and meaning of social capital to name a few. Learners will get to appreciate the concept of optimum capital structure, capital budgeting techniques and the approaches to valuation-the income and market approach. An interesting aspect of this course is that it provides a holistic understanding of valuation for prospective investors too.",S008,2,4540,instructor-led,NSE Academy Ltd,English
C075,Anti Money Laundering,This Module throws light on the meaning and its impact. It also talks about the prevention of Money Laundering Act 2002 and the role of Enforcement Directorate. The Importance of Due Diligence process is also highlighted.,S007,2,2580,self-paced,NSE Academy Ltd,English
C076,Intermediate Level 1 Course for Buyers,"This course consist of details of Intermediate processes of GeM portal which includes Bid Creation Services, Bunch Bid Creation Services, Consignee as Paying Authority, PAC Buying, Milestone Payment and many more.",S016,2,8430,virtual-lab,Government e Market Place(GeM),English/Hindi
C077,Overview of Internet of Things,"IoT has a significant role to play in the world of 21st century technologies. It is capable of connecting a number of different kinds of machines via seamless connection of internet which ultimately eases our work. The machines interconnect, collect, exchange, process, and present data in whatever way we want within minutes. Let’s see how this entire thing works.",S012,3,2520,self-paced,"National Telecommunications Institute for Policy Research, Innovation and Training (NTIPRIT)",English
C078,Ministry Of Mines- Challenges and Opportunities in Mining (Part 10),"This is the tenth and final module of the training program, focusing on India's mining sector, including challenges such as environmental concerns, regulatory hurdles, illegal mining, community displacement, technological gaps, and market fluctuations. It also highlights opportunities such as infrastructure development, technological innovation, employment generation, export potential, and attracting investment. The module emphasizes collaboration among government, industry, communities, and environmental groups to promote sustainable mining practices for economic development.","S008,S015",3,912,instructor-led,Ministry of Mines,Hindi
C079,Optical Fiber Cable Network (O and M),"Course Contents: • Principle of optical communication and ITU-T compliant fibers • Basics of GPON network • Power budgeting in GPON network • Proactive maintenance of GPON network • Functionality of optical tools & instruments • Different types of splicing techniques and principle of Fusion splicing • Operation of Fusion Splicing Machine • Principle and Operation of OTDR • Fault localization over optical fiber cable using OTDR, Power Meter, VFL etc • Health and Safety","S013,S009",3,8595,virtual-lab,Bharat Sanchar Nigam Limited(BSNL),English
C080,Post Office Workflow-Finance and Accounts,Post Office Workflow-Finance and Accounts,"S009,S013",1,5884,virtual-lab,Department of Posts,English/Hindi
C081,Indian Railways - Passes And PTOs (English),In this course we will learn about the different passes and other benefits given in Indian Railways.,"S016,S005",3,3960,instructor-led,Ministry of Railways,Hindi
C082,An introductory module on Forensic Analysis,"Forensic analysis is a systematic and scientific approach used to investigate and analyze evidence in various fields, such as law enforcement, criminal justice, cybersecurity, and more. It involves the application of scientific techniques and principles to examine physical, digital, or documentary evidence to uncover facts, establish timelines, and reconstruct events.","S002,S004",1,2990,self-paced,NSE Academy Ltd,Hindi
C083,Drive Smart: A Guide to Safe and Efficient Vehicle Driving,This course is useful for everyone who drive the vehicle. The course will cover basic skills and knowledge required for driving a vehicle in different road and traffic conditions.,"S004,S003,S002",1,3096,self-paced,Sashastra Seema Bal (SSB),English/Hindi
C084,Purpose-Driven Leadership,"Unlock the essence of Purpose-Driven Leadership, blending emotional intelligence, global perspective, and a growth mindset, while conquering obstacles to drive transformative change.",S010,2,6936,virtual-lab,ISB Hyderabad,Hindi
C085,डाकघर सावधि जमा खाता,"इस पाठ्यक्रम में, आप सावधि जमा खातों की विभिन्न विशेषताओं, उनके प्रकार, ब्याज का भुगतान, समय से पहले बंद होने और परिपक्वता पर अंतिम समापन के बारे में जानेंगे।",S012,3,2100,instructor-led,RAKNPA,English/Hindi
C086,Women Self Defense Techniques Course,This course is designed to learn self defense techniques for women.,"S002,S015",3,1360,self-paced,Central Reserve Police Force (CRPF),English/Hindi
C087,E-way Bill System under GST Law - Part 1,This course provides an overview on E-way Bill system under GST Law.,"S005,S013,S009",3,3000,self-paced,"National Academy of Customs, Indirect Taxes and Narcotics (NACIN)",Hindi
C088,Evidence-based Policy Making,"This course equips learners with essential skills and concepts in evidence-based decision-making, from understanding evidence versus data to tackling complex problems through the Muddling Through approach, all while addressing challenges in measurement modeling and adaptive systems.",S009,1,5889,virtual-lab,ISB Hyderabad,English
C089,Network and Telecom Security - Cyber Security Ecosystem,"Cyber security refers to policies, guidelines, and procedures in place to protect an organization’s or an institution’s severs and systems from cyber-attacks and vulnerabilities. We will discuss the need for cyber security in this course.","S004,S016,S013",2,1800,virtual-lab,"National Telecommunications Institute for Policy Research, Innovation and Training (NTIPRIT)",English
C090,Managing and Leading Teams,"This course on Managing and Leading Teams covered the core competencies required for collaboration and teamwork. It helped us develop an understanding of ourselves and awareness of others around us, especially in the context of teams and the benefits of working in teams. It also covered various frameworks and models such as Paul framework and the Johari window, which breaks down the concept of teamwork and individual personalities. This allows a team to perform better by utilising the personality traits of each team member. Additionally, five team dysfunctions were also identified along with measures to manage them.","S001,S007",3,6018,instructor-led,ISB Hyderabad,English/Hindi
C091,Public Governance Models,"This course delves into the connections between governance and national development, focusing on topics like monitoring, evaluation, systems, accountability and incentives in public governance. Through international case studies, learners gain insights into how governance models can transform to enhance performance, while emphasising budget alignment and legal foundations for continuity and transparency.","S015,S011",2,3516,instructor-led,ISB Hyderabad,English
C092,CCS LTC Rules 1988,CCS LTC Rules,"S005,S004,S009",3,2836,virtual-lab,National Academy Of Defence Financial Management (NADFM),Hindi
C093,Consultation with CVC in Disciplinary Cases,"This course offers a deep dive into the legal intricacies of obtaining sanction for prosecution in India. Participants will explore the nuances of Section 197 of the Code of Criminal Procedure (CrPC), 1973, gaining a comprehensive understanding of its provisions. The Prevention of Corruption Act, 1988, will be thoroughly discussed, providing participants with a robust foundation in the legal framework governing anti-corruption efforts.","S015,S002",3,2700,virtual-lab,Institute of Secretariat Training and Management,Hindi
C094,Disaster Management Plan  Module 1 (Hindi),"आपदा प्रबंधन योजना (डीएमपी) के उद्देश्य और लाभ बताएं भूकंप, चक्रवात और बाढ़ जैसी प्राकृतिक आपदाओं के दौरान कार्य योजनाओं का वर्णन करें आतंकवादी हमलों और बम धमकियों जैसी मानव निर्मित आपदाओं के दौरान कार्य योजना को परिभाषित करें, और साइबर अपराध और इसकी सुरक्षा नीति का वर्णन करेंI","S010,S005",2,2336,instructor-led,National Thermal Power Corporation (NTPC) Limited,English
C095,Basic Course on  Cyber Security Awareness,"The basic Cyber Security Awareness course is designed to provide learners with essential knowledge related to cyber security and skills to ensure the protection of sensitive information & resources in the digital environment. This course aims to raise awareness about potential cyber threats, best practices, and the importance of individual responsibility in maintaining information security. By completing this course, the users will be better equipped to identify and mitigate security risks, safeguard digital assets, and contribute to a secure work environment.","S007,S006,S005",1,58620,self-paced,Centre for Development of Advanced Computing (C-DAC),Hindi
C096,Modified Assured Career Progression Scheme (MACPS),Modified Assured Career Progression Scheme (MACPS),"S012,S002",2,3600,instructor-led,Institute of Secretariat Training and Management,English
C097,Deputation and Absorption,"A deputation involves appointing an officer to a specific post from outside the parent cadre or direct line of promotion. The maximum age for deputation is 56 years. The appointment process follows specific steps for civil servants, and UPSC consultation is mandatory for Group A and Group B posts when using the absorption method.","S013,S006,S001",2,2100,virtual-lab,Institute of Secretariat Training and Management,English/Hindi
C098,Creation of Posts,Creation of Posts,S003,2,3600,instructor-led,Institute of Secretariat Training and Management,Hindi
C099,Non-Functional Selection and Upgradation for Organized Group,"Within the Indian administrative framework, Organized Group (OG) services can face issues with career progression and stagnation due to limited functional promotion avenues. To address this, the concept of Non-Functional Selection Grade (NFSG) and Non-Functional Upgradation (NFU) was introduced.","S015,S001",1,2280,virtual-lab,Institute of Secretariat Training and Management,English/Hindi
C100,Matters relating to Pay Module,This course equips you with the essential knowledge to navigate the intricacies of pay and promotions within the government machinery.,"S003,S016",3,2100,virtual-lab,Institute of Secretariat Training and Management,English
C101,Cadre Review of Central Civil Services,"The course delves into cadre review, elucidating its concept and elements. It highlights principles guiding this process, covering key aspects such as formulation considerations and authorities involved. It explores the significance of cadre structure and the review process for Group A and other posts, offering insights into the roles of different authorities.","S009,S013",3,3300,instructor-led,Institute of Secretariat Training and Management,Hindi
C102,Technical Resignation and Lien,"This course delves into the intricacies of technical resignations within the government machinery. We'll unpack the concept, explore its prerequisites and benefits, and navigate the potential implications for your career. Additionally, you'll gain a clear understanding of ""lien"" and its role in your transition.","S009,S008",3,1800,instructor-led,Institute of Secretariat Training and Management,English/Hindi
C103,Joining Time on Transfer,Joining time is a period granted to an employee transferring to a new position to facilitate the move and settle into the new role.,"S001,S008",2,2280,self-paced,Institute of Secretariat Training and Management,Hindi
C104,DIPAM - Review of Financial Concepts and Frameworks,"This module covers the fundamentals of financial statements and their importance in assessing a company's financial performance. It also delves into understanding key ratios and valuation methods, along with common value distortions in company evaluation.","S012,S001,S009",1,6365,instructor-led,Department of Investment and Public Asset Management,Hindi
C105,DIPAM - Overview of the Disinvestment Landscape,"Explore the evolution of government disinvestment policies in India, learn about the methods employed for disinvestment, and delve into the key features of the new Public Sector Enterprise (PSE) policy. Discover significant disinvestment transactions and gain insights into India's journey towards economic reform.","S010,S015",3,4025,virtual-lab,Department of Investment and Public Asset Management,English
C106,AI Using Google Bard and ChatGPT for Beginners,"This course offers a comprehensive overview of AI technology, focusing on Google Bard and ChatGPT's code interpreter. It promises to provide a thorough understanding of Google Bard and ChatGPT's code interpreter, along with the skills to apply these tools in various professional and personal scenarios.","S003,S008,S005",3,1501,virtual-lab,Invest India,English
C107,4G and 5G Mobile Communication and QoS/QoE,Course on 4G and 5G technologies,"S015,S006,S011",3,5518,virtual-lab,Bharat Sanchar Nigam Limited(BSNL),English
C108,Implementation and Change Management,"Welcome to the ""Implementation and Change Management” module. This comprehensive course invites you to explore the dynamic realms of change management and risk mitigation in the context of process improvement. As organizations navigate through transformational journeys, understanding how to effectively manage change and mitigate risks becomes paramount.",S005,1,4376,instructor-led,Genpact,Hindi
C109,Unleashing Excellence: The Path to Outstanding Performance,"This course is designed to equip you with the tools, insights, and strategies needed to excel in your personal and professional endeavours. Whether you're an entrepreneur, a creative professional, a leader, or an aspiring achiever, this course will guide you on your journey to becoming an outstanding performer.",S008,3,4500,virtual-lab,Steel Authority of India Limited (SAIL),Hindi
C110,Working of Mobile Tower Antenna,This  course is very useful for the persons which are new to mobile services and want to understand about the measurment of azimuths of antennas which are installed on mobile tower. The use of mirror navigation compass is explained for measurement of azimuth.,S006,1,1793,instructor-led,Bharat Sanchar Nigam Limited(BSNL),Hindi
C111,Transfer and Posting,"This course covers the development of transfer policy, and the draft of the Rotation Policy.   Consequently, the transfer and resignation decisions of public officials are affected by tranfer and posting guidelines and Regulations.",S008,2,1800,instructor-led,Institute of Secretariat Training and Management,Hindi
C112,Formalities of Joining Service,Formalities of Joining Service,S003,1,3900,self-paced,Institute of Secretariat Training and Management,Hindi
C113,Six Sigma Fundamentals,"Welcome to the ""Six Sigma Fundamentals"" module! We are thrilled to guide you through the intricacies of Six Sigma, a methodology renowned for its impact on process improvement. In this course, you will not only define Six Sigma but also trace its evolution through historical contexts. The DMAIC methodology takes center stage, offering a structured approach to problem-solving, and you'll delve into its phases with a focus on key activities and associated tools. Statistical tools form a vital part of Six Sigma, and you'll gain proficiency in applying them for effective analysis and addressing process variations. The program concludes by exploring continuous improvement techniques like Kaizen and PDCA, demonstrating their practical application through a compelling case study.",S004,1,14714,instructor-led,Genpact,Hindi
C114,Type of Telecom licenses and Their Financial Conditions,"Licensing provisions for establishing, maintaining and operating telegraphs are governed by Section 4 of the Indian Telegraph Act, 1885. The need for internet Service license was recognised by the government of India in 1998. Initially to promote internet services the licence conditions related to it was kept liberal with no entry fee and license fee. The guidelines have changed subsequently. We will look at the guidelines established for internet service licenses in detail in this course.",S001,1,4740,self-paced,National Institute of Communication Finance,English
C115,"Classification, Character and Status of Posts","The 'Classification, Character, and Status of Posts' course examines categorization within the Union Civil Services. It covers classification criteria such as pay matrix rank, role nature, ministerial or non-ministerial status, industrial involvement, tenure, and gazetted or non-gazetted distinctions—enabling precise identification and understanding of posts within the civil services","S006,S008,S010",3,1800,virtual-lab,Institute of Secretariat Training and Management,English/Hindi
C116,Critical Thinking,"This course delves into the intricate realm of decision making, highlighting the pivotal role of intuition while shedding light on its potential pitfalls. It emphasises the importance of recognising and reflecting on cognitive and motivational/affective biases, both at the individual and organisational levels, which can adversely affect the decision making process. To enhance the quality of reasoning and decisions, the course equips participants with strategies to overcome these biases, promoting a more rational, objective and effective approach to decision making.","S001,S011,S012",3,6665,self-paced,ISB Hyderabad,English
C117,Central Deputation and Foreign Services,"Government employee deputation involves temporary transfers outside their department, based on pay scales. It occurs via central/non-central staffing schemes, international bodies, or autonomous organizations. Civil Services Board and Appointment Committee manage appointments. Mandatory 'cooling-off' periods follow deputation. Foreign service entails salaries from target organizations, governed by set terms established by administrative departments.",S003,3,3300,virtual-lab,Institute of Secretariat Training and Management,Hindi
C118,Art of Storytelling,Art of Storytelling,S002,1,6687,self-paced,ISB Hyderabad,English/Hindi
C119,Parliament at Work - Legislative Process,"The legislative process begins with the introduction of a bill in either house of Parliament, i.e., the Lok Sabha or the Rajya Sabha. A bill can be introduced either by a minister or by a private member. In the former case, it is known as a government bill, and in the latter case, it is known as a private member's bill.","S011,S001,S007",3,2400,instructor-led,Institute of Secretariat Training and Management,English/Hindi
C120,DAKSHTA for Section Officers and Assistant Section Officers,"The DAKSHTA curated program on iGOT offers 11 courses for Section Officers and Assistant Section Officers-- specially designed for enhancing their skills, knowledge, and competencies to excel in their respective roles.","S007,S012,S016",1,54725,instructor-led,Karmayogi Bharat,English/Hindi
C121,अनुशासनिक मामलों में सीवीसी के साथ  विचार-विमर्श,अनुशासनिक मामलों में सीवीसी के साथ  विचार-विमर्श,"S003,S007,S009",2,2700,virtual-lab,Institute of Secretariat Training and Management,English
C122,Project Finance,"In an era defined by the ambitious pursuit of mega projects, the imperative for adept project finance management has never been more pronounced. Governments globally are steering monumental initiatives aimed at infrastructural development, necessitating a cadre of professionals equipped with the nuanced knowledge and skill set to navigate the complexities inherent in such ventures. The ""Project Finance"" course is meticulously designed to address this imperative, providing participants with a comprehensive understanding of project finance dynamics and strategies tailored for success.","S004,S012",3,10080,self-paced,Quality Council of India,Hindi
C123,Negotiation,"This Negotiation course explores four key components: understanding distributive negotiations, exploring value creation, handling dispute resolution encompassing emotions and principles, and navigating multi-party negotiations as observed in international arenas. Learners can anticipate an immersive learning experience, exploring these concepts through quizzes and real-world insights, enhancing their negotiation skills comprehensively.","S010,S012,S016",2,13521,instructor-led,ISB Hyderabad,Hindi
C124,AI for Digital Transformation: Machine Learning and Deep Learning,"We are thrilled to present an exclusive course on AI for Digital Transformation: Machine Learning and Deep Learning, meticulously designed for the Government of India and State Government officers. This course promises to empower you with the knowledge and understanding of this advanced technology, helping you harness its enormous potential in your respective fields. Embrace the future of efficient governance and public service, where machines and humans work together in perfect harmony, transforming ideas into reality, and reality into a masterpiece. Welcome aboard on this riveting journey into the future. Together, let's steer our nation towards a technologically advanced and progressive tomorrow.",S016,1,5400,virtual-lab,Wadhwani Institute of Technology and Policy,Hindi
C125,Karmayogi Prarambh Module,"Karmayogi Prarambh program includes a set of 8 courses curated to help all Rozgar Mela appointees get acclimatized to government policies, and transition smoothly into their new roles.","S009,S004",2,97716,self-paced,Karmayogi Bharat,English
C126,Introduction to Public Consultations,"Public consultations are a fundamental aspect of contemporary governance, ensuring that policies and laws align with the needs and expectations of the citizens they affect. Designed exclusively for government officers, the Introduction to Public Consultations course designed by Civis (registered as a Section 8, non-profit company under the Indian Companies Act) offers a comprehensive exploration of this critical area. Delve into the complexities and responsibilities associated with public consultations to fulfil your role as a responsible and informed public servant. This course is applicable for all wrung of officers, who are involved in formal and informal consultation process at various levels of government. Importance for Government Officers Here’s why this course holds significant importance for government officers: - Legal Adherence: Gain the knowledge and skills necessary to navigate the legal intricacies of public consultations, ensuring compliance with the Pre-Legislative Consultation Policy (PLCP). - Global Insights: Investigate international best practices to elevate the quality of your consultations, making them more inclusive and effective. - Enhanced Engagement: Equip yourself with the expertise required to conduct consultations that collect meaningful feedback and integrate it into the policymaking process. - Community Outreach: Discover strategies for reaching even the most remote and underrepresented segments of the population, fostering a citizen-centric approach to governance.",S013,2,4895,self-paced,Civis,Hindi
C127,వ్యక్తిగత మరియు సంస్థాగత విలువలు,"ఉద్యోగులకు వారి ఉద్యోగ జీవితాన్ని సులభతరం మరియు సంతృప్తికరం చేసుకోవడానికి, సంస్థాగతమైన మరియు వ్యక్తిగతమైన విలువలకు మధ్య పొందిక ఉండేలా ఉద్యోగ స్థలం వద్ద ఒత్తిడిని తగ్గించుకోవడం ముఖ్యమైన సంగతి. సంస్థాగతమైన మరియు వ్యక్తిగతమైన విలువలకు వ్యక్తులు ఏ విధంగా కూర్పును కలిగి ఉండాలో ఈ మాడ్యూల్ తెలుపుతుంది.",S010,1,4260,self-paced,Dr Marri Chenna Reddy Human Resource Development Institute of Telangana,Hindi
C128,"Integration of BPR, Lean, Six Sigma, and Design Thinking","Welcome to the ""Integration of BPR, Lean, Six Sigma, and Design Thinking"" module! We invite you to embark on a transformative journey where we delve into the seamless integration of BPR, Lean, Six Sigma, and Design Thinking. In an era of complex projects, cross-functional teams, and the need for strategic integration, this program equips you with the insights and skills needed to navigate the intricacies of process improvement effectively.",S008,2,3197,instructor-led,Genpact,Hindi
C129,Design Thinking for Process Innovation,"Welcome to the ""Design Thinking for Process Innovation"" module, where innovation meets intentionality. This module is designed to demystify Design Thinking, starting with its definition and fundamental principles. We'll explore the human-centered approach, emphasizing the crucial role of empathy in understanding user needs. Get ready to unleash your creative potential as we delve into techniques for ideation and rapid prototyping.",S003,3,6205,instructor-led,Genpact,English/Hindi
C130,Public Policy Writing,"Public policies play a crucial role in governance, impacting citizens' lives and shaping a nation's direction.  However, hastily crafted policies, often based on the perceptions of a select few, can result in unintended consequences and may fail to address the broader public perspective. This course on Policy Writing, spread across 10 short modules, introduces the techniques of sound policy writing, grounded in effective writing and communication principles, to ensure the success and effectiveness of public policies.","S015,S010,S013",2,9949,instructor-led,Indian School of Public Policy,English/Hindi
C131,eGovernance Life Cycle,"Get a holistic view of the eGovernance Life Cycle (eGLC), from ideation to implementation, and eventual disposal. Understand the stages involved in developing, deploying, and maintaining e-governance solutions. involved in developing, deploying, and maintaining e-governance solutions.",S008,1,54900,virtual-lab,National E-Governance Division (NEGD) MeitY Govt of India,English/Hindi
C132,Project Management,"Learn the fundamentals of e-governance project management, covering initiation, planning, execution, monitoring, and closure. Explore best practices, tools, and techniques to successfully deliver e-governance projects on time and within budget.","S008,S015,S007",2,54900,self-paced,National E-Governance Division (NEGD) MeitY Govt of India,Hindi
C133,Government Process Re-engineering,"Explore the strategies behind Government Process Reengineering (GPR) and its role in streamlining public service delivery. Learn how to identify, analyze, and redesign government processes for efficiency and citizen-centric service delivery. processes for efficiency and citizen-centric service delivery.","S012,S003,S004",2,54900,instructor-led,National E-Governance Division (NEGD) MeitY Govt of India,English/Hindi
C134,Change Management,"Discover the importance of change management in e-governance initiatives. Discover the importance of change management in e-governance initiatives. Explore strategies to manage and guide organizational change, ensuring smooth transitions and stakeholder acceptance during digital transformation.","S004,S003",3,29700,instructor-led,National E-Governance Division (NEGD) MeitY Govt of India,English
C135,సమాచార హక్కు చట్టం 2005,"ప్రభుత్వోద్యోగిగా మీకు ఆర్‌టిఐ చట్టం గురించిన అవగాహన ఉండాలి. ఏదైనా ప్రశ్నకు స్పందించడానికి మీ సహకారం అవసరం కావచ్చు. ఈ చట్టంలోని సంబంధిత విభాగాలను, కరిమానాలతో సహా ఒక దరఖాస్తును నింపడం మరియు దానిని పరిష్కరించడం ఈ మాడ్యూల్ మీకు పరిచయం చేస్తుంది.",S002,3,4200,self-paced,Dr Marri Chenna Reddy Human Resource Development Institute of Telangana,English
C136,సమస్య పరిష్కారం మరియు నిర్ణయం తీసుకోవడం,"మనందరం ఇంటివద్ద లేదా ఉద్యోగ ప్రదేశంలో ప్రతిరోజూ సమస్యలను పరిష్కరిస్తూనే ఉంటాము. సమస్య పరిష్కరణ నైపుణ్యం మనందరికీ ఉండాల్సిన ప్రధాన నైపుణ్యం. మీరు ఉద్యోగ ప్రదేశం వద్ద ఇబ్బందులు ఎదుర్కొంటున్నారా? అవును! మనందరమూ ఎదుర్కొంటున్నాము. ప్రతి ప్రభుత్వోద్యోగి, తన పని స్థలంలో సమస్యలను ఎలా ఎదుర్కొంటున్నారో మరియు వాటిని ఎలా పరిష్కరించవచ్చో ఈ మాడ్యూల్ మనకు వివరిస్తుంది.",S008,3,5400,instructor-led,Dr Marri Chenna Reddy Human Resource Development Institute of Telangana,Hindi
C137,ఒత్తిడి నిర్వహణ,అందరూ ఒత్తిడికి లోనవుతారా అని మీరు అనుకోవచ్చు. ఎక్కువ శాతం మంది ఒత్తిడికి లోనవుతారు – ఇంటి వద్ద మరియు ఉద్యోగ స్థలంలో రెండింటిలో! వ్యక్తిగత మరియు వృత్తిపరమైన జీవితంలో ఒత్తిడిని ఎలా నిర్వహించుకోవాలో సందర్భోచిత ఉదాహరణల ద్వారా ఈ మాడ్యూల్ వివరిస్తుంది.,"S007,S010,S015",3,3000,virtual-lab,Dr Marri Chenna Reddy Human Resource Development Institute of Telangana,Hindi
C138,వ్యక్తిగత మరియు వృత్తిపర ప్రభావశీలత,"మనలో ఏ ఒక్కరూ అన్ని సమయాల్లో ప్రభావశీలకంగా ఉండలేరు. కొన్ని సమయాల్లో ప్రభావశీలకంగా ఉండని లక్షణాలను మనం కనబరుస్తాం. సవాళ్ళు ఎదురుగా ఉన్నప్పుడు, ముందుకు కొనసాగాలంటే మీ సామర్ధ్యాన్ని కొలవడానికి వ్యక్తిగత ప్రభావశీలత ఒక కొలమానం. మీ వ్యక్తిగత ప్రభావశీలకతను వృద్ధి చేసే పని యొక్క భిన్న అంశాలను ఈ మాడ్యూల్ తెలియజేస్తుంది.",S004,1,3600,instructor-led,Dr Marri Chenna Reddy Human Resource Development Institute of Telangana,Hindi
C139,లక్ష్యం నిర్దేశించుకోవడం,"ఉదాహరణల ద్వారా SMARTER లక్ష్యాలను ఏర్పాటు చేసుకోవడం గురించి ఈ యూనిట్ వివరిస్తుంది. ఇది మూడు సాదృశ్యాలను కూడా అందిస్తుంది, వీటిలో మూడు వేర్వేరు బాధ్యతలలో ఉన్న ప్రభుత్వోద్యోగులు లక్ష్యాలను ఏర్పాటు చేసుకోవడానీ SMARTER పద్ధతిని ఎలా ఉపయోగించవచ్చో తెలియజేయబడుతుంది. చివరిగా, మీ బాధ్యతకు తగిన లక్ష్యాలను ఏర్పాటు చేసుకోవడానికి ఈ పాఠం చివర అందించిన SMARTER లక్ష్యాల పత్రము టెంప్లేట్‌ను డౌన్‌లోడ్ చేసి ఉపయోగించవచ్చు.","S012,S016",3,2700,self-paced,Dr Marri Chenna Reddy Human Resource Development Institute of Telangana,Hindi
C140,విభేదాల పరిష్కారం మరియు రాజీపడడం,మన వ్యక్తిగత మరియు వృత్తిపరమైన జీవితాలలో వాదనలు మరియు వివాదాలు స్వాభావికంగా భాగమై ఉంటాయి. ఈ వివాదాలు లేదా వాదనలతో వ్యవహరించి ఒక శాంతియుతమైన పరిష్కారాన్ని తీసుకురావడం చాలా ముఖ్యము. వివాదాలను నిర్వహించుకుంటూ పరిష్కారాన్ని కనుగొనడంతో ఈ మాడ్యూల్ వ్యవహరిస్తుంది.,"S005,S016,S006",1,4200,instructor-led,Dr Marri Chenna Reddy Human Resource Development Institute of Telangana,Hindi
C141,భావోద్వేగ మేధస్సు,ప్రతి వ్యక్తిలో భావోద్వేగాలు ముఖ్యమైన భాగంగా ఉంటాయి. మీ భావోద్వేగాలను నిర్వహించుకుంటూ భావోద్వేగ సూచికను వృద్ధి చేసుకోవడం ఎలాగో తెలుసుకోవడం ద్వారా మీ వ్యక్తిగత మరియు వృత్తిపరమైన జీవితంలో విజయం సాధించవచ్చు.  పౌరులతో వ్యవహరించేటప్పుడు మీ భావోద్వేగాఅలను అర్థం చేసుకోవడంలో ఈ మాడ్యూల్ సహాయపడుతుంది.,"S015,S011",3,4380,instructor-led,Dr Marri Chenna Reddy Human Resource Development Institute of Telangana,English/Hindi
C142,బృంద నిర్మాణం,"వ్యక్తిగతంగా చురుకుగా ఉంటూ బలమైన మౌలిక సామర్ధ్యాలను కలిగి ఉండటం మంచిది. అయితే, మీరు బృందంలో పని చేయలేకపోతే లేదా ఒకరి సామర్ధ్యాలను మరొకరు ఉపయోగించుకోలేకపోతే, టీం ప్రదర్శన పేలవంగా లేదా సగటుకు పరిమితమై ఉంటుంది. ఈ మాడ్యూల్ టీం వర్క్ గురించి ప్రస్తావిస్తుంది, ఇది ప్రధానంగా సందర్భానుసార నాయకత్వం.","S007,S009",2,3540,instructor-led,Dr Marri Chenna Reddy Human Resource Development Institute of Telangana,English
C143,ఫైనాన్స్ మరియు అకౌంట్స్,"ఫైనాన్స్ అనేది కేవలం ఆదాయ వనరులకు మాత్రమే సంబంధించినది కాదు కానీ మనం నిధులను ఎలా ఉపయోగించుకుంటామో అనే దానికి సంబంధించినది కూడా. ఈ మాడ్యూల్ ఆర్ధిక పాలనను గురించి ప్రస్తావిస్తుంది, ఇది ఫైనాన్స్‌లోని అన్ని కోణాలను గురించి తెలుపుతుంది.",S010,3,5220,virtual-lab,Dr Marri Chenna Reddy Human Resource Development Institute of Telangana,English/Hindi
C144,ప్రేరణ,"ప్రోత్సాహమే ప్రదర్శనకు చోదక శక్తిగా పనిచేస్తుంది. ఇది ఒక వ్యక్తికి ఎంతో ముఖ్యమైనది. ప్రోత్సాహమే వ్యక్తులలో అంతర్లీనంగా ఉండే చోదక బలం మీ సందర్భం, పరిస్థితి మరియు ఉద్యోగానికి సంబంధించిన మీ ప్రోత్సాహాన్ని కనుగొనడంలో ఈ మాడ్యూల్ మీకు తోడ్పడుతుంది.","S015,S004",1,3600,instructor-led,Dr Marri Chenna Reddy Human Resource Development Institute of Telangana,English
C145,ప్రజా కేంద్రీకృత సంభాషణ,"ప్రభుత్వోద్యోగులుగా, మన అనుదిన జీవితంలో మనం అనేక పౌరులతో కలుస్తుంటాము. మన భావప్రసారాలను పౌర-కేంద్రితంగా ఎలా ఉండాలో తెలుసుకోవడంలో ఈ మాడ్యూల్ సహాయపడుతుంది.",S008,2,5400,instructor-led,Dr Marri Chenna Reddy Human Resource Development Institute of Telangana,English/Hindi
C146,కార్యాలయ విధానాలు,ఏర్పాటు చేసిన సంస్థాగత లక్ష్యాలు లేదా ధ్యేయాలను సాధించడం కొరకు వ్యక్తులు కొన్ని చర్యలు చేపట్టే ప్రదేశమే కార్యాలయము. నిర్ణయాలు తీసుకోవడానికి సమాచారం ఎలా ప్రక్రియ చేయబడుతుంది మరియు సంస్థాగత లక్ష్యాలను లేదా ధ్యేయాలను ఎలా సాధిస్తుంది అనే అంశాలను ఈ మాడ్యూల్ వివరిస్తుంది.,"S015,S005",3,5400,virtual-lab,Dr Marri Chenna Reddy Human Resource Development Institute of Telangana,Hindi
C147,నాయకత్వం,"సీనియర్ స్థాయి అధికారులు లేదా ప్రభావం చూపగల వ్యక్తులలో మాత్రమే కాక అందరిలో నాయకత్వ లక్షణాలు ఉంటాయి, భిన్న పరిస్థితుల్లో ఎవరైనా వ్యక్తి ఎలా నాయకుడవ్వగలడు అనే విషయం ఈ మాఢ్యూల్‌లో ప్రస్తావించబడింది.","S007,S006",3,3360,instructor-led,Dr Marri Chenna Reddy Human Resource Development Institute of Telangana,English/Hindi
C148,సమయ పాలన,"ఉద్యోగులకు వారి ఉద్యోగ జీవితాన్ని సులభతరం మరియు సంతృప్తికరం చేసుకోవడానికి, సంస్థాగతమైన మరియు వ్యక్తిగతమైన విలువలకు మధ్య పొందిక ఉండేలా ఉద్యోగ స్థలం వద్ద ఒత్తిడిని తగ్గించుకోవడం ముఖ్యమైన సంగతి. సంస్థాగతమైన మరియు వ్యక్తిగతమైన విలువలకు వ్యక్తులు ఏ విధంగా కూర్పును కలిగి ఉండాలో ఈ మాడ్యూల్ తెలుపుతుంది.","S004,S012,S003",2,3600,self-paced,Dr Marri Chenna Reddy Human Resource Development Institute of Telangana,English/Hindi
C149,Procurement Services (Consultancy / Non-Consultancy),"Describe the process of shortlisting in procurement of consultancy services, Explain the evaluation process of procurement of consultants and Explain the methods of procuring consultancy services and monitoring the contract.","S008,S010",1,7680,virtual-lab,Department of Expenditure,English/Hindi
C150,"Hazard Identification, Risk Assessment And Control (Hindi)","मॉड्यूल के अंत में आप खतरों और खतरों के प्रकारों की पहचान करने में सक्षम होंगे, जोखिम विश्लेषण की पहचान करेंगे, खतरों को नियंत्रित करेंगे, जोखिम को पूरा करेंगे, जोखिम प्रोफाइलिंग मैट्रिक्स खतरे के विश्लेषण को लागू करेंगे।",S003,1,2464,self-paced,National Thermal Power Corporation (NTPC) Limited,English
C151,"Hazard Identification, Risk Assessment And Control","At the end of the module you will be able to identify hazards and types of hazards, identifying risk, analysis the hazards, control the risk, complete a risk profiling Matrix, implement hazard analysis",S011,3,2386,self-paced,National Thermal Power Corporation (NTPC) Limited,English
C152,Intellectual Property Rights,The course explains the importance of Intellectual Property Rights (IPR) and details out the various laws made to protect IPR in India. The course explicates the international legal framework for protection of IPR. The course details out the key stakeholders involved and explains their role in protection of IPR. The course also describes some of the common IPR violations and explains the role of customs and key stakeholders in controlling these violations. It explains the enforcement of IPR at the border. The course also describes the need of industry interface in IPR Enforcement.,"S005,S012",2,5700,instructor-led,Central Board of Indirect Taxes and Customs(CBIC),English
C153,Artificial Intelligence_L2,"In this course, you will learn how to develop a strategy to build an AI/ML initiative in your organization.","S001,S012",2,17934,instructor-led,UpGrad,English
C154,Cybersecurity,This course will help you understand the basics of cybersecurity.,"S005,S013,S001",1,10608,self-paced,UpGrad,Hindi
C155,Advanced Concepts in SQL,"In this course, you’ll learn about several techniques that help you reduce query time. These range from optimizing queries to using constructs such as indexes.","S010,S011,S012",1,4904,self-paced,UpGrad,English/Hindi
C156,Sanction for Prosecution,"This course offers a deep dive into the legal intricacies of obtaining sanction for prosecution in India. Participants will explore the nuances of Section 197 of the Code of Criminal Procedure (CrPC), 1973, gaining a comprehensive understanding of its provisions. The Prevention of Corruption Act, 1988, will be thoroughly discussed, providing participants with a robust foundation in the legal framework governing anti-corruption efforts.","S004,S007",3,2700,virtual-lab,Institute of Secretariat Training and Management,Hindi
C157,Proficiency in technical and scientific writing,"This topic covers the essential skills needed for effective communication in technical and scientific contexts. It encompasses techniques for crafting clear, organized technical documents, mastering scientific writing principles, conducting research, and ensuring proper citation. Students will develop proficiency in grammar and mechanics, and learn how to provide constructive feedback through peer review. Emphasis is placed on maintaining originality and applying these skills in real-world scenarios, preparing individuals for success in professional and academic writing environments.","S001,S013,S012",1,7091,self-paced,Capacity Building Commission,English/Hindi
C158,Plagiarism,"The video on ""What is plagiarism and how to avoid it"" offers a concise explanation of plagiarism and provides practical strategies to prevent it. Viewers gain an understanding of plagiarism as the unauthorized use of someone else's work and the importance of proper citation and attribution. The video also offers guidance on using quotations, paraphrasing, citing sources, and utilizing plagiarism detection tools. By following these tips, individuals can maintain academic integrity and avoid the pitfalls of plagiarism in their work.","S009,S007,S008",3,2476,self-paced,Capacity Building Commission,English
C159,5G Air Interface Part 1,"This is part 1 of 5G Air Interface Course. The Learners will be able to understand, Frequency bands, bandwidth, Waveform, Numerologies  etc supported in 5G,","S011,S009",3,3000,self-paced,"National Telecommunications Institute for Policy Research, Innovation and Training (NTIPRIT)",English
C160,Landslides in India: An Introduction,"This e-learning course of the Geological Survey of India Training Institute (GSITI) intends to enhance the understanding of the basics of the landslide phenomena, the landslide hazard scenarios of India, their triggers and consequences.",S009,1,5104,self-paced,Ministry of Mines,Hindi
C161,"Financial Insights:Trading,Profit and Loss and Balance Sheet","The course ""Financial Insights: Trading, Profit and Loss, and Balance Sheet"" provides a comprehensive understanding of key financial concepts and statements used in business and accounting. Here's a summary of what you might learn in this course: -Introduction to Financial Statements: -Definition and purpose of the income statement. -Definition and purpose of the Balance Sheet","S009,S004",1,2767,instructor-led,National Institute of Communication Finance,English/Hindi
C162,Concepts of Digital Signalling - Part 1,Signalling is exchange of Information between various nodes in the process of establishing and releasing a call between a calling party and a called party.,S010,1,2100,instructor-led,"National Telecommunications Institute for Policy Research, Innovation and Training (NTIPRIT)",English/Hindi
C163,E-Learning Modules on Basics of the Underwater World (Part-2),"In the second part of the course, the focus shifts towards advanced aspects of Underwater Domain Awareness (UDA) and its practical applications. The curriculum covers the Underwater Data Analytics Framework, providing insights into acoustic propagation in the Indian Ocean Region (IOR) and addressing underwater channel modeling, simulation, and field validation. Additionally, the course explores underwater robotics, including their challenges and opportunities, offering foundational knowledge, classification of applications, and insights into various types of Autonomous Underwater Vehicles (AUVs) and their design and development considerations. The discussion also extends to underwater deployment, emphasizing different deployment types, their applications, and the influence of tropical characteristics on sensor performance and safety. The course further addresses acoustic habitat degradation and management, highlighting underwater acoustics, sources of underwater noise, and marine spatial planning, with real-world examples such as Bubble Feeding by Big Whales. It concludes by examining the role of digital transformation in enhancing coastal communities' livelihoods. This encompasses the digital ocean, the development of an APY analysis tool for seaweed cultivation and shrimp farming, as well as the governance perspective and challenges associated with the APY Tool. These five segments provide advanced insights into UDA, from data analytics and underwater robotics to digital transformation, expanding participants' understanding of the multifaceted world of underwater domain awareness.","S003,S004",3,9205,self-paced,Maritime Research Foundation,Hindi
C164,Science communication,"This comprehensive course is designed for scientists, researchers, and educators who want to master science communication. Participants will learn to articulate complex scientific ideas compellingly, fostering public discourse and enhancing societal trust in science. Covering writing, visuals, and social media, the course focuses on educating and informing citizens for evidence-based decision-making. Beneficiaries of this course will gain a deep understanding of the science communication landscape, benefiting those eager to broaden the impact of their scientific and research work and engagement with the public.","S012,S011,S004",2,7800,virtual-lab,Capacity Building Commission,Hindi
C165,E-Learning Modules on Basics of the Underwater World (Part-1),"This comprehensive course on Underwater Domain Awareness (UDA) covers a wide spectrum of topics vital to understanding UDA's role in contemporary maritime contexts. It begins with a foundational exploration of UDA, emphasizing its significance and key stakeholders. The course then delves into the strategic alignment of the UDA Framework with India's SAGAR vision, offering insights into India's global positioning and various projects that complement this vision. Next, it addresses the intricacies of UDA in tropical waters, considering political, economic, and historical challenges, while contextualizing UDA within the evolving Indo-Pacific strategy. The course also emphasizes sustainability concerns in the Indian Ocean, encompassing issues such as acoustic habitat degradation, IUU fishing, pollution, and ecosystem degradation, all within the context of India's unique tropical characteristics. Finally, it highlights the need for effective maritime governance and the imperative of a UDA framework. This section discusses regulatory challenges, decision-making dynamics, and the role of the scientific community in managing underwater domains. By encompassing these five modules, the course provides participants with a holistic and in-depth understanding of UDA's significance and its critical role in shaping maritime security and sustainability in the modern world.",S015,2,9921,self-paced,Maritime Research Foundation,English
C166,Multi Tasking Karmayogi - Dakshata,Multi Tasking Karmayogi - Dakshata (For MTS working in DOP),S009,1,19899,instructor-led,Department of Posts,English/Hindi
C167,Fundamentals of Public Policy,"This course offers an introduction to public policy. It will introduce what is public policy and discuss its relevance as a discipline. The course then introduces the key circumstances under which a problem becomes a public policy issue. It offers that market failures are the main areas that require public policy action to be initiated. However, it contends that there are different kinds of market failures. Therefore, each kind of market failure is discussed in detail. In the end, a problem set is shared to solve that provides practical questions on public policy issues.","S002,S016,S003",2,10488,instructor-led,Indian School of Public Policy,Hindi
C168,Developing Awareness on ESG Issues,"This course enables leaders/managers/officers/supervisors to develop awareness on ESG issues. It explains how adopting ESG measures are impacting business performance and it is in the interest of all stakeholders to implement ESG measures. After completing the course, one will be able to: - Learn about the pillars of ESG and factors comprising it. - Understand ESG Investing and its pros & cons. - Learn about the key metrics of ESG that businesses should track.",S013,2,3461,instructor-led,Steel Authority of India Limited (SAIL),English/Hindi
C169,Budgeting in Defence,Budgeting in Defence,S002,1,4146,self-paced,Defence Accounts Department (DAD),English
C170,5G Quality of Service,5G Quality of Service,S003,1,8614,self-paced,"National Telecommunications Institute for Policy Research, Innovation and Training (NTIPRIT)",English/Hindi
C171,Basics of National Income Accounting,"By the end of this exercise, we will be able to understand about the economics models, introduction to national income accounting and how to measure GDP.","S012,S001",3,4044,virtual-lab,LBSNAA,Hindi
C172,कौशल विकास और उद्यमशीलता मंत्रालय प्रारंभिक प्रशिक्षण,"यह ‘कौशल विकास और उद्यमशीलता मंत्रालय प्रारंभिक प्रशिक्षण’ मॉड्यूल एक डिजिटल इंटरैक्टिव ई-लर्निंग मॉड्यूल है, जो कौशल विकास और उद्यमिता मंत्रालय (एम.एस.डी.ई.), इसके प्रभागों और संगठनों का अवलोकन प्रदान करता है। यह पाठ्यक्रम शिक्षार्थियों को कौशल विकास और उद्यमिता मंत्रालय (एम.एस.डी.ई.) और उसके संगठनों के अवलोकन, मिशन, विजन, प्रमुख भूमिकाओं और जिम्मेदारियों, संरचना और प्रमुख योजनाओं और परियोजनाओं को समझने और परिचित करने में मदद करेगा। इसमें निम्नलिखित विषय शामिल होंगे : - • मंत्रालय का विज़न-मिशन और संरचना। • मंत्रालय की प्रमुख भूमिकाएँ और जिम्मेदारियाँ। • मंत्रालय की प्रमुख योजनाएं और नीतियां। • मंत्रालय के डिजिटल पोर्टल और डैशबोर्ड। • मंत्रालय के प्रमुख प्रभागों और उनकी जिम्मेदारियों का मानचित्रण। • मंत्रालय के भीतर विभिन्न प्रभागों और संगठनों के प्रमुख अधिदेश, बुनियादी कामकाज, मुख्य प्रक्रिया, भूमिकाओं और जिम्मेदारियों के बारे में विस्तार से जानकारी। यह समग्र प्रेरण मॉड्यूल शिक्षार्थियों को एक मूल्यांकन के माध्यम से उनकी समझ का आकलन करने में भी सक्षम करेगा।","S013,S005",1,18000,instructor-led,Ministry of Skill Development and Entrepreneurship,Hindi
C173,Government e-Marketplace,Describe the process of registration in GeM and Identify the role and responsibilities of primary and secondary users. We can also Understand the registration process and Define the various types of procurement modes.,S005,1,7200,virtual-lab,Department of Expenditure,English
C174,R Programming,"In this course, you will get started with a programming language called R, which is among the most popular languages in the data science community. R is widely used for data mining, statistics, and data analysis by data analysts, data scientists, and researchers.",S006,1,10170,virtual-lab,UpGrad,English
C175,Tableau_L2,"In this course, you will understand advanced concepts of Tableau.","S004,S016",2,21908,virtual-lab,UpGrad,English
C176,5G Core Architecture Part 1,5G Core Architecture Part 1,S001,1,3000,self-paced,"National Telecommunications Institute for Policy Research, Innovation and Training (NTIPRIT)",English
C177,रेल कर्मयोगी कार्यक्रम,"रेल कर्मयोगी कार्यक्रम विशेष रूप से रेलवे के सभी पहली पंक्ति के कर्मचारियों को अधिक नागरिकोनमुखी बनाने के लिए तैयार किया गया है। इसे पहली पंक्ति की पाँच भूमिकाओं के लिए बनाया गया है - स्टेशन मास्टर, टिकट परीक्षक, बुकिंग क्लर्क, पार्सल क्लर्क, और गुड्स क्लर्क।",S016,1,25920,virtual-lab,Ministry of Railways,English/Hindi
C178,BASICS OF CLIMATE CHANGE: Science Behind Stories,"This course will help you to learn  Climate Change and associated science. The course will encourage you to work towards tackling climate change  at all levels of society, from individuals and educators to policymakers and businesses. After learning the course you will foster awareness, capacity building and innovation climate change learning helps communities and individuals . Join the bandwagon to reduce greenhouse gas emissions and effectively adapt to the changing climate!","S013,S003,S005",3,7903,instructor-led,Indian Institute of Public Administration,Hindi
C179,Mergers and Acquisitions: An Overview,"This interesting learning byte provides the learner with a quick glance on the meaning, types, key drivers and synergies of mergers and acquisitions. Alongside it also helps the learner understand focus areas, types of due diligence.","S001,S015,S011",3,4048,self-paced,National Stock Exchange Academy,English
C180,CPC SOP for PLI/RPLI Operations,"Uncover the intricacies of Postal Life Insurance (PLI) and Rural Postal Life Insurance (RPLI) central Processing Centre (CPC) operations in this course. Learn to develop and implement Standard Operating Procedures (SOPs) that optimize processes, elevate customer service, and ensure regulatory compliance.","S006,S002",3,8152,virtual-lab,Department of Posts,English
C181,Multi Tasking Karmayogi - Prarambh,Multi Tasking Karmayogi - Prarambh,"S011,S015,S012",3,13232,virtual-lab,Department of Posts,English
C182,सार्वजनिक भविष्य निधि योजना,उच्चतम ब्याज और कर लाभ वाली योजना।,S012,1,3960,self-paced,RAKNPA,English
C183,Introduction to Plate Tectonics,"This e-learning course of the Geological Survey of India Training Institute (GSITI) briefly introduces the learner to the theory of Plate Tectonics- a paradigm shift in understanding the geological process of the Earth. The modern theory of 'Plate Tectonics' posits that the Earth's outer shell is broken up into several plates, that slide as Earth's rocky shell over the mantle.",S005,3,5188,instructor-led,Ministry of Mines,English
C184,Training Programme on eoffice,e-Office is a Digital Workplace Solution that replaces the existing manual handling of files and documents with an efficient electronic system,S011,3,3159,virtual-lab,Haryana Institute of Public Administration,Hindi
C185,Fund Management in DOP,Fund Management in DOP,S015,2,3771,instructor-led,Department of Posts,Hindi
C186,SAP-HR in DOP,SAP-HR in DOP(Process of request submission by Employees),"S007,S003",3,3681,instructor-led,Department of Posts,English
C187,Reading Deeply,Sharpen ability to draw insights from information and people,"S007,S006,S016",1,10488,virtual-lab,Harappa Education,English/Hindi
C188,Ministry of Mines- Understanding the Mining  Industry (Part 3),"This is the third module of the training program which covers a thorough exploration of the mining industry, including its importance, processes, and environmental aspects, while also covering mine types and global mineral classification systems for resource management.","S011,S006,S012",1,1680,virtual-lab,Ministry of Mines,Hindi
C189,Ministry of Mines-Value Chain (Part 2),"This is the second module of the training program, covering the intricate processes within the mineral resource industry, encompassing extraction to market delivery, addressing both upstream and downstream components, and empowering participants with a holistic understanding to establish an efficient and sustainable mineral resource value chain.","S015,S008,S002",1,5286,virtual-lab,Ministry of Mines,English/Hindi
C190,Ministry of Mines -Overview  (Part 1),"This is the first module of the training program which introduces the mining industry, providing insights into the ministry's function, mission, vision, objectives, structure, and roles, setting the foundation for a deeper understanding of the sector.",S001,1,2656,self-paced,Ministry of Mines,Hindi
C191,FRSR Part V - House Rent Allowances and Other Allowances,This course is on Fundamental Rules and Supplementary Rules Part V – HRA & other allowance Rules which deals with different types of HRA & other allowance Rules applicable to Central Government Employees. The objective of the course is to acquaint the officials about the set of rules and foster their knowledge towards the responsibilities and proper practices in handling leave matters which shall be discussed though factsheets and case studies,"S013,S001",1,13500,virtual-lab,Department of Expenditure,Hindi
C192,FRSR Part IV - Dearness Allowance (DA) and Dearness Relief (DR) Rules,"This course is on Fundamental Rules and Supplementary Rules Part IV DA, DR & CPF Rules which deals with different types of DA, DR & CPF Rules applicable to Central Government Employees. The objective of the course is to acquaint the officials about the set of rules and foster their knowledge towards the responsibilities and proper practices in handling leave matters which shall be discussed though factsheets and case studies","S004,S013,S010",1,8700,virtual-lab,Department of Expenditure,Hindi
C193,FRSR Part I - General Rules,"The Fundamental Rules cover entire gamut of events/situations which occur from the day of joining of a Government Servant to the payment of pension post retirement. A brief reflection of the topics covered by the FRSR- (Part I) are Definitions, General Conditions of Service, Pay, Additions to pay, Combination of Appointments, Deputation out of India, Dismissal, Removal and Suspension, Retirement, Foreign Service, Government Residences (GPRA/Licence Fee), Special Allowance/Pay etc. in respect of Central Government Employees. The objective of this course is to acquaint the learners about the set of rules related to general conditions of service, appointment, Pay, special allowances, incentives etc. outlining the latest decisions & amendments issued by Government from time to time and foster their knowledge towards the responsibilities and proper practices in handling service matters and pay relates to Central Government employees which shall be discussed though factsheets and case studies.","S004,S007,S009",3,19200,instructor-led,Department of Expenditure,Hindi
C194,FRSR Part II - Travelling Allowances Rules,The purpose of the course is to foster knowledge of the learners towards various conditions of different types of travel entitlements applicable to central government employees.,"S016,S006,S010",3,11400,instructor-led,Department of Expenditure,English
C195,Restoring Livelihoods with Psychosocial Support,How to understand and consider mental health needs when designing livelihood programs for conflict and fragile settings,"S007,S003",2,3443,instructor-led,World Bank,English/Hindi
C196,Lifestyle for Environment - LiFE Prarambh Module,Lifestyle for Environment - LiFE Prarambh Module,"S004,S010,S016",3,6128,virtual-lab,Department of Posts,English/Hindi
C197,Swachhata - DoP,Swachhata - DoP,"S006,S008",3,4155,self-paced,Department of Posts,Hindi
C198,Stress Management,"Hans Selye incorporated the term ‘Stress’ into the medical lexicon in 1936 and defined it as “the non-specific response of the body to any demand for change”. Today, stress is a natural human response that makes one feel overwhelmed, unmotivated or unfocussed and Stress Management provides a range of tools to reduce these negative impacts of Stress. These tools include exercise, relaxation, and mindfulness along with seeking social support and professional help when necessary.","S001,S013",2,1500,self-paced,Department of Personnel and Training DoPT,English/Hindi
C199,Green Building Concept,A Green Building is a building that depletes the natural resources to the minimum during its construction and operation.,"S004,S008",2,2100,self-paced,"National Telecommunications Institute for Policy Research, Innovation and Training (NTIPRIT)",English
C200,Business Development Products,In this course we will learn about Business Development Products offered by India Post,"S013,S006",2,3900,instructor-led,RAKNPA,Hindi
C201,National Savings Time Deposit Account,"In this course, you will learn about the various features of Time Deposit Accounts, their types, payment of interest, premature closure and final closure on maturity.","S004,S012,S007",3,2100,instructor-led,RAKNPA,English/Hindi
C202,Office Procedure and  Dak Managements,Office Procedure and  Dak Managements,S008,1,2836,self-paced,Department of Posts,Hindi
C203,Role of CBIC in PM Gati Shakti for Logistics Efficiency,This course provides insights into the PM Gati Shakti and CBICs role in it for Logistics Efficiency and Trade Facilitation. The course focusses on Whole of Government Approach and shows how other departments work towards achievement of overall goals of PM Gati Shakti mainly focusing on Infrastructure Development,S013,3,7200,instructor-led,Central Board of Indirect Taxes and Customs(CBIC),English/Hindi
C204,Practicing Excellence,Maximize your productivity at work and make sure you get the best reward for all the effort you put in,S001,2,11627,virtual-lab,Harappa Education,Hindi
C205,Leading Self,Unlock the best version of yourself,S015,1,17805,self-paced,Harappa Education,English
C206,Making Decisions,Cut through the complexity and ambiguity of the modern workplace to improve your decision-making,"S011,S002",1,17692,virtual-lab,Harappa Education,English
C207,Leading Others,Become an inspiring leader who drives performance and growth,S003,3,19341,self-paced,Harappa Education,English/Hindi
C208,Decoding Others,"Identify a person’s sensibilities, strengths and work styles","S016,S012",1,11685,instructor-led,Harappa Education,Hindi
C209,Embracing Change,Quickly adapt to changes and overcome challenges no matter what life throws at you,"S011,S001,S015",3,10382,virtual-lab,Harappa Education,English/Hindi
C210,BIMA DEeP (Praveenta - 3),"Course on advanced provisions regarding loan, surrender, revival conversion, etc.","S007,S005,S016",3,6960,instructor-led,Department of Posts,English
C211,Database Design and Introduction to MySQL,Learn the fundamentals of database and extract information from RDBMS using structured query language (SQL).,"S005,S006",2,23444,virtual-lab,UpGrad,English/Hindi
C212,Optical Fiber Cable Tool Kit Demonstration,Optical Fiber Cable Tool Kit Demonstration,S011,2,1271,instructor-led,Bharat Sanchar Nigam Limited(BSNL),Hindi
C213,Establishment Review of Branch Post Office,This course consists of nine modules and covers different aspects of Establishment Review of Branch Post Offices under Department of Post,S016,1,10782,self-paced,Department of Posts,Hindi
C214,पार्सल नेटवर्क ऑप्टिमाइजेशन प्रोजेक्ट,"पार्सल नेटवर्क ऑप्टिमाइजेशन प्रोजेक्ट (पीएनओपी) पार्सल और डिलीवरी नेटवर्क को ऑप्टिमाइज़ करने के लिए निम्नलिखित उद्देश्यों के साथ नवंबर 2016 में शुरू किया गया था: •         पार्सल हैंडलिंग क्षमता बढ़ाने के लिए बुनियादी ढांचे का विकास •         मौजूदा बुनियादी ढांचे को फिर से डिजाइन, मजबूत और अपग्रेड करना •         ऑल इण्डिया पोस्टल रोड ट्रांसपोर्ट नेटवर्क का विकास •         राष्ट्रीय और क्षेत्रीय ट्रांसशिपमेंट सेंटर्स का विकास और संचालन •         नोडल डिलीवरी सेंटर्स के ऑप्टिमाइज़ नेटवर्क का विस्तार करना •         ऑनलाइन मॉनिटरिंग सिस्टम लागू करके मॉनिटरिंग क्षमता को मजबूत करना","S015,S010",3,3900,instructor-led,RAKNPA,English/Hindi
C215,Data Analysis using R,"In this course, you will be using the R programming language to practice the concepts of inferential statistics.","S007,S012,S016",1,11659,self-paced,UpGrad,Hindi
C216,Structuring Problems,Cultivate a problem-solving mindset to define and structure any problem you face,"S002,S012,S006",1,9470,self-paced,Harappa Education,Hindi
C217,Sevottam for Grievance Redressal Officers,This is an online module on Sevottam for Grievance Redressal Officers,S004,1,4920,self-paced,Haryana Institute of Public Administration,English/Hindi
C218,Movement Operations in FCI,Movement Operations in FCI,"S008,S016",1,1374,instructor-led,Food Corporation of India (FCI),English
C219,Post Office Time Deposit- Finacle Workflow,Post Office Time Deposit- Finacle Workflow,S007,2,1752,instructor-led,Department of Posts,English/Hindi
C220,Post Office Sr.Citizen Savings Scheme - Finacle Workflow,Post Office Sr.Citizen Savings Scheme - Finacle Workflow,"S007,S002",3,1817,virtual-lab,Department of Posts,English
C221,Post Office Recurring Deposit - Finacle Workflow,Post Office Recurring Deposit - Finacle Workflow,S001,1,4527,virtual-lab,Department of Posts,English
C222,Post Office Public Provident Fund- Finacle Workflow,Post Office Public Provident Fund- Finacle Workflow,"S003,S004",2,1527,virtual-lab,Department of Posts,English
C223,Post Office Monthly Income Scheme - Finacle Workflow,Post Office Monthly Income Scheme - Finacle Workflow,"S010,S016,S008",1,2509,self-paced,Department of Posts,English
C224,Post Office National Savings Scheme - Finacle Workflow,Post Office National Savings Scheme - Finacle Workflow,"S010,S002",2,1387,self-paced,Department of Posts,English/Hindi
C225,Frauds and Risks Management in India Post,Frauds and Risks Management in India Post,"S011,S009",1,2165,virtual-lab,Department of Posts,English
C226,Post Office Kisan Vikas Pathra- Finacle Workflow,Post Office Kisan Vikas Pathra- Finacle Workflow,"S002,S005,S003",2,1351,virtual-lab,Department of Posts,Hindi
C227,Post Office Savings Accounts Finacle Workflow,Post Office Savings Accounts Finacle Workflow,"S006,S008",3,11562,self-paced,Department of Posts,English/Hindi
C228,Sukanya Samriddhi Account Finacle Workflow,Sukanya Samriddhi Account Finacle Workflow,S005,1,1375,instructor-led,Department of Posts,English
C229,Point Of Sale Application in India Post,Point Of Sale Application in India Post,S009,1,7687,virtual-lab,Department of Posts,English/Hindi
C230,Postman Mobile Application and Dashboard Monitoring,Postman Mobile Application and Dashboard Monitoring,"S010,S003",1,2977,self-paced,Department of Posts,Hindi
C231,MAIL MANAGEMENT (PRARAMBH),Mail Management,"S001,S009,S013",2,6868,self-paced,Department of Posts,Hindi
C232,IPVS (India Post Visibility System),"This course aims to equip participants with a comprehensive understanding of the India Post Visibility System (IPVS), enabling them to efficiently manage mail operations, including bag handling and related activities in Railway Mail Service.",S010,3,6349,instructor-led,Department of Posts,English/Hindi
C233,4G and 5G Network Architecture,4G AND 5G NETWORK ARCHITECTURE,S009,1,2115,virtual-lab,Bharat Sanchar Nigam Limited(BSNL),English
C234,Public Procurement of Goods,"Government organizations procure wide variety of goods and services, including execution of works, involving huge amount of funds. They need to follow the fundamental principles of Public Procurement, viz., – transparency, fairness, competition, economy, efficiency and accountability.   General Financial Rules provide the framework that helps the officers engaged in Public Procurement function.","S013,S015,S004",3,4020,instructor-led,Department of Expenditure,English/Hindi
C235,Procurement of Works,"Government organizations procure wide variety of goods and services, including execution of works, involving huge amount of funds. They need to follow the fundamental principles of Public Procurement, viz., – transparency, fairness, competition, economy, efficiency and accountability.   General Financial Rules provide the framework that helps the officers engaged in Public Procurement function.","S011,S005",2,4140,virtual-lab,Department of Expenditure,English
C236,Wound Management,This course gives a basic idea of wound management for promt recovery and  prevent infection.,S013,3,1076,self-paced,Sashastra Seema Bal (SSB),Hindi
C237,Cash Management in India Post,Cash Management in India Post,S009,3,3557,virtual-lab,Department of Posts,English/Hindi
C238,DIPAM Induction,"‘Introduction to DIPAM’ course is a digital interactive e-learning module that provides an overview of the Department of Investment and Public Asset Management (DIPAM), its Divisions and functions.","S005,S008,S004",2,1559,instructor-led,Department of Investment and Public Asset Management,English
C239,Grievance Redressal Mechanism,"The course ‘Grievance Redressal Mechanism’ provides overview of grievance redressal system in income tax department. This course is focused on nature of grievances faced by taxpayers/tax consultants, causes of those grievances and existing department’s grievance redressal machinery –existing portals and systems.",S007,3,7131,instructor-led,Central Board of Direct Taxes (CBDT),English/Hindi
C240,Health and Well being Prospective of Yoga,Health and Well being Prospective of Yoga,S001,3,3658,self-paced,National institute of Health and Family Welfare,English/Hindi
C241,Health and well being perspective of naturopathy,Perspective of Naturopathy,S004,1,1690,virtual-lab,National institute of Health and Family Welfare,Hindi
C242,Management of  Metabolic Syndrome  Through  Naturopathy,Management of  Metabolic Syndrome  Through  Naturopathy,"S010,S001,S016",1,3764,self-paced,National institute of Health and Family Welfare,English
C243,A simple stretch to stretch your life,basic posture maintenance,S002,3,1288,self-paced,Sashastra Seema Bal (SSB),English
C244,Pre-Hospital protocols in case of a cardiac arrest,Series of videos for educating that a life can be saved in case of cardiac arrest even without any prior medical knowledge,"S007,S012",3,5474,virtual-lab,Sashastra Seema Bal (SSB),English/Hindi
C245,Circuit Training,Intensive physical exercises in short time to overcome the health problems cropping up due to unhealthy lifestyle,"S007,S015",3,1339,instructor-led,Sashastra Seema Bal (SSB),English
C246,Benefits of Cardiorespiratory endurance training,BENEFITS OF CARDIOVASCULAR ENDURANCE TRAINING,S005,3,560,virtual-lab,Sashastra Seema Bal (SSB),Hindi
C247,Uniform Specification of Food Grains,Uniform Specification of Food Grains,"S011,S002,S005",3,2062,instructor-led,Food Corporation of India (FCI),English
C248,Basic Computer Course for New Entrants,"Computer is an electronic device which enables user to perform specific task, by using its hardware and software. Hardware is the parts in a computer system that are interconnected for operation. While software, works on the idea of instructing programs in computer language for execution. They tell the device what to perform and how to do it using a set of instructions.","S011,S001",2,2201,instructor-led,Sashastra Seema Bal (SSB),English/Hindi
C249,Lower Backache and its prevention,"The anatomy and functioning of spinal cord, general causes of lower backache and its prevention with physiotherapy.","S016,S009",3,1601,self-paced,Sashastra Seema Bal (SSB),Hindi
C250,Operating System Installation,An operating system acts as an interface between the software and different parts of the computer or the computer hardware.,"S013,S008,S009",3,1898,self-paced,Sashastra Seema Bal (SSB),English/Hindi
C251,Earthing  System,Earthing is the process of transferring the immediate discharge of the electrical energy directly to the earth by the help of low resistance wire. The course also covers the first aid to be provided in case of an electric shock.,S002,2,1897,self-paced,Sashastra Seema Bal (SSB),English
C252,EPABX System,"EPABX or Electronic Private Automatic Branch Exchange is an electronic device for voice communication in offices, industries, hotels etc. This is an independent device and can be used without any service provider and one should have proper information about the traffic pattern in the office.","S005,S006",2,2441,self-paced,Sashastra Seema Bal (SSB),English/Hindi
C253,Reservation Policy - Reservation in Service,Reservation Policy - Reservation in Service,"S006,S011",2,10500,instructor-led,Institute of Secretariat Training and Management,Hindi
C254,Inventory Management in India Post,Inventory Management in India Post,"S005,S006",3,2613,virtual-lab,Department of Posts,Hindi
C255,Understanding Altman's Z-Score Analysis,"This course is designed to provide participants with a comprehensive understanding of Altman's Z-Score, a powerful financial analysis tool used to assess the financial health and bankruptcy risk of companies. Participants will learn how to calculate the Z-Score, interpret its values, and apply this knowledge to practical scenarios such as credit risk assessment, investment decision-making, and financial health monitoring. The course also delves into industry-specific adaptations of the Z-Score model.","S006,S003",3,1202,instructor-led,National Institute of Communication Finance,Hindi
C256,Anti Money Laundering Policy in India Post,Anti Money Laundering Policy in India Post,S006,2,4949,self-paced,Department of Posts,English
C257,Operating Environment of Working Capital,"Managing Working Capital in a Monetary Economy is a comprehensive course that equips participants with the knowledge and tools needed to navigate the complex world of working capital management. By examining the impact of monetary policy, credit practices, and financial instruments, participants will gain a holistic understanding of how these factors influence a company's liquidity and financial health. This course empowers individuals to make informed decisions, tailor working capital strategies to their specific industry, and ultimately contribute to the success and sustainability of their organizations in a dynamic economic environment.",S015,3,1982,instructor-led,National Institute of Communication Finance,English/Hindi
C258,Understanding of Cash Book,"This course equips learners with essential knowledge and practical skills in cash book management, which is crucial in maintaining accurate financial records and ensuring the smooth flow of cash within an organization. Learners will be prepared to handle cash transactions effectively and contribute to the overall financial health of an entity.","S005,S006,S008",3,1324,instructor-led,National Institute of Communication Finance,Hindi
C259,Navigating Business Cycles: Working Capital Essentials,"The course ""Navigating Business Cycles: Working Capital Essentials"" is designed to provide a comprehensive understanding of how businesses can effectively manage their working capital to navigate through various economic cycles. Working capital is a critical component of a company's financial health, as it ensures day-to-day operations run smoothly and is directly impacted by changes in economic conditions.","S015,S003",1,2126,instructor-led,National Institute of Communication Finance,English/Hindi
C260,Valuation of Inventory,"This course is designed to provide students with a comprehensive understanding of inventory valuation methods used in accounting and finance. It explores various techniques, their implications on financial statements, and how to choose the most appropriate method based on business needs and industry regulations.","S008,S004",1,2152,self-paced,National Institute of Communication Finance,Hindi
C261,India Post Payments Bank operations and Accounting,Accounting Procedures and Operations in India Post Payments Bank are discussed,S006,1,2487,instructor-led,National Institute of Communication Finance,English/Hindi
C262,Data Analysis and Visualization,NA,"S013,S003",1,11969,self-paced,UpGrad,English
C263,Developing Execution Excellence (DEE),This course enables leaders/managers/officers/supervisors to enhance their ability to effectively plan and execute various initiatives with high standards of excellence.,"S016,S011",3,8861,virtual-lab,Steel Authority of India Limited (SAIL),Hindi
C264,IP Multimedia Subsystem (IMS) Part 1,IP Multimedia Subsystem (IMS),"S007,S015,S003",1,3755,self-paced,Bharat Sanchar Nigam Limited(BSNL),English
C265,Procedure of Asset Master Creation,Procedure of Asset Master Creation,"S013,S005",3,980,virtual-lab,Bharat Sanchar Nigam Limited(BSNL),English/Hindi
C266,Router Architecture And Connection,Router Architecture And Connection,S015,1,2703,self-paced,Bharat Sanchar Nigam Limited(BSNL),English
C267,Session Initiation Protocol,Session Initiation Protocol (SIP),S007,2,3974,virtual-lab,Bharat Sanchar Nigam Limited(BSNL),Hindi
C268,Mobile Network Cell Info Codes,"Mobile Network Cell Info Codes - CGI, MCC, MNC, LAC, CID",S003,2,1541,self-paced,Bharat Sanchar Nigam Limited(BSNL),English/Hindi
C269,UNDERSTANDING REVENUE RECOGNITION PRINCIPLE,"The revenue recognition principle is a fundamental accounting concept that outlines when and how a company should recognize revenue in its financial statements. It is a critical element of financial accounting and reporting because it ensures that revenue is recorded accurately and consistently over time. The revenue recognition principle is crucial for providing accurate and transparent financial reporting to stakeholders, including investors, creditors, and regulators.","S005,S003",2,1206,virtual-lab,National Institute of Communication Finance,Hindi
C270,HOW TO LINK WBS WITH  ASSET TRANSACTION CODE  CJIC,HOW TO LINK WBS WITH  ASSET TRANSACTION CODE  CJIC,S012,1,358,self-paced,Bharat Sanchar Nigam Limited(BSNL),English
C271,Free Space Optics,Free Space Optics Communication,"S001,S010,S002",3,2208,instructor-led,Bharat Sanchar Nigam Limited(BSNL),Hindi
C272,Power Plant Introduction and Maintainance,Power Plant description in BSNL,"S016,S013",2,10146,instructor-led,Bharat Sanchar Nigam Limited(BSNL),English
C273,UNDERSTANDING OF SINGLE ENTRY SYSTEM,"The single entry system is a simplified method of keeping financial records for small businesses or individuals. Unlike the double-entry system, which is the standard method of bookkeeping used by larger organizations, the single entry system tracks financial transactions with only one entry for each transaction. It is generally considered suitable for small businesses with straightforward financial transactions and minimal reporting requirements.","S010,S008",3,1269,virtual-lab,National Institute of Communication Finance,English/Hindi
C274,RATIO ANALYSIS OF FINANCIAL STATEMENTS,"Ratio analysis is a fundamental tool used in finance and accounting to evaluate the financial health and performance of a company. This course provides a comprehensive overview of ratio analysis, covering key financial ratios and their interpretation.","S008,S010",1,3240,self-paced,National Institute of Communication Finance,English/Hindi
C275,Understanding and Rectifying Accounting Errors,"This course is designed to provide learners with a comprehensive understanding of various types of accounting errors, their sources, and methods to detect, rectify, and prevent them. It covers the types of accounting errors and way to rectify them. Real-world examples and practical exercises are used to reinforce learning.","S005,S010,S002",1,2046,self-paced,National Institute of Communication Finance,English/Hindi
C276,Understanding Depreciation on Assets,"Depreciation is a critical aspect of financial reporting, taxation, and asset management, and this course equips participants with the knowledge and skills to navigate this important accounting principle. This Course gives information about Depreciation,its Methods to charge Depreciation and methods to record Depreciation.","S001,S012",1,2272,virtual-lab,National Institute of Communication Finance,English
C277,Primavera Cloud Schedule Management,"This course covers how to manage a project from planning through execution. Managing tasks, risks, and resources is also covered.",S008,2,13254,instructor-led,Oracle,Hindi
C278,Primavera Cloud Basics,This course covers basic functions to get you up and running on your first day using Primavera Cloud.,"S003,S007",2,7099,self-paced,Oracle,English
C279,Overview of Cloud Computing,Overview of Cloud Computing,S009,3,3727,virtual-lab,Bharat Sanchar Nigam Limited(BSNL),Hindi
C280,Multi Protocol Label Switching-MPLS,Fundamentals of MPLS Technology,S007,1,3012,virtual-lab,Bharat Sanchar Nigam Limited(BSNL),Hindi
C281,5G Link Budget Analysis Part 2,5G Link Budget Analysis Part 2,S007,1,7644,self-paced,"National Telecommunications Institute for Policy Research, Innovation and Training (NTIPRIT)",Hindi
C282,Fundamentals of Change Management,Introduction and Process of Change Management,"S015,S013,S004",3,3746,instructor-led,Steel Authority of India Limited (SAIL),Hindi
C283,BANK RECONCILIATION STATEMENT,A Bank Reconciliation Statement (BRS) is a financial document used to ensure that the cash balance shown on a company's bank statement matches the cash balance in its accounting records. It is a critical tool for reconciling any discrepancies between the two.,S011,3,2249,virtual-lab,National Institute of Communication Finance,English
C284,Understanding of Double Entry System in Financial Accounting,"A course on the double-entry system of accounting is essential for anyone looking to understand and work with accounting principles, whether you are a business owner, finance professional, or student studying accounting.Double Entry System is a basic building block of whole Accounting Process.","S010,S002",1,1200,instructor-led,National Institute of Communication Finance,Hindi
C285,E-way Bill System under GST Law - Part 3,This course provides an in-depth knowledge about E-way Bill system under GST Law.,"S003,S008,S005",2,3000,self-paced,"National Academy of Customs, Indirect Taxes and Narcotics (NACIN)",Hindi
C286,E-way Bill System under GST Law - Part 2,This course provides insight into GST regulations pertaining to E-way Bill System.,"S015,S011,S013",2,3000,virtual-lab,"National Academy of Customs, Indirect Taxes and Narcotics (NACIN)",English/Hindi
C287,Essential Tools for Monitoring and Management for Everyone,"The ""Everyday DataScience"" course is a comprehensive program that equips participants with practical skills and knowledge in data analysis, visualization, and interpretation. Throughout the course's 19 modules,  participants will gain hands-on experience by working with real data from MORD Schemes.  Participants will learn to clean and manipulate data using Excel, create effective visualizations and charts, communicate data insights, and work with various tools for data presentation. They'll also gain an understanding of indicator selection, ranking, and the development of composite indices. By the end of the course, participants will be able to confidently analyze data, extract valuable insights, and communicate their findings effectively, making data-driven decisions across different scenarios.",S001,2,20559,virtual-lab,Department of Rural Development (DRD),English
C288,"Snippet Course - Transmission Line Conductor, Insulators and Hardware",The conductors are the carriers of the electricity and insulators coupled with hardware strings keeps this high voltage conductor mechanically in place and also electrically insulated.,"S010,S004,S016",3,877,virtual-lab,POWERGRID CORPORATION OF INDIA LIMITED,Hindi
C289,Introduction to transmission line survey (course-1),Fundamentals of taking up survey and instruments used.,"S012,S004",1,930,self-paced,POWERGRID CORPORATION OF INDIA LIMITED,Hindi
C290,Snippet Course - Transmission Line Towers,This course is about transmission line towers.  Transmission line towers are the most critical component of the transmission line. They impact both the economics and engineering of the transmission line. It is interesting to know about the configurations and types of such towers.,S008,2,893,self-paced,POWERGRID CORPORATION OF INDIA LIMITED,English
C291,Basics of Power System,This course aims to provide the fundamental idea of the the basic quantities or parameters and the measuring units of the power system. This knowledge is essential to understand power ratings and capacities. The course also briefly describes the philosophy of the power system supply chain.,"S012,S010",1,3350,virtual-lab,POWERGRID CORPORATION OF INDIA LIMITED,English/Hindi
C292,Closed Circuit Television: The Vigilant Eyes of Delhi Metro,"This course is from Telecommunication Team of Delhi Metro Rail Academy of Delhi Metro. The course is developed to provide an overview of Closed Circuit Television (CCTV) Surveillance System installed inside Delhi Metro premises. The CCTV Network at DMRC is built for providing real time, visual surveillance through colour display of all public areas and other selected localities of stations throughout the Metro and rail corridors. At all the Stations, entraining and detraining at Platforms are secured by using Closed Circuit Television (CCTV) System. The CCTV Surveillance System is also installed for supervising strategic locations like AFC Gates, Ticketing Offices, Escalators and Platform operational area to ensure safe Operation of the Metro. The CCTV footage of each location is continuously monitored and recorded at various levels, thereby making the CCTV system infrastructure as the vigilant Eyes of Delhi Metro.",S010,2,2367,instructor-led,Delhi Metro Rail Corporation,English
C293,सांख्यिकीय टूल डेटा विज़ुअलाइज़ेशन,यह पाठ्यक्रम डेटा विज़ुअलाइज़ेशन के उद्देश्य से उपयोग किए जाने वाले बुनियादी सांख्यिकीय उपकरणों के बारे में बात करता है,"S008,S016",2,6900,self-paced,Institute of Secretariat Training and Management,Hindi
C294,Mail Products and Services : India Post,In this course we will learn about traditional Mail Products & Services offered by India Post,S015,3,3900,self-paced,RAKNPA,Hindi
C295,Audio Frequency Track Circuit,"This course of Audio Frequency Track Circuit (TI21M) is from Signalling and Train Control (S&TC) team of Delhi Metro Rail Academy of Delhi Metro. This course is developed for better understanding of train detection system used in metros/ railways system. There are two types of technologies generally used for train detection i.e. Track circuit and Axle counters. The track circuit continuously proves the presence of a train from a given section of track in a fail-safe manner. So, the aim of track circuit is to allow semi- automatic operation of railway/metro signalling system by displaying signals for train to slow down or stop in the presence of a train on a track circuit ahead of train, thereby preventing the train dispatchers and train operators from causing accidents.","S013,S006",1,11586,self-paced,Delhi Metro Rail Corporation,Hindi
C296,Efficiency : Competency Framework,"Efficiency in governance refers to the ability of a government or governing body to achieve desired outcomes and deliver services effectively while making the best use of available resources. It involves optimizing processes, minimizing waste, and maximizing productivity and effectiveness in the execution of government functions. Efficiency in citizen-centric governance holds great significance for various reasons. It ensures that government services are delivered promptly and effectively, meeting the needs of citizens and strengthening their trust in the government.","S011,S003",1,15470,instructor-led,Indian Institute of Public Administration,Hindi
C297,Ethos : The first Pillar,"In this Course, the Competency Framework for Indian Civil Services, its meaning and significance has been discussed along with brief about CBC, Mission Karmyogi, igot platform , FRACing and Types and levels of Competencies. Capacity building of civil servants is a very crucial and pertinent issue for Ministries, departments and Organizations.",S002,2,12033,instructor-led,Indian Institute of Public Administration,Hindi
C298,International Commercial Terms (INCOTERMS),International Commercial Terms (INCOTERMS),"S011,S013,S009",2,1681,self-paced,National Academy Of Defence Financial Management (NADFM),English/Hindi
C299,COMMON SIZE STATEMENTS,"A course on ""Common Size Statements"" is designed to provide students with a comprehensive understanding of how to analyze and interpret financial statements using common size analysis. Common size statements allow financial data to be expressed as percentages of total sales or total assets, making it easier to compare and evaluate the financial performance and structure of different companies or track changes within a single company over time.",S006,2,1708,self-paced,National Institute of Communication Finance,English/Hindi
C300,Artificial Intelligence in Disaster Management,"This course will cover the various models of AI in disaster management and other important aspects/characteristics. You will learn how AI can assist in identifying vulnerable areas, developing evacuation plans, and providing support to affected communities.","S013,S005,S007",2,3000,instructor-led,"National Telecommunications Institute for Policy Research, Innovation & Training (NTIPRIT)",English/Hindi
C301,Design Thinking,"In this module, you will be able to Explain the need for design thinking for innovation, Explain the key principles behind design thinking ,Explain the context for design thinking in science and technology setting.","S012,S008",2,6900,virtual-lab,Wadhwani Institute of Technology and Policy,Hindi
C302,Financial Management in CSIR,This module has been designed to make learners understand the nature and functioning of Finance management in CSIR. The learners would understand the importance of finance management. They would also learn about identifying the sources of funds and components of expenditure in a project. They will also learn about budget preparation for a project. Concepts like how to prepare a checklist for project proposal submission; process of appraisal and approval of projects; steps in project monitoring and controlling; and project audit and reporting; have been covered in the module.,S006,2,5700,virtual-lab,Wadhwani Institute of Technology and Policy,English
C303,Procurement in Indian R and D Organisations,This module has been designed for officials and scientists involved in public procurement. The purpose of the module is to familiarise learners with the concepts of public procurement. They would learn about the public procurement cycle. They will also learn about the key concepts of public procurement and their importance.  The learners will also get introduced to the General Financial Rules (GFRs) which are applicable for any public procurement. They would not only learn about the process they need to follow for any scientific procurements but also learn about the role of key stakeholders involved.,S009,3,5100,virtual-lab,Wadhwani Institute of Technology and Policy,Hindi
C304,The Rail Karmayogi Program,"The Rail Karmayogi Program is specially designed to help all frontline Railway employees become more citizen-centric. It is built for five frontline roles - Station Master, Ticket Examiners, Booking Clerks, Parcel Clerks, and Goods Clerks.",S015,1,24060,virtual-lab,Ministry of Railways,English/Hindi
C305,PSTN Overview and Architecture - Part I B,This course will cover the Evolution of different types of exchanges. The working of manual exchanges is described along with its limitations. Then the evolution of automatic exchanges and types like strowger exchange and crossbar exchange is explained in detail.,S012,3,1800,virtual-lab,"National Telecommunications Institute for Policy Research, Innovation and Training (NTIPRIT)",Hindi
C306,Concepts of Digital Switching - Part I,"Switching is the technique that aids in selecting the optimum path for transfer of information when there are numerous paths in a bigger network. The digital switching system also called as TDM digital switching system can be classified in to three types as circuit switching, message switching, and packet switching. The circuit switching is again classified in to time switch and space switch.",S016,2,1500,self-paced,"National Telecommunications Institute for Policy Research, Innovation and Training (NTIPRIT)",English
C307,Equity : Competency Framework,"Equity plays a crucial role in citizen-centric governance by ensuring that policies, programs, and services are fair, inclusive, and responsive to the needs of all citizens. It involves inclusive decision-making processes where citizens from diverse backgrounds can participate and contribute. Equitable governance focuses on providing equal access to services and opportunities, addressing barriers that certain groups may face.","S009,S005",1,8168,virtual-lab,Indian Institute of Public Administration,English/Hindi
C308,Spectrum Management - Part I,"In this module, the need and benefits of spectrum management are briefed. The different levels like international, regional and national levels, and the bodies responsible for spectrum management are explained. Then the spectrum policy landscape and spectrum harmonisation is discussed. In this module, The three categories of spectrum bands like low-range, mid-range and high-range and its characteristics are explained. Additionally, the spectrum bands and technology deployment and technology wise BTSs of India are discussed.",S010,3,2700,self-paced,"National Telecommunications Institute for Policy Research, Innovation and Training (NTIPRIT)",English
C309,COMPARATIVE STATEMENTS,"Learners will get a fundamental understanding of comparative analysis and its applications in a variety of fields through the Comparative Statements course. Making educated judgments, doing research, and effectively expressing insights all require the use of comparative statements. A thorough introduction to the theory, method, and importance of comparative statements is provided in this course.This Course provides knowledge about Comparative Balance Sheet and Comparative Income Statement in detail.","S011,S005,S008",2,1485,instructor-led,National Institute of Communication Finance,English/Hindi
C310,Mainstreaming Social Inclusion in DAY-NRLM,"Social inclusion can be defined as the process of improving the conditions of participation in society for people who are disadvantaged on the basis of age, sex, disability, race, ethnicity, origin, religion, economic or another status, through enhanced opportunities, access to resources, voice and respect for rights. Thus social inclusion is both a process and a goal..",S011,1,18423,instructor-led,NIRDPR National Institute of Rural Development and Panchayati Raj,Hindi
C311,सांख्यिकीय टूल डेटा ड्राइवर एवं डिसीजन बनाना,सांख्यिकीय टूल डेटा ड्राइवर एवं डिसीजन बनाना,"S015,S011",2,15300,self-paced,Institute of Secretariat Training and Management,English/Hindi
C312,Implications of Internal Security in India,"After going through the course, you will be able to: 1. Understand the fundamental precepts of internal security, 2. Discern the threats to the national security, 3. Become aware of the ameliorative measures undertaken by the Government, and 4.Apply the improved wisdom for negotiation to ensure security.",S001,3,8525,instructor-led,Ministry of Power,Hindi
C313,Bharat Net,Overview of Bharat Net,"S002,S007",2,3810,self-paced,"National Telecommunications Institute for Policy Research, Innovation and Training (NTIPRIT)",Hindi
C314,Assessment for 116th Level D Training Programme,Assessment,"S013,S002",2,5700,self-paced,Institute of Secretariat Training and Management,English/Hindi
C315,Level- I 46,Assessment,S008,3,14400,self-paced,Institute of Secretariat Training and Management,Hindi
C316,Assessment for 31st Level IV,Assessment,"S010,S012,S013",2,8400,self-paced,Institute of Secretariat Training and Management,English/Hindi
C317,Assessment for 33rd Level IV,Assessment for 33rd Level IV,"S003,S005,S001",1,12000,instructor-led,Institute of Secretariat Training and Management,English
C318,Assessment for 113th Level D Training Programme,Assessment,S016,1,4800,virtual-lab,Institute of Secretariat Training and Management,Hindi
C319,Assessment for Level IV - 34th,Assessment,"S003,S002,S015",3,6000,instructor-led,Institute of Secretariat Training and Management,Hindi
C320,Assessment for 35th Level IV,Assessment,"S003,S012,S006",3,5700,virtual-lab,Institute of Secretariat Training and Management,Hindi
C321,Assessmnet for Level D 114th,Assessment for 114th Level D,"S013,S003",2,5700,instructor-led,Institute of Secretariat Training and Management,Hindi
C322,Assessment for 36th Level IV Training Programme,Assessment,"S003,S010,S012",3,5700,virtual-lab,Institute of Secretariat Training and Management,English
C323,Assessment for 115 Level-D,Assessment for 115 Level-D,"S009,S016,S013",1,5760,self-paced,Institute of Secretariat Training and Management,English/Hindi
C324,Introduction to Economics,"By the end of this exercise, we will be able to understand about the definition of Economics in terms of GDP, GNP, Production possibility frontier & how the economy is important for public administrators and the assessment is available to check the knowledge.","S013,S004",1,2858,instructor-led,LBSNAA,Hindi
C325,How to develop content for iGOT Karmayogi platform,Course on developing good content for iGOT Karmayogi platform,"S011,S001",3,9760,instructor-led,Department of Personnel and Training DoPT,Hindi
C326,Gender Sensitivity,Gender Sensitivity: Understanding Gender Bias,S002,1,3540,self-paced,Ministry of Power,Hindi
C327,CDR Clarity,CDR Clarity,S005,2,2223,self-paced,Bharat Sanchar Nigam Limited(BSNL),English/Hindi
C328,SDH Technology Introduction,SDH Technology Introduction,"S012,S005,S003",3,1711,virtual-lab,Bharat Sanchar Nigam Limited(BSNL),English/Hindi
C329,New TAX Regime,New TAX Regime,S011,3,4662,virtual-lab,Bharat Sanchar Nigam Limited(BSNL),English
C330,CASH FLOW STATEMENT,"After completion of the course,Learners will be able to understand the format of Cash flow Statement,cash flow from operating activities,cash flow from investing activities and Cash flow from Financing activities.","S015,S004,S003",1,1952,virtual-lab,National Institute of Communication Finance,English
C331,Telecommunications Bill,The course aims to facilitate the learner to appreciate need for enactment of a new Act and study the factors leading to drafting of Telecom Bill to replace three existing Acts.,"S010,S004",2,4171,self-paced,"National Telecommunications Institute for Policy Research, Innovation and Training (NTIPRIT)",English
C332,Business Process Management,"The Foundation course on BPM-Lean is curated specifically to identify and eliminate waste, enhance efficiency, and lay the foundation to build a culture and mindset of continuous improvement. By delving into methodologies, such as 5S Lean, Value Stream Mapping, Kaizens, and 5-Why Analysis, learners will acquire valuable skills for operational excellence. Additionally, they will be equipped with the tools to identify inefficiencies, streamline workflows, and drive continuous improvement within government operations.",S003,3,5343,self-paced,Genpact,Hindi
C333,Online Submission Modules of IBM.,Online Submission Modules of IBM.,S012,1,3292,self-paced,Indian Bureau of Mines,English
C334,United Nations Framework Classification,UNFC Classification,"S002,S012,S015",3,3378,virtual-lab,Ministry of Mines,Hindi
C335,6G use cases and capabilities,6G use cases and capabilities,S008,3,2483,virtual-lab,"National Telecommunications Institute for Policy Research, Innovation and Training (NTIPRIT)",Hindi
C336,Knowledge Pertaining to Different Types of Underground Mining Methods,A Brief Introduction to Different Types of Underground Mining Methods,"S008,S012,S006",2,11528,virtual-lab,Indian Bureau of Mines,English
C337,(1) Mining Lease up to Letter of Intent  (2) Mining Plan,Processes of Mining Lease & Letter of Intent and Mining Plan Preparation & online submission,S013,2,2895,virtual-lab,Ministry of Mines,Hindi
C338,Spectrum Auction Methodology,Spectrum Auction Methodology,"S015,S012",2,3240,self-paced,"National Telecommunications Institute for Policy Research, Innovation and Training (NTIPRIT)",English/Hindi
C339,Process of clearance of Rolling stock  on Railway bridges,This video explains the process of clearance of new rolling stock to be run on existing Railway bridges.,"S006,S002,S005",1,1102,self-paced,Ministry of Railways,Hindi
C340,योग अभिमुल्यन कार्यक्रम - हिंदी,"योग अभिमुल्यन कार्यक्रम मोरारजी देसाई राष्ट्रीय योग संस्थान (मो.दे.रा.यो.सं.), आयुष मंत्रालय, भारत सरकार द्वारा प्रस्तावित एक प्रारंभिक-उन्मुख योग पाठ्यक्रम है। इस पाठ्यक्रम का उद्देश्य जनता के बीच योग के ज्ञान के साथ-साथ योगाभ्यास को प्रोत्साहित तथा प्रसारित करना है। इस पाठ्यक्रम का प्राथमिक उद्देश्य प्रारंभिक लोगों में योग की मूलभूत समझ तथा अनुभव को विकसित करना है, जो स्वास्थ्य एवं कल्याण में सुधार हेतु योगदान देता है।","S003,S012,S001",2,12107,instructor-led,Morarji Desai National Institute of Yoga (MDNIY),English
C341,"भारतीय डाक की पार्सल सेवाओं का सेगमेंटेशन, टार्गेटिंग और पोजीशनिंग","पार्सल सेवाओं का सेगमेंटेशन रिटेल,बल्क ग्राहक, एयर ट्रांसमिटेड पार्सल सेवा, सरफेस ट्रांसमिटेड पार्सल सेवा, बीमा, कैश ऑन डिलीवरी,व्यवसाय से व्यवसाय (बी2बी),वयवसाय से ग्राहक (बी2सी), ग्राहक से ग्राहक (सी2सी) के आधार पर किया जा सकता है इंडिया पोस्ट पार्सल सेवाओं के टारगेट ग्राहक शैक्षिक संस्थान, ई-कॉमर्स कंपनियां, केंद्र और राज्य सरकार, बैंकिंग बीमा और वित्तीय क्षेत्र, सरकारी ई-मार्केट, एमएसएमई, ओडीओपी, बीज और कृषि उपकरणों के पिक-अप और डिलीवरी, ट्राइफेड, केवीआईसी, और एग्रीगेटर्स हैं इंडिया पोस्ट रिटेल,बल्क और संविदात्मक ग्राहकों जैसे सभी प्रकार के ग्राहकों की आवश्यकताओं के अनुरूप पार्सल सेवाओं की सस्ती दरें प्रदान करता है।",S002,3,2400,self-paced,RAKNPA,Hindi
C342,पार्सल ट्रैकर: भारतीय डाक,पार्सल ट्रैकर डाक विभाग और उसके ग्राहकों के बीच सूचनाओं के आदान-प्रदान के नए चैनल शुरू करने और मौजूदा सिस्टम को अपग्रेड करना के लिए एक्शन पॉइंट्स हैं,"S004,S016",1,2700,virtual-lab,RAKNPA,Hindi
C343,विदेशीय डाकघर के माध्यम से माल का आयात एवं निर्यात,यह कोर्स विदेशीय डाकघर के माध्यम से माल के आयात एवं निर्यात का विवरण देता हैं,S013,1,2776,virtual-lab,"National Academy of Customs, Indirect Taxes and Narcotics (NACIN)",English
C344,"Receipt, Distribution and Control of Traction Power Supply in DMRC","This course of “Receipt, Distribution and Control of Traction Power Supply for Delhi Metro” is from Electrical team of Delhi Metro Rail Academy of Delhi Metro and this course is developed for understanding how power supply is received, distributed and controlled for Traction System in DMRC.",S013,3,2697,self-paced,Delhi Metro Rail Corporation,English
C345,Know Your Ministry Induction Module of MSDE,"The ‘Know Your Ministry Induction Module of MSDE’ course is a digital interactive e-learning module that provides an overview of the Ministry of Skill Development and Entrepreneurship (MSDE), its Divisions and Organizations. The course is focused upon helping learners to understand and familiarize with the Overview, Mission, Vision, Key Roles and Responsibilities, Structure, and Flagship Schemes and Projects of the Ministry of Skill Development and Entrepreneurship (MSDE) and its Organizations. It will cover the following topics: - •	Vision-mission and structure of the Ministry •	Key Roles and Responsibilities of the Ministry •	Flagship schemes and Policies of the Ministry •	Digital portals and dashboards of the Ministry •	Mapping of key divisions of the Ministry and their responsibilities •	In detail information about key mandate, basic functioning, key processed, roles and responsibilities of various Divisions and Organizations within the Ministry This holistic Induction Module will also enable the learners to assess their understanding through an assessment",S006,2,17940,self-paced,Ministry of Skill Development and Entrepreneurship,English/Hindi
C346,Return Filing under GST,"This course provides an overview of Return Filing under GST Law covering three main returns GSTR 1, GSTR 2B and GSTR 3B.","S009,S002,S005",1,3483,self-paced,"National Academy of Customs, Indirect Taxes and Narcotics (NACIN)",Hindi
C347,Yoga Appreciation Programme (YAP) - English,"The Yoga Appreciation Programme (YAP) is a beginner-oriented Yoga course offered by Morarji Desai National Institute of Yoga (MDNIY), Ministry of Ayush, Government of India. This course aims at promoting and disseminating the knowledge as well as the practice of Yoga among the public. The primary purpose of this course is to provide a foundational understanding and experience of Yoga for beginners, contributing to the improvement of health and well-being.",S015,2,11547,virtual-lab,Morarji Desai National Institute of Yoga (MDNIY),English/Hindi
C348,Import Export through Foreign Post Office,Import Export through Foreign Post Office,"S013,S005,S011",1,1866,self-paced,"National Academy of Customs, Indirect Taxes and Narcotics (NACIN)",English
C349,'Namami Gange : A Sustainable Model for River Rejuvenation',"This course is brought to you by National Water Academy of Central Water Commission, Department of Water Resources, River Development & Ganga Rejuvenation, Ministry of Jal Shakti.  The course aims to benefit civil servants on the iGoT platform by generating awareness about the work being done in the DoWR, RD & GR for rejuvenation of our National River ‘Ganga’, and how it has evolved as a sustainable model for river rejuvenation elsewhere in the country.",S008,3,3679,instructor-led,National Water Academy Central Water Commission Pune,English/Hindi
C350,STATUTORY AUDIT OF LIMITED COMPANIES,"MEANING OF AUDITOR,QUALIFICATIONS,POWERS,DUTIES AND OTHER PROVISIONS RELATED TO AUDITOR ARE DISCUSSED AS MENTIONED UNDER COMPANIES ACT,2013.","S012,S005",1,4303,self-paced,National Institute of Communication Finance,English/Hindi
C351,Secretariat Functioning in File,Secretariat Functioning in File,"S010,S011",1,3180,self-paced,Institute of Secretariat Training and Management,English
C352,Right To Information-RTI,How to seek information in RTI,"S008,S009",1,1776,instructor-led,Bharat Sanchar Nigam Limited(BSNL),English/Hindi
C353,Overview of DWDM,Overview of DWDM,"S011,S009,S013",2,1187,self-paced,Bharat Sanchar Nigam Limited(BSNL),English
C354,Composition Scheme under Goods and Services Tax,"By the end of this course, the learners will be able to understand the concept of Composition Scheme under GST. They will be able to understand the legal provisions and recent changes with respect to the Composition Scheme for goods and services.","S004,S005,S010",1,1140,instructor-led,"National Academy of Customs, Indirect Taxes and Narcotics (NACIN)",Hindi
C355,STATUTORY PROVISIONS FOR ONLINE SUBMISSION OF MONTHLY AND ANNUAL,This Course enable the ‘Mining Lessee’ to learn the processes and provisions of online submissions of Monthly/Annual Returns.,S007,2,1315,virtual-lab,Ministry of Mines,Hindi
C356,Maintenance of SMPS Power Plant,Best Practices for Maintenance of SMPS Power Plant,S011,1,2030,self-paced,Bharat Sanchar Nigam Limited(BSNL),English
C357,Direct Purchase on GeM,Direct Purchase Method on GeM,S016,3,2291,self-paced,Bharat Sanchar Nigam Limited(BSNL),Hindi
C358,Artificial Intelligence Powered Grievance Handling Application,Artificial Intelligence Powered Grievance Handling Application in Department of Defence,"S010,S003,S013",1,992,virtual-lab,National Academy Of Defence Financial Management (NADFM),Hindi
C359,Dak Ghar Niryat Kendra for Officers- Hindi,Dak Ghar Niryat Kendra for Officers- Hindi,"S008,S001",2,1731,self-paced,Department of Posts,English/Hindi
C360,Basics of Ecosystem based Disaster Risk Reduction,"Over the past decade, disasters linked to natural hazards have exacted a significant toll on human lives, livelihoods, assets and economies. Nature-based Solutions (NbS) for Disaster Risk Reduction or more specifically Ecosystem-based Disaster Risk Reduction (Eco-DRR) is an approach where the regulatory functions of ecosystems (such as forests, wetlands and mangroves) are systematically harnessed to mitigate, prevent, or buffer against disasters. These solutions can provide disaster risk reduction services as well as offer other services of productive and cultural value, which also contribute to building communities, resilience to disasters and climate change impacts. Being cost effective, they are increasingly identified across the world as a no-regret investment which keeps nature at the core. This course aims to provide a basic understanding of what is meant by Ecosystem-based Disaster Risk Reduction and specifically its different applications in India.","S009,S012",2,23093,virtual-lab,Kerala Institute of Local Administration - KILA,Hindi
C361,Data Driven  Decision Making,Statistical Tools- Data Driver and Decision Making,"S005,S016",1,16200,self-paced,Institute of Secretariat Training and Management,English/Hindi
C362,Dak Ghar Niryat Kendra for Officers- English,Dak Ghar Niryat Kendra for Officers- English,"S005,S010",2,1678,self-paced,Department of Posts,English
C363,Statistical Tools and Data Visualization,This course talks about basic statistical tools used for the purpose of data visualization,S012,2,7500,instructor-led,Institute of Secretariat Training and Management,English
C364,H.248/Megaco,H.248/Megaco,S004,3,2127,self-paced,Bharat Sanchar Nigam Limited(BSNL),Hindi
C365,Contract Labour Act and other Labour laws,Contract Labour Act and other Labour laws,S013,3,2303,instructor-led,Bharat Sanchar Nigam Limited(BSNL),English/Hindi
C366,Department of Consumer Affairs-Induction Module,"This induction module provides learners with an overview of Department of Consumer Affairs (DoCA) and its various Divisions, its Citizens' Charter, and Acts and schemes implemented by it.","S008,S012,S015",3,14700,instructor-led,Department of Consumer Affairs,English/Hindi
C367,An overview of FCI and its operations,"This course is the Induction module of FCI-एक परिचय. It explains the origin, vision, mission, mandate, citizen centric goals, major operations and  major milestones of this organization.",S015,2,2400,instructor-led,Food Corporation of India (FCI),English
C368,Basics of Nanoscience and Nanotechnology,"This e-Learning course of the Geological Survey of India Training Institute (GSITI) briefly introduces the learner to the world of Nanoscience and Nanotechnology. Scientifically, 'Nano' stands for those objects which are having at least one dimension between 1 nanometer to 100 nanometers. The nanometer is a factor of 10-9, which is 1 billionth of a meter. Nanoscience is a branch of science studying nano-scale particles and their manipulation. Nanotechnology involves the development of nano-scale materials and the application of their science in a fruitful way.","S016,S009,S006",2,4881,instructor-led,Ministry of Mines,English/Hindi
C369,UNDERSTANDING OF RECRUITMENT PROCEDURE,"It includes the entire process starting from receipt of Dossiers of the Candidates, filling up of various forms, issue of offer of appointment, checking all documents issue of provisional appointment letter, verification of the testimonials and Character and Antecedents, opening of service book, making of Guard File and confirmation in the Entry grade, which makes the entire cycle completed.","S004,S010",3,2586,self-paced,National Institute of Communication Finance,Hindi
C370,Cancellation and Revocation of GST Registration,"This course provides an overview on Cancellation, Suspension and Revocation of Registration under GST Law. The registration granted under GST can be cancelled for specified reasons. The cancellation can either be initiated by the department at its own motion or the registered person can apply for cancellation of their registration. In case of death of registered person, in case of proprietorship concern, the legal heirs can apply for cancellation. During pendency of the proceedings relating to cancellation of registration, the registration may be suspended for such period and in such manner as may be prescribed. In case the registration has been cancelled by the department there is a provision for revocation of the cancellation at the request of the taxpayer. On cancellation of the registration the person has to file a return which is called the final return","S016,S006,S002",2,1571,virtual-lab,"National Academy of Customs, Indirect Taxes and Narcotics (NACIN)",English
C371,Advance Ruling in Customs,"This course provides an overview of Advance Ruling in Customs which means a written decision on any of the questions relating to the classification of goods, the applicability of notifications having a bearing on the rate of duty, and other similar notifications, principles to be adopted for the purposes of valuation of the goods, or determination of country of origin raised by the applicant in his application in respect of any goods prior to its importation or exportation.","S002,S011,S016",2,2661,self-paced,"National Academy of Customs, Indirect Taxes and Narcotics (NACIN)",English
C372,पार्सल केन्द्रित नवीनतम प्रस्ताव,"इन प्रस्तावों में पार्सल प्रोसेसिंग हब के विशेष नेटवर्क का निर्माण व  उन्नयन, नोडल डिलीवरी सेंटर की स्थापना और पोस्टल रोड ट्रांसपोर्ट मार्गों के समर्पित नेटवर्क का विकास शामिल है।","S011,S013,S012",2,1800,instructor-led,RAKNPA,English
C373,"कूरियर, एक्सप्रेस और पार्सल मार्केट का परिचय",इस पाठयक्रम में हम सीखेंगे •      सीईपी मार्केट का अर्थ •      विकास के रुझान •      सीईपी ग्राहक सेगमेंट •      रिवर्स लॉजिस्टिक्स •      पार्सल निदेशालय का विजन,"S007,S011,S009",1,2400,instructor-led,RAKNPA,English
C374,Right to Information (RTI),"Right to Information is derived from our fundamental right of freedom of speech and expression under Article 19 of the Constitution. Right to Information includes Right to inspection of work, documents, records. It also includes taking notes, extracts or certified copies of documents or records, taking information in any electronic mode or through print outs. The Right to Information Act 2005 was promulgated in 2005 to promote transparency and accountability in the working of every public authority.",S002,3,8100,virtual-lab,Department of Personnel and Training DoPT,English/Hindi
C375,Gender Sensitization -2,Gender Sensitization -2,S013,1,3000,instructor-led,Institute of Secretariat Training and Management,English/Hindi
C376,Registration under GST Law,"This tutorial video will explain purpose & benefits of GST Registration, process of GST Registration & other key details about GST",S016,3,693,virtual-lab,"National Academy of Customs, Indirect Taxes and Narcotics (NACIN)",English/Hindi
C377,Fundamentals of Program and Project Management,"The NICPP Level 0 provides the basics of Program/Project Management (PM) for infrastructure projects. Conceptualized as “InBoK+” the certification shall align a candidate with the foundational overview of Indian Infrastructure Body of Knowledge (InBoK) and allied concepts in infrastructure. Advocated and designed by the veterans in the industry, academia and also practiced at leading infrastructure consultancies/construction firms around the globe - Level 0 shall strengthen a candidate’s foundations in program/project management in the infrastructure sector. Ideal for beginners and professionals alike, candidates from any academic background can undergo this certification program.",S009,3,32700,self-paced,Quality Council of India,English
C378,Sanchar VHR - Individual Login,Detailed description of Sanchar VHR - Individual Login,S009,3,2100,self-paced,"National Telecommunications Institute for Policy Research, Innovation & Training (NTIPRIT)",English/Hindi
C379,Office Procedures,Office procedures are the protocols and standards which define how the staff works together. It is a set of Rules and Regulations that guide employees and help them run office operations smoothly.,S009,3,5700,virtual-lab,Department of Personnel and Training DoPT,English/Hindi
C380,Introduction: Basics of Project Management,"The 90-Minute Project Management Course, developed by the Quality Council of India (QCI), offers a condensed yet comprehensive overview of the essential principles and practices of project management. Designed as a synopsis of the training modules developed for Level 1 and Level 0 of the prestigious National Institute of Chartered Program/Project Professionals (NICPP) certification, this course provides participants with a solid foundation to manage projects across various industries effectively. Throughout this dynamic and engaging 90-minute session, participants will gain valuable insights into key project management concepts, tools, and techniques. The course is specifically tailored to fit the needs of busy professionals seeking to enhance their project management skills without committing to extensive training.","S001,S007",3,5400,instructor-led,Quality Council of India,Hindi
C381,BASICS OF FINANCIAL ACCOUNTING,"""BASICS OF FINANCIAL ACCOUNTING"" COURSE GIVES INFORMATION ABOUT THE MEANING OF ACCOUNTING,BASIC TERMS RELATED TO ACCOUNTING,RECORDING AND CLASSIFYING THE TRANSACTIONS.","S015,S012,S005",2,1500,virtual-lab,National Institute of Communication Finance,Hindi
C382,Introduction to Structural Geology,"This e-Learning course of the Geological Survey of India Training Institute (GSITI) briefly introduces the subject of Structural Geology. Structural Geology, Tectonics, and Geodynamics form a coherent and interdependent assemblage of sub-disciplines, the objective of which is the search for knowledge about how minerals, rocks and rock formations, and Earth systems deform and through which processes.  However, one course cannot cover all of the topics mentioned here, but an attempt has been made to cover the important aspects of it.",S002,3,6472,self-paced,Ministry of Mines,English/Hindi
C383,Bima DEeP (Prarambh),This course consists various contents regarding plans of PLI and RPLI and eligibility for availing PLI-RPLI plans.,"S006,S012,S002",1,7072,self-paced,Department of Posts,English
C384,Right to Information (Prarambh),This course is related to Right to Information Act 2005 and explains various provisions and procedures regarding providing information under this act,"S005,S016,S007",1,2110,virtual-lab,Department of Posts,English/Hindi
C385,Engineering Properties of Rocks and Soil,"This e-Learning course of the Geological Survey of India Training Institute (GSITI) briefly the Engineering Properties of Rocks and Soil. Engineering properties of rocks and soil is a collective nomenclature that includes all such properties of rocks and soil that are relevant to engineering applications after their extraction from natural beds or without extraction. The first set includes all those properties for which a rock must be tested for selection as a material for construction such as building stones, road stones, or aggregate for concrete making. The second set of properties includes the qualities of a natural bedrock and where it exists. That would determine its suitability or otherwise as a construction site for a proposed engineering project. Obviously, in both cases, the economy and safety of an engineering project are greatly dependent upon the proper understanding and determination of the engineering properties of rocks.","S011,S013",1,5871,instructor-led,Ministry of Mines,English/Hindi
C386,Blockchain for Secure and Trusted Records,"Namaskar and welcome to the course on Blockchain for Secure and Trusted Records! This course provides as an introduction and shares a broad overview of the essential concepts of blockchain technology – by initially learning about the technology itself, and then deep diving into the multiple aspects and use cases of Blockchain. We will explore this course through nine critical areas: You will learn about these many facets of Blockchain that aren’t so popularly known but are mighty useful in governance! At the end of each module you will be able to check your understanding before you move ahead in the form of a short pop quiz! Towards the end of the course, you will get an opportunity to test yourself on Blockchain and how best you can use it, through an assessment.  This will help you in understanding the workings of a blockchain, its transactions, blocks and mining. Main concepts are delivered through videos, demos and hands-on exercises.","S016,S011",1,9600,self-paced,Wadhwani Institute of Technology and Policy,Hindi
C387,Basic information of Citizens' Charter,"The Citizen Charters' course is an online program focused on educating participants about citizen charters' principles, implementation, and evaluation, promoting transparent and citizen-centric governance.",S005,1,1036,instructor-led,Department of Posts,Hindi
C388,Empowering Tomorrow: Digital Transformation and Initiatives of DoP,"Empowering Tomorrow: The Digital Transformation and Initiatives of DoP” is a dynamic course designed to equip new initiates with the knowledge and skills needed to lead the department into a digitally-driven future. The course provides a comprehensive understanding of the department's ongoing digital transformation efforts and introduces innovative initiatives aimed at enhancing efficiency and customer experience. Through practical training and interactive sessions, participants will gain insights into cutting-edge technologies, digital tools, and best practices in modern service delivery","S003,S005,S009",2,2242,virtual-lab,Department of Posts,Hindi
C389,Vision and Mission of India Post,"The course on ""Vision and Mission Statements"" provides a comprehensive understanding of the significance and impact of vision and mission statements in organizations. It also explains the vision and mission of India Post.","S011,S015,S008",3,1276,virtual-lab,Department of Posts,English/Hindi
C390,Gramin Dak Karmayogi,This program envisages extensive learning and actual Capacity Building of Gramin Dak Sevaks ensuring their transformation into Gramin Dak Karmayogi.,S002,2,16999,virtual-lab,Department of Posts,English
C391,ATAL BHUJAL YOJANA,"The government and policy makers have recognized the potential of community led groundwater management and the need to institutionalize such initiatives through convergence of Govt. initiatives with emphasis on demand side management and behavioural change for ensuring the long-term sustainability of ground water in the country. Atal Bhujal Yojana is a major step in this direction with an earmark of Rs.6, 000 crores to be implemented over a period of five years (2020-21 till 2024-25) for sustainable management of groundwater. This is the first scheme of its kind which will involve community based planning; monitoring; sharing and use of ground water data; capacity building of all stakeholders to demystify the complex science of ground water; community led groundwater management through a combination of demand side / supply side management measures. The program is being executed by the Ministry of Jal Shakti, and it is being financed by the Government of India and the World Bank on a proportion of 50:50 basis. Objectives 	To demonstrate community-led sustainable ground water management which can be taken to scale. 	To improve the management of groundwater resources in select water stressed areas in identified states viz. Gujarat, Haryana, Karnataka, Madhya Pradesh, Maharashtra, Rajasthan and Uttar Pradesh. 	Sustainable ground water management, mainly through convergence among various on-going schemes with the active involvement of local communities and stakeholders. Ensuring judicious utilization of funds allocated by the Central and State governments for long term sustainability of ground water resources. 	Creation of strong data base, scientific approach and community participation. 	Strengthening the institutional framework for participatory groundwater management. 	Bringing about behavioural change at the community level through awareness programs and capacity building for fostering sustainable groundwater management in the participating States.","S013,S016",3,6714,instructor-led,Central Ground Water Board (CGWB),Hindi
C392,Personal and Professional Effectiveness,"In the workplace personal effectiveness is about performing to the best of your abilities. It is a trait that is often linked to positive well-being and is an important part of leading a successful and fulfilling life. Professional Effectiveness include taking steps to learn relevant skills, expand your professional network, or find more satisfaction at work. It is important aspect of continuing career growth and striving to reach your goals.","S015,S008",2,5700,virtual-lab,Department of Personnel and Training DoPT,Hindi
C393,Randomization of third party bills,Randomization of third party bills,"S005,S013,S006",1,1518,virtual-lab,National Academy Of Defence Financial Management (NADFM),English/Hindi
C394,National Pension System (NPS) (Prarambh),"The National Pension System (NPS) course provides a comprehensive understanding of the NPS. This course aims to equip participants with essential knowledge about NPS features, investment options, eligibility criteria, and benefits",S001,3,1505,instructor-led,Department of Posts,English/Hindi
C395,Philately (Prarambh),"The course on Philately offers a comprehensive exploration of stamp collecting, covering its history, techniques, types of stamps, sheets, cancellation etc. Participants will learn to identify, classify, and preserve stamps, gaining insights into stamp design and cultural contexts.",S011,3,3117,self-paced,Department of Posts,Hindi
C396,Common Yoga Protocol - Sindhi,"The Common Yoga Protocol (CYP) is a set of Yoga practices that was developed by the Ministry of Ayurveda. Yoga & Naturopathy, Unani, Siddha and Homoeopathy (Ayush), Government of India. It was designed to provide a standard and structured as to the practice of Yoga for individuals of all levels of experience.","S013,S006,S002",1,3113,instructor-led,Morarji Desai National Institute of Yoga (MDNIY),English/Hindi
C397,Common Yoga Protocol - Koshur,"The Common Yoga Protocol (CYP) is a set of Yoga practices that was developed by the Ministry of Ayurveda. Yoga & Naturopathy, Unani, Siddha and Homoeopathy (Ayush), Government of India. It was designed to provide a standard and structured as to the practice of Yoga for individuals of all levels of experience.","S002,S003,S006",3,3113,instructor-led,Morarji Desai National Institute of Yoga (MDNIY),Hindi
C398,BIMA DEeP - Praveenta-1,Course explaining death claim case settlement in PLI-RPLI,S010,3,8579,instructor-led,Department of Posts,Hindi
C399,Common Yoga Protocol - Odia,"The Common Yoga Protocol (CYP) is a set of Yoga practices that was developed by the Ministry of Ayurveda. Yoga & Naturopathy, Unani, Siddha and Homoeopathy (Ayush), Government of India. It was designed to provide a standard and structured as to the practice of Yoga for individuals of all levels of experience.","S010,S011,S002",3,3113,self-paced,Morarji Desai National Institute of Yoga (MDNIY),Hindi
C400,Common Yoga Protocol - Manipuri,"The Common Yoga Protocol (CYP) is a set of Yoga practices that was developed by the Ministry of Ayurveda. Yoga & Naturopathy, Unani, Siddha and Homoeopathy (Ayush), Government of India. It was designed to provide a standard and structured as to the practice of Yoga for individuals of all levels of experience.","S005,S008",2,3113,virtual-lab,Morarji Desai National Institute of Yoga (MDNIY),English/Hindi
C401,Common Yoga Protocol - Konkani,"The Common Yoga Protocol (CYP) is a set of Yoga practices that was developed by the Ministry of Ayurveda. Yoga & Naturopathy, Unani, Siddha and Homoeopathy (Ayush), Government of India. It was designed to provide a standard and structured as to the practice of Yoga for individuals of all levels of experience.","S004,S001",1,3113,self-paced,Morarji Desai National Institute of Yoga (MDNIY),English/Hindi
C402,India Post Website,"The India Post website course is a specialized online program aimed at stakeholders interested in understanding and accessing the services provided by the Department of Posts. Tailored for beginners, this course provides detailed information about various menus and options of India Post website covering comprehensive details about India Post.",S004,1,3591,self-paced,Department of Posts,English/Hindi
C403,Network Firewall Defense Systems,A Firewall is a network security device that monitors and filters incoming and outgoing network traffic based on an organization’s previously established security policies.,"S009,S012",2,2100,virtual-lab,"National Telecommunications Institute for Policy Research, Innovation & Training (NTIPRIT)",English
C404,Overview of Water Resources of India,"India has diverse water resources, including rivers, lakes, groundwater, and reservoirs. The major rivers, such as the Ganges, Brahmaputra, and Indus, are crucial for irrigation, drinking water, and hydropower generation. Groundwater plays a significant role, especially in arid and semi-arid regions. However, over-exploitation and pollution have led to water scarcity in some areas. India has implemented various water management initiatives, including river interlinking projects and rainwater harvesting, to address water challenges and ensure sustainable utilization of resources. In order to highlight the water resources of India and the various initiatives taken to tackle the challenges, this course has been designed with 8 modules namely Rainfall of India, Rivers of India, Groundwater Resources of India, Contribution of Glaciers in Water Resources of India, Water Conservation Measures adopted in India, Water Management, Wetlands and Ramsar Sites in India and Inter-State Water Disputes.","S005,S010",1,5989,self-paced,North Eastern Regional Institute of Water and Land Management (NERIWALM),English
C405,BIMA DEeP (Praveenta 2),Course for Sales Force of PLI/RPLI – Strategies for enhancing Sales effectiveness,S011,3,5284,instructor-led,Department of Posts,English/Hindi
C406,Finance and Accounts,"Finance is the management of money and investments for individuals, corporations and government, whereas, Accounting is the recording, maintaining, and reporting of a company’s financial records. Governmental accounting is the handling of government’s financial affairs. Government accountants prepare financial statements and budget and provide accurate information about financial practices.","S002,S015",1,5700,self-paced,Department of Personnel and Training DoPT,Hindi
C407,India Post Payments Bank (IPPB),"The India Post Payments Bank (IPPB) course aims to provide participants with a thorough understanding of IPPB's operations, services, and role in promoting financial inclusion. This course equips individuals to effectively utilize digital banking solutions and cater to the diverse needs of customers in the Indian financial ecosystem","S005,S001,S002",3,2314,virtual-lab,Department of Posts,Hindi
C408,Mail Monitoring Units (MMUs English),"This program aims to enhance the understanding and effectiveness of monitoring mail operations at various levels, including Directorate, Circle, Region, and Divisional levels.","S008,S006,S016",1,6575,self-paced,Department of Posts,English
C409,Sanchar VHR Portal - Introduction,Salient features of Sanchar Vigilance & HR Portal,"S003,S005",2,900,virtual-lab,"National Telecommunications Institute for Policy Research, Innovation & Training (NTIPRIT)",Hindi
C410,Evidence in Public Policy,Lead Instructor: Prof Ashwini Chhatre,S001,3,17774,self-paced,Indian School of Business,English
C411,Communication for Citizen Centricity,"Communication is a process of giving, receiving, or exchanging information, opinions or idea so that the message is completely understood by everybody involved. It involves sending and receiving messages through the verbal and non-verbal methods. Communication is verbal, written and non-verbal. It helps us build relationships by allowing us to share our experiences and needs and help us connect to others. Listening, speaking, observing and empathising are the various communication skills.  For Government functionaries, good communication is considered an essential skill.","S001,S015,S011",2,5700,self-paced,Department of Personnel and Training DoPT,Hindi
C412,Emotional Intelligence,"Emotional Intelligence is the ability to understand, use, and manage your own emotions in positive ways to relieve stress. It is also about how to communicate effectively, empathize with others, overcome challenges and defuse conflict. A high Emotional Quotient (EQ) helps you to build relationships, reduce team stress, defuse conflict and improve job satisfaction.","S015,S004,S011",2,3900,virtual-lab,Department of Personnel and Training DoPT,English
C413,Common Yoga Protocol - Santhali,सोहोरिया योग प्रोटोकॉल (Common Yoga Protocol) भारत सरकार आक् आयुष मंत्रालय होतेते लाहांती आकान योग हेवा रेयाक मित थोक मेवाक आ । नोवा रेयाक हुदिस सानाम थार रीण योग हेवाक्को लागिन्त मित् मानाव आकात् आर ठाउका हुदिस एम रेयाक् मेनाक् आ ।,"S002,S006,S016",3,3113,self-paced,Morarji Desai National Institute of Yoga (MDNIY),Hindi
C414,Common Yoga Protocol - Nepali,कॉमन योग प्रोटोकल (CYP) भारत सरकार को आयुष मन्त्रालय द्वारा विकसित योग अभ्यासहरू को एक सेट हो।  यो सबै तहका योग अभ्यासकर्ताहरूको लागि एक-स्टप गन्तव्य बन्ने लक्ष्य राख्छ।,"S015,S006",3,3113,virtual-lab,Morarji Desai National Institute of Yoga (MDNIY),English
C415,Common Yoga Protocol - Dogri,"आम योग प्रोटोकॉल (CYP) योग प्रथाएं दा इक सेट ऐ जेह्ड़ा आयुर्वेद मंत्रालय आसेआ विकसित कीता गेआ हा। योग ते प्राकृतिक चिकित्सा, यूनानी, सिद्ध ते होम्योपैथी (आयुष), भारत सरकार। एह् हर स्तर दे अनुभव दे व्यक्तियें आस्तै योग दे अभ्यास दे रूप च इक मानक ते संरचित उपलब्ध करोआने आस्तै बनाया गेआ हा ।","S007,S015,S010",3,3113,virtual-lab,Morarji Desai National Institute of Yoga (MDNIY),English
C416,Common Yoga Protocol - Bodo,"Common Yoga Protocol (CYP) आ जाबाय य’गानि नेमखान्थिनि बाहागो जाय आयुर्वेद मन्थ्रि बिफानजों जौगाखां होजानाय । जेरै- य’गा, नेयर’पेथि, युननी, सीधा आरो हमेअपेथी । बेखौ साफ्रोम सुबुंनो य’गानि नेम खान्थिनि फारसे समान मानदान्दा आरो दाथाय सोमोन्दैनि रोंगौथि होनो थाखाय राहा खालामनाय जादों ।","S007,S009",1,3113,virtual-lab,Morarji Desai National Institute of Yoga (MDNIY),English
C417,APPOINTMENT AND REMOVAL OF DIRECTORS,"PROVISIONS RELATED TO APPOINTMENT,REMUNERATION,REMOVAL OF DIRECTORS ETC. MENTIONED UNDER COMPANIES ACT,2013","S013,S004,S008",3,3290,virtual-lab,National Institute of Communication Finance,Hindi
C418,Satellite Communication Overview,Satellite Communication Overview,"S008,S001",2,2720,instructor-led,Bharat Sanchar Nigam Limited(BSNL),English
C419,Cellular Concept GSM Architecture and GSM Radio,Cellular Concept GSM Architecture and GSM Radio,S016,1,3727,instructor-led,Bharat Sanchar Nigam Limited(BSNL),Hindi
C420,Back Haul Media,Back Haul Media,"S001,S004",3,2750,virtual-lab,Bharat Sanchar Nigam Limited(BSNL),English
C421,Role of BBC,Role of BBC,S003,3,2503,instructor-led,Bharat Sanchar Nigam Limited(BSNL),English
C422,Common Yoga Protocol - Kannada,"ಸಾಮಾನ್ಯ ಯೋಗ ಶಿಷ್ಟಾಚಾರವು (ಸಿವೈಪಿ) ಆಯುರ್ವೇದ ಸಚಿವಾಲಯವು ಅಭಿವೃದ್ಧಿಪಡಿಸಿದ ಯೋಗ ಅಭ್ಯಾಸಗಳ ಒಂದು ಗುಂಪಾಗಿದೆ.ಯೋಗ ಮತ್ತು ಪ್ರಕೃತಿ ಚಿಕಿತ್ಸೆ, ಯುನಾನಿ, ಸಿದ್ಧ ಮತ್ತು ಹೋಮಿಯೋಪತಿ (ಆಯುಷ್), ಭಾರತ ಸರ್ಕಾರ.ಎಲ್ಲಾ ಹಂತದ ಅನುಭವ ಹೊಂದಿರುವ ವ್ಯಕ್ತಿಗಳಿಗೆ ಯೋಗದ ಅಭ್ಯಾಸದ ಮಾನದಂಡ ಮತ್ತು ರಚನೆಯನ್ನು ಒದಗಿಸಲು ಇದನ್ನು ವಿನ್ಯಾಸಗೊಳಿಸಲಾಗಿದೆ.","S016,S001",3,3113,instructor-led,Morarji Desai National Institute of Yoga (MDNIY),English
C423,Common Yoga Protocol - Telugu,"కామన్ యోగా ప్రోటోకాల్ (సివైపి) అనేది ఆయుర్వేద మంత్రిత్వ శాఖ అభివృద్ధి చేసిన యోగా అభ్యాసాల సమితి.యోగా & నేచురోపతి, యునాని, సిద్ధ మరియు హోమియోపతి (ఆయుష్), భారత ప్రభుత్వం.అన్ని స్థాయిల అనుభవం ఉన్న వ్యక్తులకు యోగా సాధనకు ఒక ప్రమాణాన్ని మరియు నిర్మాణాన్ని అందించడానికి ఇది రూపొందించబడింది.","S002,S001,S007",3,3113,virtual-lab,Morarji Desai National Institute of Yoga (MDNIY),Hindi
C424,Handover Process  in GSM Network,Handover Process  in GSM Network,"S001,S004,S006",1,2614,virtual-lab,Bharat Sanchar Nigam Limited(BSNL),English/Hindi
C425,GSM Frame Structure,GSM Frame Structure,S002,3,3112,instructor-led,Bharat Sanchar Nigam Limited(BSNL),English/Hindi
C426,Urban Development in India: Basic Version,"Urban development is associated with economic development. India while following a rapid pace of economic growth also moved forward on levels of urbanization. Successive census operations show that India achieved 31% share of urban population from a predominantly rural society in 1951 with only 17 % persons living in urban areas. However, the urbanization levels vary across the sates showing that high state GDP is associated with higher levels of Urbanisation. Tamil Nadu is the first state to become urban majority state in 2011whereas many other are also undergoing a similar transition such as Maharashtra, Gujarat etc. whereas many states like Bihar have around 10-20 percent share of urban population. At the same time, the urban centres face a mismatch in demand and supply of services, housing and infrastructure. Similarly, environment, mobility, climate change, poverty alleviation etc. are cross cutting theme across the cities and towns. In this context, urban administration needs suitable reorientation to make urban development sustainable, environment friendly, inclusive and productive.",S001,2,8466,virtual-lab,Indian Institute of Public Administration,Hindi
C427,पार्सल उत्पाद: भारतीय डाक,इस पाठयक्रम में हम सीखेंगे •         पार्सल उत्पादों के प्रकार •         पार्सल उत्पादों की विशेषताएं •         मौजूदा मूल्य संरचना •         अन्य मूल्य वर्धित सेवाएँ,"S002,S004,S010",2,2700,virtual-lab,RAKNPA,English/Hindi
C428,ADMINISTRATIVE LAW,"This course has been prepared/designed keeping in mind the confusion amongst Government employees about Administrative Law. Since Administrative Law is not a codified law, Govt. employees know very less about Administrative Law. This course will give basic ideas about Administrative Law and after successful completion of the course, you will be able to understand the Administrative Law, its origin & development, sources of Administrative Law, liabilities of State/Govt. and various functions of Administrative Authority. The next course on Administrative Law will contain Delegated Legislation, Constitutional Protection to Civil Servants, Public Service Commission and Natural Justice.","S009,S004",2,3784,instructor-led,National Institute of Communication Finance,English/Hindi
C429,Time Management,"During the industrial revolution and the rise of factory work, people “had to learn to live by the clock rather than by the sun.”In 1911, Frederick Winslow Taylor published “The Principles of Scientific Management” in which he proposed the concept of time management.  Taylor was concerned with reducing process time and worked with factory managers on scientific time studies. At its most basic level, time studies involve breaking down each job into component parts, timing each element, and rearranging the parts into the most efficient method of working. Managers and superiors play an important role in inculcating time management skills in employees and so must lead by example. The best way to finish work on time is to be punctual at workplace.",S016,1,4500,instructor-led,Department of Personnel and Training DoPT,English
C430,Conflict Resolution and Negotiation,"Conflicts are a natural part of our lives and can occur both at home and work. Conflicts at work are unavoidable due to different personalities and opinions among employees. Conflict Resolution Skills can be negotiation, mediation, arbitration, and adjudication.",S011,2,5700,virtual-lab,Department of Personnel and Training DoPT,English/Hindi
C431,Motivation,"Motivation is a combination of motive and action. It is an action word and is fundamental in the level of success an individual attains. Finding ways to increase motivation is crucial because it allows us to change behaviour, develop competencies, be creative, set goals, and boost engagement. Motivation can increase our efficiency and drive us to take action as we work towards our goal.",S010,1,3900,virtual-lab,Department of Personnel and Training DoPT,English
C432,Network Security Policy - Simplified,"Upon completion of this course, you will be able to : 1.	Understand the need of Vision of Policy while framing any Network Security Policy. 2.	Identify the Goals of Network Security Policy 3.	Recognize the Key Positions required in any organization for implementing Network Security Policy. 4.	Identify the Measures to be taken while implementing Network Security Policy. 5.	Understand the Various controls required to be implemented in Network for effective Security policy. Note:  DoT officers may note that this course covers L1 competencies no. 57 of ACBP","S011,S007,S015",1,5884,virtual-lab,"National Telecommunications Institute for Policy Research, Innovation & Training (NTIPRIT)",English/Hindi
C433,Network Security Basics-Introduction to Networking and Security Threat,"By understanding the fundamentals of networking and familiarizing ourselves with common security threats, we can better protect our networks and mitigate the risks associated with cyber-attacks. Let us go through this course to learn about Basics of Networking and Security Threats.",S007,2,3000,self-paced,"National Telecommunications Institute for Policy Research, Innovation & Training (NTIPRIT)",English
C434,Insights from Data for Policy,Lead Instructor: Prof. Ashwini Chhatre,"S012,S005",1,19170,virtual-lab,Indian School of Business,English
C435,Introduction to E-Office,Introduction to E-Office,S005,2,1104,virtual-lab,Bharat Sanchar Nigam Limited(BSNL),English/Hindi
C436,Next Generation SDH,Next Generation SDH,"S006,S002",2,2560,virtual-lab,Bharat Sanchar Nigam Limited(BSNL),English
C437,NTPC Control and Instrumentation,NTPC Control and Instrumentation,S010,2,6180,instructor-led,National Thermal Power Corporation (NTPC) Limited,English/Hindi
C438,Boiler Steam And Water Circulation System,Boiler Steam And Water Circulation System.,"S012,S009,S007",1,4178,instructor-led,Ministry of Power,English/Hindi
C439,OTN Frame Structure,OTN Frame Structure,"S002,S013,S016",2,1013,self-paced,Bharat Sanchar Nigam Limited(BSNL),Hindi
C440,Types of Optical Fiber Cable and there Uses,Types of Optical Fiber Cable and there Uses,S011,1,2346,virtual-lab,Bharat Sanchar Nigam Limited(BSNL),English
C441,नदी और वेटलैंड्स,नदी और वेटलैंड्स,"S010,S016,S011",3,19440,virtual-lab,Indira Gandhi National Forest Academy,English/Hindi
C442,Duties and responsibilites of Personal Assistant,Duties and responsibilites of Personal Assistant,S008,3,835,instructor-led,Institute of Secretariat Training and Management,Hindi
C443,Metallogeny with respect to Plate Tectonics,This e-Learning course of the Geological Survey of India Training Institute (GSITI) discusses in detail metallogeny with respect to plate tectonics. Metallogeny is a branch of Geology that deals with the study of the genesis of mineral deposits with emphasis on its relationship in space and time through regional petrologic and tectonic features of the earth's crust. Metallogeny is controlled by tectonics and magma types. The course has five transcribed lecture videos distributed in two modules.,"S010,S012,S007",1,5556,instructor-led,Ministry of Mines,English/Hindi
C444,Mail Guard - Prarambh,By end of this course learner will be able to know: • Basic terms related to RMS. • Day to day activities of mail guard. • Different types of mail offices. • Roles and responsibilities of Mail Guard. • Do’s and Don’ts • Welfare measures. • Handling of mail. • Departmental hierarchy.,S009,1,28540,virtual-lab,Department of Posts,English
C445,Monitoring System of Riding Quality of Metro Track,Monitoring System of Riding Quality of Metro Track,S003,1,4540,self-paced,Delhi Metro Rail Corporation,English
C446,Submarine Cable System: A Overview,"This  course will   cover the  Overview of Submarine Cable System, Optical Fiber,  General  Structure, World Map , Importance , Growth Trajectory , Global Consortium for Submarine Cable , Cable Landing Station in India &  connectivity to Indian Islands through Submarine Cable System etc.",S008,1,2875,self-paced,"National Telecommunications Institute for Policy Research, Innovation & Training (NTIPRIT)",English
C447,Fire prevention and detection,Fire prevention and detection,"S013,S003",3,2774,virtual-lab,Bharat Sanchar Nigam Limited(BSNL),English
C448,Next Generation OTN,Next Generation OTN,S013,2,2300,instructor-led,Bharat Sanchar Nigam Limited(BSNL),Hindi
C449,Overview of DMRC Track Structures,Overview of DMRC Track Structures.,"S007,S003,S009",3,7592,virtual-lab,Delhi Metro Rail Corporation,English/Hindi
C450,4G Core Architecture,4G Core Architecture,"S005,S002,S006",1,2940,self-paced,"National Telecommunications Institute for Policy Research, Innovation & Training (NTIPRIT)",English/Hindi
C451,Consumer Psychology,Consumer Psychology,"S015,S013",2,1705,self-paced,Bharat Sanchar Nigam Limited(BSNL),English/Hindi
C452,BSNL Crop Policy,BSNL Crop Policy,"S010,S004",2,7305,self-paced,Bharat Sanchar Nigam Limited(BSNL),English
C453,Mail Monitoring Units (MMUs),"This program aims to enhance the understanding and effectiveness of monitoring mail operations at various levels, including Directorate, Circle, Region, and Divisional levels.",S004,2,6361,self-paced,Department of Posts,English
C454,How to use Smart OTDR,How to use Smart OTDR,"S004,S009",1,811,virtual-lab,Bharat Sanchar Nigam Limited(BSNL),Hindi
C455,Optical Fiber Network Maintenance,Optical Fiber Network Maintenance,S001,2,3092,instructor-led,Bharat Sanchar Nigam Limited(BSNL),English
C456,Passenger Detrainment and Evacuation Process in Metro Rail System,Passenger Detrainment and Evacuation Process in Metro Rail System,"S003,S013,S009",1,2775,virtual-lab,Delhi Metro Rail Corporation,English/Hindi
C457,Complete Journey to Stress Management,"This course is a detailed guide to stress management. It contains factors that cause stress, anxiety, depression, and other health issues and how to combat them through effective breathing practices such as yoga, pranayama, and meditation.",S004,2,22096,virtual-lab,The Art of Living,English
C458,International Relations and Global Business,In this course we will learn about •         International Relations and Global Business by India Post •         Universal Postal Union (UPU) and its Bodies •         Asian Pacific Postal Union (APPU) and its Bodies •         India at UPU & APPU,"S006,S001",1,2100,virtual-lab,RAKNPA,Hindi
C459,Common Yoga Protocol- Sanskrit,सामान्य योग प्रोटोकॉल (CYP) योगाभ्यासस्य समुच्चयः यो ही आयुर्वेदमंत्रालय-योग-प्राकृतिकचिकित्सा-यूनानी-सिद्ध-होम्योपैथी (आयुष) इति भारतसरकारेण विकसित:। जनेषु सर्वविधानुभवाय योगम् आचरितुम् एष विनिर्मित: सुलभिकृत: च ।,"S009,S016,S015",2,3113,self-paced,Morarji Desai National Institute of Yoga (MDNIY),English
C460,Common Yoga Protocol- Urdu,کامن یوگ پروٹوکول (سی وائی پی) یوگ کے طریقوں کا ایک سیٹ ہے جسے بھارتی حکومت کی آیوروید، یوگ و نیچروپیتھی، یونانی، سدھا اور ہومیوپیتھی (آیوش) کی وزارت نے تیار کیا ہے۔ اسے ایک معیار کے طور پر اس طرح تیار کیا گیا ہے کہ ہر سطح کا تجربہ رکھنے والے لوگوں کو یوگ کی مشق کرائی جا سکے۔,S008,3,3113,virtual-lab,Morarji Desai National Institute of Yoga (MDNIY),English/Hindi
C461,Common Yoga Protocol- Maithili,"कॉमन योग प्रोटोकॉल (CYP) योग अभ्यास क एकटा सेट छैक जकरा भारत सरकार क आयुर्वेद, योग आ प्राकृतिक चिकित्सा, यूनानी, सिद्ध आ होम्योपैथी (AYUSH) मंत्रालय क द्वारा विकसित कयल गेल अछि । एकरा सब स्तरक व्यक्ति क लेल योगक अभ्यास करबाक लेल मानकीकृत आ संरचित दृष्टिकोण प्रदान करैत बनाओल गेल छैक ।","S011,S012,S008",3,3113,instructor-led,Morarji Desai National Institute of Yoga (MDNIY),English
C462,Common Yoga Protocol - Marathi,"कॉमन योगा प्रोटोकॉल (CYP) हा योग पद्धतींचा एक संच आहे जो आयुर्वेद मंत्रालयाने विकसित केला आहे. योग आणि निसर्गोपचार, युनानी, सिद्ध आणि होमिओपॅथी (आयुष), भारत सरकार. हे सर्व स्तरावरील अनुभवाच्या (ANUBHAVI) व्यक्तींसाठी योगाच्या सरावासाठी एक मानक आणि संरचित प्रदान करण्यासाठी डिझाइन केले होते.","S009,S015,S002",2,3113,virtual-lab,Morarji Desai National Institute of Yoga (MDNIY),English/Hindi
C463,"म.प्र. सिविल सेवाएं -अवकाश नियम, 1977",म.प्र. के सिविल सेवकों को स्‍वीकृत किये जाने वाले विभिन्‍न अवकाश,"S011,S015,S016",1,9493,virtual-lab,RCVP Noronha Academy of Administration & Management (RCVPNAAM) Bhopal,Hindi
C464,Common Yoga Protocol- Punjabi,"ਕਾਮਨ ਯੋਗਾ ਪ੍ਰੋਟੋਕੋਲ (ਸੀ. ਵਾਈ. ਪੀ.) ਯੋਗ ਅਭਿਆਸਾਂ ਦਾ ਇੱਕ ਸਮੂਹ ਹੈ ਜੋ ਆਯੁਰਵੇਦ ਮੰਤਰਾਲੇ ਦੁਆਰਾ ਵਿਕਸਤ ਕੀਤਾ ਗਿਆ ਸੀ।ਯੋਗ ਅਤੇ ਕੁਦਰਤੀ ਇਲਾਜ, ਯੂਨਾਨੀ, ਸਿੱਧ ਅਤੇ ਹੋਮਿਓਪੈਥੀ (ਆਯੁਸ਼), ਭਾਰਤ ਸਰਕਾਰ।ਇਸ ਨੂੰ ਤਜਰਬੇ ਦੇ ਸਾਰੇ ਪੱਧਰਾਂ ਦੇ ਵਿਅਕਤੀਆਂ ਲਈ ਯੋਗ ਦੇ ਅਭਿਆਸ ਲਈ ਇੱਕ ਮਿਆਰ ਅਤੇ ਢਾਂਚਾਗਤ ਪ੍ਰਦਾਨ ਕਰਨ ਲਈ ਤਿਆਰ ਕੀਤਾ ਗਿਆ ਸੀ।","S001,S006,S010",3,3113,virtual-lab,Morarji Desai National Institute of Yoga (MDNIY),Hindi
C465,Common Yoga Protocol - Gujarati,"કોમન યોગ પ્રોટોકોલ (સીવાયપી) એ ભારત સરકારના આયુર્વેદ, યોગ અને નિસર્ગોપચાર, યુનાની, સિદ્ધ અને હોમિયોપેથી (આયુષ) મંત્રાલય દ્વારા વિકસાવવામાં આવેલ યોગ પ્રથાઓનો સમૂહ છે. તે તમામ સ્તરોના અનુભવના વ્યક્તિઓ માટે યોગની પ્રેક્ટિસ માટે પ્રમાણભૂત અને સંરચિત માડખું પ્રદાન કરવા માટે રચવામાં આવ્યું હતું.","S001,S006,S007",2,3113,instructor-led,Morarji Desai National Institute of Yoga (MDNIY),Hindi
C466,Common Yoga Protocol - Bangla,"কমন ইয়োগা প্রোটোকল (CYP) হল যোগ অনুশীলনের একটি সেট যা আয়ুর্বেদ মন্ত্রক দ্বারা তৈরি করা হয়েছিল। যোগ ও প্রাকৃতিক চিকিৎসা, ইউনানি, সিদ্ধ এবং হোমিওপ্যাথি (আয়ুষ), ভারত সরকার। এটি সমস্ত স্তরের অভিজ্ঞতার ব্যক্তিদের জন্য যোগ অনুশীলনের জন্য একটি মানক এবং কাঠামোগত প্রদান করার জন্য ডিজাইন করা হয়েছিল।","S004,S011,S010",3,3113,virtual-lab,Morarji Desai National Institute of Yoga (MDNIY),Hindi
C467,Common Yoga Protocol- Assamese,"কমন যোগ প্ৰট ""কল (চি. ৱাই. পি.) হৈছে ভাৰত চৰকাৰৰ অন্তৰ্গত আয়ুৰ্বেদ, যোগ আৰু প্ৰাকৃতিক চিকিৎসা, ইউনানী, সিদ্ধ আৰু হোমিঅ’পেথী (আয়ুষ) মন্ত্ৰালয়ে প্ৰস্তুত কৰা যোগ পদ্ধতিৰ এক গোট। ইয়াক সকলো স্তৰৰ অভিজ্ঞতাৰ ব্যক্তিৰ বাবে যোগ অনুশীলনৰ ক্ষেত্ৰত এক মানদণ্ড আৰু গঠনমূলক শৈলী প্ৰদান কৰিবলৈ প্ৰস্তুত কৰা হৈছিল।",S011,1,3113,self-paced,Morarji Desai National Institute of Yoga (MDNIY),English
C468,Common Yoga Protocol- Malayalam,"ആയുർവേദ മന്ത്രാലയം വികസിപ്പിച്ചെടുത്ത ഒരു കൂട്ടം യോഗ പരിശീലനമാണ് കോമൺ യോഗ പ്രോട്ടോക്കോൾ (സിവൈപി). യോഗ & പ്രകൃതിചികിത്സ, യുനാനി, സിദ്ധ, ഹോമിയോപ്പതി (ആയുഷ്), ഇന്ത്യാ ഗവൺമെന്റ്. എല്ലാ തലത്തിലും അനുഭവപരിചയമുള്ള വ്യക്തികൾക്ക് യോഗാഭ്യാസത്തിന് ഒരു മാനദണ്ഡവും ഘടനയും നൽകുന്നതിനായാണ് ഇത് രൂപകൽപ്പന ചെയ്തിരിക്കുന്നത്.","S003,S013,S011",1,3113,instructor-led,Morarji Desai National Institute of Yoga (MDNIY),Hindi
C469,Common Yoga Protocol - Tamil,"பொதுவான யோகா நெறிமுறை (Common Yoga Protocol-CYP) என்பது இந்திய அரசின் ஆயுஷ் (ஆயுர்வேதம், யோகா மற்றும் இயற்கை மருத்துவம், யுனானி, சித்தா மற்றும் ஹோமியோபதி) அமைச்சகத்தால் உருவாக்கப்பட்ட யோகா பயிற்சிகளின் தொகுப்பாகும். அனைத்துத் துறைகள் மற்றும் அனுபவத்தில் உள்ள தனிநபர்களுக்கு யோகா பயிற்சிக்கான தரத்தையும் கட்டமைப்பையும் வழங்குவதற்காக இந்த நெறிமுறைகள் வடிவமைக்கப்பட்டுள்ளது.","S003,S007",3,3113,virtual-lab,Morarji Desai National Institute of Yoga (MDNIY),English
C470,River and Wetlands,"This module helps the learner to understand the following-Overview of Aquatic system and significance covering  Hydrosphere, Journey of water and water cycle, Rivers  Ocean  Wetland distribution in India, Wetlands definition and Distribution Why should we care for wetlands? Wetland conservation approaches Wetland management approach and planning Learning outcomes","S002,S003",1,18420,instructor-led,Indira Gandhi National Forest Academy,English
C471,CEIR- Block Your Lost/Stolen Mobile,Central Equipment Identity Register •	CEIR Services •	Applications,"S008,S005",3,1500,self-paced,"National Telecommunications Institute for Policy Research, Innovation & Training (NTIPRIT)",English/Hindi
C472,SSTP Architecture in BSNL,SSTP Architecture in BSNL,"S008,S012",1,1809,virtual-lab,Bharat Sanchar Nigam Limited(BSNL),Hindi
C473,Use of CTMS in BSNL,Use of CTMS in BSNL,"S015,S005",3,1347,virtual-lab,Bharat Sanchar Nigam Limited(BSNL),Hindi
C474,HOW TO CONFIGURE INTERNET SERVICES IN MOBILE HANDSET,HOW TO CONFIGURE INTERNET SERVICES IN MOBILE HANDSET,"S002,S006",1,852,virtual-lab,Bharat Sanchar Nigam Limited(BSNL),English/Hindi
C475,Fire Extinguisher,How to use CO2  Fire Extinguisher,"S002,S011",3,1059,virtual-lab,Bharat Sanchar Nigam Limited(BSNL),Hindi
C476,CRIMPING AN ETHERNET CABLE,CRIMPING AN ETHERNET CABLE,"S015,S010",1,1092,virtual-lab,Bharat Sanchar Nigam Limited(BSNL),English
C477,Migration To 5G,Migration To 5G,"S004,S008,S005",1,2657,instructor-led,Bharat Sanchar Nigam Limited(BSNL),Hindi
C478,FTTH ONT CONFIGURATION,FTTH ONT CONFIGURATION,S007,1,1232,instructor-led,Bharat Sanchar Nigam Limited(BSNL),English/Hindi
C479,FTTH OLT (Optical Line Terminal),"In this course, we are going to learn about the FTTH OLT i.e Optical Line Terminal and other network elements of FTTH.Also we are going to cover the network architecture of FTTH.","S013,S016",1,1215,virtual-lab,Bharat Sanchar Nigam Limited(BSNL),English/Hindi
C480,Router Initial Configuration,Router Initial Configuration,"S015,S011",3,1692,virtual-lab,Bharat Sanchar Nigam Limited(BSNL),English
C481,Conversion of old CDOT Exchange to CDOT NGN,Conversion of old CDOT Exchange to CDOT N,"S013,S003,S008",2,1377,instructor-led,Bharat Sanchar Nigam Limited(BSNL),English/Hindi
C482,Myers Briggs Type Indicator (MBTI),MBTI & Learning Styles,S012,2,1621,virtual-lab,Bharat Sanchar Nigam Limited(BSNL),Hindi
C483,CDOT MAX NG (CACU) OVERVIEW,CDOT MAX NG (CACU) OVERVIEW,S005,1,2007,self-paced,Bharat Sanchar Nigam Limited(BSNL),English
C484,Conduct Rules,"A course on Central Civil Services (Conduct) Rules,1964","S005,S012",3,4937,instructor-led,Institute of Secretariat Training and Management,Hindi
C485,Automatic Train Supervision System,"This course on Automatic Train Supervision System (ATS) is designed and developed by Signaling and Train Control (S&TC) team of Delhi Metro Rail Academy of Delhi Metro. This course is developed for providing an introduction to the centralized traffic management systems for metro trains around the world. Automatic Train Supervision System is a Traffic Management System which directs entire line train movement as per scheduling. Automatic Train Supervision System shall have Data Processing facilities that oversee and optimize the Train movements. It shall interface with other signalling Sub-systems such as Computer Based Interlocking, Automatic Train Control System, Master Clock, Passenger Information Display System, Public Address Systems, Train Radio.",S012,3,2099,virtual-lab,Delhi Metro Rail Corporation,Hindi
C486,Roof Top Solar Systems in DMRC including Working Principles,Roof Top Solar Systems in DMRC,"S010,S016",3,3027,instructor-led,Delhi Metro Rail Corporation,English/Hindi
C487,Child Rights with Special Focus on Juvenile Justice System,Child Rights with Special Focus on Juvenile Justice System,"S008,S002,S013",2,22800,virtual-lab,Lal Bahadur Shastri National Academy of Administration (LBSNAA),English
C488,Interpersonal Skills,Interpersonal Skills,S013,2,5861,virtual-lab,Institute of Secretariat Training and Management,English/Hindi
C489,Overview of ZTE Combo (2G and 3G) BTS,Overview of ZTE Combo (2G and 3G) BTS,S012,3,638,virtual-lab,Bharat Sanchar Nigam Limited(BSNL),English
C490,Demonstration of Optical Fiber Cable,"In this course, we are going to learn about different types of Optical Fiber cable,Components of OFC cable and their applications.","S007,S004,S013",1,1141,virtual-lab,Bharat Sanchar Nigam Limited(BSNL),English
C491,RF Coverage Planning,RF Coverage Planning,S013,1,1154,self-paced,Bharat Sanchar Nigam Limited(BSNL),English
C492,Access 2G GSM Air Interface,Access 2G GSM Air Interface,S015,2,2400,instructor-led,"National Telecommunications Institute for Policy Research, Innovation & Training (NTIPRIT)",English/Hindi
C493,Network Function Virtualisation in 5G,Network Function Virtualisation in 5G,S015,3,4346,virtual-lab,"National Telecommunications Institute for Policy Research, Innovation & Training (NTIPRIT)",Hindi
C494,GSM RF Channels,GSM RF Channels,"S008,S010,S005",1,8413,virtual-lab,Bharat Sanchar Nigam Limited(BSNL),English/Hindi
C495,Digital Literacy,Digital Literacy,"S009,S006",1,7595,self-paced,Bharat Sanchar Nigam Limited(BSNL),Hindi
C496,Industry 4.0 : Introduction and Implementation,Industry 4.0 : Introduction and Implementation,"S005,S016,S008",3,1889,instructor-led,Bharat Sanchar Nigam Limited(BSNL),Hindi
C497,UNDERSTANDING OF LABOUR LAW,"This course has been prepared/designed to give basic ideas about Labour Law and after successful completion of the course, you will be able to understand the various Acts and legislations meant for workman. You will also be able to understand the provisions made for welfare and betterment for workman under various Acts.","S011,S009,S016",3,2806,instructor-led,National Institute of Communication Finance,English
C498,Personal and Organizational Value,"Values are our beliefs we work and live with. Values determine our priorities and guide our behaviour. Everyone has values but each person has a different value set. This set is Personal values that are the guiding principles in our lives and inform our decision making, goal setting and overall disposition. They give us a better understanding of who we are. Organisational values are a set of core beliefs held by an organisation. These are guiding principles that provide an organisation with purpose and direction and set the tone for its interactions with its stakeholders, employees and others. Organisational values provide a common purpose that all employees should understand, work towards and live by.","S007,S008,S005",3,3300,self-paced,Department of Personnel and Training DoPT,Hindi
C499,Team Building,"It is good to be individually brilliant and to have strong core competencies. However, if you cannot work in a team and harness each other’s core competencies, the team's performance will be poor or average. Team building process is a step-by-step system for transforming a group of employees into an effective and collaborative unit. This is an ongoing process that helps a work group evolve into a cohesive unit. Team building refers to the type of activities, interactions and exercises used to strengthen the social connections within teams and organise employees into cooperative groups.","S004,S007",1,5100,self-paced,Department of Personnel and Training DoPT,Hindi
C500,Leadership,"Chhatrapati Shivaji, Maharana Pratap, Mangal Pandey, Rani Lakshmi Bai, Bhimrao Ambedkar, Sardar Vallabhbhai Patel, Mahatma Gandhi, …The list of revolutionary leaders is endless! One common factor that was special among all was their great vision and judicious use of resources at hand to solve problems. Learning by their examples, leaders provide guidance, inspiration and motivation when achieving goals and rally people around a common cause. So, leadership is an attribute that gives direction and success to a cause, motivate and align people to goals.",S016,3,5700,self-paced,Department of Personnel and Training DoPT,English
C501,"MEETINGS UNDER COMPANIES ACT,2013","MEANING OF MEETINGS,CHARACTERISTICS OF MEETINGS,KINDS OF MEETINGS AND VARIOUS TERMS RELATED TO MEETINGS ARE DISCUSSED IN THIS COURSE.",S012,1,2339,self-paced,National Institute of Communication Finance,English
C502,Automatic Train Protection System,"This course on Automatic Train Protection System (ATP) is designed and developed by Signaling and Train Control (S&TC) team of Delhi Metro Rail Academy of Delhi Metro. This course is developed for providing an introduction to the modern train control systems as used in metros around the world. Automatic Train Control system has two operational modes:  Automatic Train Protection mode & Automatic Train Operation mode. Automatic Train Protection system is primarily responsible for maintaining required gap between the trains running on the same route in same direction by controlling the target speeds, stopping and dwell time of trains on the platforms in real time scenario. It also authorizes the on board train management system to open the train doors on the correct (Platform) side, if the train is docked properly on the platform, besides managing other safety related on board operations","S016,S003",1,1548,instructor-led,Delhi Metro Rail Corporation,English
C503,Conduct of Enquiry in Disciplinary Matters,"No major penalty can be imposed on an employee without conducting an Inquiry and giving a reasonable opportunity to the employee to defend herself. This video deals in detail the steps of conducting inquiry in disciplinary/ vigilance cases. The lecture is based on the the CCS(CCA) Rules 1965 which is applicable to most of the Central Government servants, yet the essential of Inquiry is the same irrespective of the nature of the Government organization be it a Nationalized Bank, Government Corporation, Autonomous body etc.",S009,2,151200,self-paced,Institute of Secretariat Training and Management,English
C504,Introduction to Escalators of DMRC,Escalators of DMRC,"S002,S006",2,2467,instructor-led,Delhi Metro Rail Corporation,English/Hindi
C505,Traction System in Metro Rail Transit System (MRTS),This course of “Traction System  in Mass Rapid Transit System” is from Electrical team of Delhi Metro Rail Academy of Delhi Metro and this course is developed for understanding of various types of traction system used to power the trains used in Mass Rapid Transit System (MRTS).,"S001,S009,S015",1,3058,virtual-lab,Delhi Metro Rail Corporation,English
C506,Elevated Viaduct construction in DMRC,Overview of Elevated Viaduct Construction in DMRC,S015,1,4509,instructor-led,Delhi Metro Rail Corporation,English/Hindi
C507,Lekha-DEeP -Praveenta,A e-learning Course for Supervisors & Accountants in Postal Department,"S004,S011",3,32442,virtual-lab,Department of Posts,English/Hindi
C508,Lekha-DEeP - Dakshta,Lekha-DEeP - Dakshta,"S005,S003",2,19953,self-paced,Department of Posts,Hindi
C509,Lekha DEeP-Prarambh,An e-learning Course for Accountants in Postal Department,"S002,S001,S013",2,10414,instructor-led,Department of Posts,Hindi
C510,Bima DEeP-7 (Parangat),A comprehensive course containing 77 educational videos for transforming the learner into an expert in Postal Insurance,"S009,S005,S007",1,34702,virtual-lab,Department of Posts,English/Hindi
C511,Problem Solving and Decision Making,"A Problem is an indication that something did not work out quite as expected. Once this indication is clearly defined, possible solutions are generated and identified as to which solution is working and which is not. Then these alternative solutions are evaluated. After evaluation, decision on a solution is made. This solution is implemented and its outcomes are analysed. This is Problem Solving. The process of careful identification and evaluation of the alternative solutions is Decision Making.",S015,1,6300,self-paced,Department of Personnel and Training DoPT,English/Hindi
C512,UNDERSTANDING THE FORMAT OF FINANCIAL STATEMENTS,"This Course ""Understanding the Format of Financial Statements"" is Part 1 of the Program ""Understanding Financial Statements"" to be published by NICF to increase the knowledge and Understanding of Learners regarding Financial Statements. This Course provides information about format of Financial statements(Balance Sheet and Statement of Profit and Loss) as mentioned under Schedule III of Companies Act,2013.","S010,S008,S007",3,4401,virtual-lab,National Institute of Communication Finance,English/Hindi
C513,Official Meeting - Role of Personal Staff,Official Meeting - Role of Personal Staff,"S015,S003",2,952,instructor-led,Institute of Secretariat Training and Management,English
C514,Getting Along with the Boss,Getting Along with the Boss,"S002,S011,S012",3,1867,self-paced,Institute of Secretariat Training and Management,English
C515,Goal Setting,"Goal is the end towards which effort is directed.  Goal setting involves the development of an action plan designed in order to motivate and guide a person or group toward achieving a goal. Goals are more deliberate than desires and momentary intentions. Therefore, setting goals means that a person has committed thought, emotion, and behavior towards attaining the goal.",S016,3,2400,virtual-lab,Department of Personnel and Training DoPT,English/Hindi
C516,Laptop Maintenance,Laptop Maintenance,"S003,S015",2,1534,instructor-led,Bharat Sanchar Nigam Limited(BSNL),English/Hindi
C517,AADHAAR DAKSHTA,AADHAAR DAKSHTA,"S016,S009",3,3890,virtual-lab,Department of Posts,English
C518,AADHAAR PRARAMBH,AADHAAR PRARAMBH,"S004,S013,S003",2,4235,instructor-led,Department of Posts,English
C519,Central Civil Services (Conduct) Rules 1964,Central Civil Services (Conduct) Rules 1964,S008,3,2761,instructor-led,National Academy Of Defence Financial Management (NADFM),English/Hindi
C520,Problem Solving,Problem Solving,"S015,S004,S012",3,2100,virtual-lab,Institute of Secretariat Training and Management,English/Hindi
C521,Public Grievance Handling and CPGRAM 7.0,Public Grievance Handling and CPGRAM 7.0,"S005,S006",3,7200,self-paced,Institute of Secretariat Training and Management,English/Hindi
C522,Digital safety essentials,Get up to speed with our tips and guidance. Then check your knowledge with our interactive quizzes.,"S016,S003,S002",2,4500,self-paced,Microsoft,English/Hindi
C523,Microsoft Outlook,Microsoft Office 365 Productivity Suite Training for government Officials powered by the Ministry of Skill Development & Entrepreneurship and Capacity Building Commission in partnership with Microsoft. We aim to enhance the functional computer literacy of nearly 2.5 million civil servants of the Government of India (GoI). This training program will digitally empower officials to provide efficient and effective citizen-centric services to the vulnerable and underprivileged sections of society. It will enable them to deliver last-mile social welfare services.,"S015,S004,S003",2,7397,virtual-lab,Microsoft,Hindi
C524,Marine Mineral Resources,"This e-Learning course of the Geological Survey of India Training Institute (GSITI) introduces Marine Mineral Resources. They are the accumulation of minerals that formed at or below the seabed, and from which metals, minerals, elements, or aggregates might have been extracted as resources.","S011,S010",1,5745,instructor-led,Ministry of Mines,English/Hindi
C525,BIMA DEep DAKSHTA - II,Course for Supervisors & Administration,"S003,S006,S004",1,11173,self-paced,Department of Posts,English
C526,DAK GHAR NIRYAT KENDRA,COURSE ON DAK GHAR NIRYAT KENDRA FOR POSTAL EMPLOYEES,"S007,S001,S011",2,19303,instructor-led,Department of Posts,English/Hindi
C527,AWARENESS ON PRODUCTS AND SERVICES,AWARENESS ON PRODUCTS AND SERVICES,"S001,S008,S013",3,7527,instructor-led,Department of Posts,Hindi
C528,Awareness on Marketing Concepts,Awareness on Marketing Concepts,S006,2,1472,self-paced,Department of Posts,English/Hindi
C529,POSTMAN DELIVERY MONITORING,POSTMAN DELIVERY MONITORING,"S009,S001",2,18278,self-paced,Department of Posts,English/Hindi
C530,Bima DEeP - Dakshata - 1,A course explaining system flow McCamish for Counter and CPC staff for India Post in connection with PLI and RPLI,S012,2,12466,instructor-led,Department of Posts,English/Hindi
C531,AWARENESS ON SAVINGS BANK AND SAVINGS CERTIFICATES,AWARENESS ON SAVINGS BANK AND SAVINGS CERTIFICATES,S011,3,10300,self-paced,Department of Posts,English/Hindi
C532,Awareness on Software used in Post Offices,Awareness on Software used in Post Offices,"S015,S012,S013",2,3779,self-paced,Department of Posts,English
C533,Awareness on Indian Postal Order and Money Order,Awareness on Indian Postal Order and Money Order,"S016,S007",1,973,instructor-led,Department of Posts,English/Hindi
C534,APAR Empowering The Karmayogi,APAR Empowering The Karmayogi,S010,3,1995,virtual-lab,Department of Posts,English/Hindi
C535,AWARENESS ON TECHNOLOGY USED IN POST OFFICE,AWARENESS ON TECHNOLOGY USED IN POST OFFICE,S002,3,746,self-paced,Department of Posts,English
C536,AWARENESS ON POSTAL MANUALS AND POST OFFICE GUIDES,AWARENESS ON POSTAL MANUALS AND POST OFFICE GUIDES,"S008,S011,S007",2,1116,virtual-lab,Department of Posts,English/Hindi
C537,AWARENESS ON DIFFERENT BRANCHES IN POST OFFICES,AWARENESS ON DIFFERENT BRANCHES IN POST OFFICES,"S010,S002,S011",1,2303,instructor-led,Department of Posts,English/Hindi
C538,AWARENESS ON EQUIPMENTS USED IN POST OFFICE,AWARENESS ON EQUIPMENTS USED IN POST OFFICE,"S008,S015,S010",1,1885,instructor-led,Department of Posts,English/Hindi
C539,AWARENESS ON BASIC IMPORTANT RECORDS OF POST OFFICE,AWARENESS ON BASIC IMPORTANT RECORDS OF POST OFFICE,S003,3,2518,instructor-led,Department of Posts,Hindi
C540,UNIFIED DARPAN ANDROID APPLICATION  DAKSHATA,"This Training program is designed to equip the end users in smooth transition from RICT Device to Unified Android Application. On completion of the Training, the End Users will be able to work in the changed work environment with confidence. This training program also aims at facilitating all the stake holders involved in DARPAN Solutions with basic operational know how about","S013,S009,S010",1,9889,virtual-lab,Department of Posts,English
C541,UNIFIED DARPAN ANDROID APPLICATION  PRARAMBH,This Training program is designed to equip the end users in smooth transition from RICT Device to Unified Android Application.,"S012,S015",1,1852,instructor-led,Department of Posts,English
C542,Cyber Shikshaa Fundamentals,Cyber Shikshaa Fundamentals,"S002,S009,S013",2,16500,self-paced,Microsoft,English
C543,Cyber Security Basics,"Nowadays, we’re inundated with reports of cyberattacks and their ramifications. We hear about attacks on global supply chains that have major economic consequences. Almost routinely, we find out that cybercriminals have stolen the personal information of millions of consumers through platforms used on a daily basis. Sometimes, we even hear about vital government and health services being blocked and extorted for ransom. Cyberattacks  continuously  evolve. Cybersecurity  is  an  important,  expanding field in  a  world  where  companies and institutions are racing to move and maintain their businesses online. Throughout this module, you'll get a foundational understanding of basic cybersecurity concepts.","S015,S013",3,8577,self-paced,Microsoft,English/Hindi
C544,Microsoft PowerPoint Advance,"Welcome to the Advance course to Microsoft PowerPoint, taking you by hand and showing you step by step how to make some amazing and mesmerizing PowerPoint transitions and animation. We dive into PowerPoint Slide Design, Smart Art and PowerPoint Animation.","S013,S011,S002",2,8928,instructor-led,Microsoft,English/Hindi
C545,Microsoft SharePoint,Welcome to the Microsoft SharePoint Course. Here you’ll learn how you can use Microsoft SharePoint to create a site on your intranet. Learn the basics of what SharePoint is and how you can use it to inform your team and broader organization about your project or initiative.,S009,2,5355,virtual-lab,Microsoft,Hindi
C546,Microsoft Word Advanced,"Welcome to the Advance course on Microsoft Word. This course enables you to learn advanced concepts of MS Word in simple and easy steps. In this course, the learners will understand and create tasks using Repeat Headings, Insert Formula, Word Art, Table of Figures, Tab Stops, Paragraph Styles, Wrapping Words around Pictures, Inserting audio, video, online videos and more.",S011,2,10145,self-paced,Microsoft,English
C547,ADVANCED ADMINISTRATIVE LAW,"After completion of the basics of Administrative Law, this course will let you understand the Delegated Legislation, Constitutional Protection to Civil Servants, Public Service Commission and Natural Justice. After successful completion of the course, you will be able to understand the Delegated Legislation and control over Delegated Legislation like Procedural Control, Judicial Control and Legislative Control, Constitutional provisions about service conditions of the Public/Civil/Government Servants and the provisions relating to Public Service Commission of the Union and the State, Constitutional Safeguards for Civil Servants, Privileges and Immunities provided to Government in Legal Proceedings and integral part of the principle of Natural Justice.","S004,S005",2,3601,self-paced,National Institute of Communication Finance,English/Hindi
C548,Project Management,Project Management,S011,2,900,self-paced,Institute of Secretariat Training and Management,English
C549,Decision Making,Decision Making,"S016,S006,S015",2,2100,instructor-led,Institute of Secretariat Training and Management,Hindi
C550,Foundation Course on Cyber Security,"This Cyber Security Course from ISEA Team of C-DAC aims to sensitize a broader group of Government personnel to the dangers posed by cyber security threats within the IT/ICT environment. It focuses on raising awareness about potential pitfalls and introducing essential cyber hygiene practices. The course covers various aspects of cyber security, equipping participants with the knowledge and skills needed to protect sensitive information and systems from unauthorized access, data breaches, and other cyber threats. By emphasizing the significance of cyber hygiene, the course empowers individuals to adopt proactive measures and maintain a secure digital environment, ensuring the integrity and confidentiality of government resources.",S001,1,86400,self-paced,Centre for Development of Advanced Computing (C-DAC),English/Hindi
C551,Billing and Customer Care System (BCCS),Billing and Customer Care System (BCCS),S006,2,5676,virtual-lab,"National Telecommunications Institute for Policy Research, Innovation & Training (NTIPRIT)",English
C552,Aspects of Decentralised Wastewater Management,Aspects of Decentralised Wastewater Management,"S013,S010,S009",2,2400,instructor-led,Institute of Secretariat Training and Management,English
C553,Sanitation Technologies,Sanitation Technologies,"S015,S003,S006",2,2100,virtual-lab,Institute of Secretariat Training and Management,English/Hindi
C554,Presentation Sanitation Systems,Presentation Sanitation Systems,"S015,S003,S007",3,2700,instructor-led,Institute of Secretariat Training and Management,English/Hindi
C555,Operation and Maintinace And Sustainability,Operation and Maintinace And Sustainability,S012,1,2100,virtual-lab,Institute of Secretariat Training and Management,English
C556,Sanitation Capacity Building Platform,Sanitation Capacity Building Platform,"S011,S010,S002",2,2400,virtual-lab,Institute of Secretariat Training and Management,Hindi
C557,Sustainable Sanitation and Water Management,Sustainable Sanitation and Water Management,"S001,S004,S012",2,2400,virtual-lab,Institute of Secretariat Training and Management,English/Hindi
C558,Landmark Judgement on Constitutional Provisions - Supreme Court,Landmark Judgement on Constitutional Provisions - Supreme Court,"S003,S010,S016",2,2400,self-paced,Institute of Secretariat Training and Management,Hindi
C559,Faecal Sludge Management,Faecal Sludge Management,S001,2,2400,virtual-lab,Institute of Secretariat Training and Management,English/Hindi
C560,Swachh Bharat Mission An Overview,Swachh Bharat Mission An Overview,"S006,S005",2,2700,instructor-led,Institute of Secretariat Training and Management,English/Hindi
C561,Plastic Waste Management,Plastic Waste Management,"S006,S001",3,2400,virtual-lab,Institute of Secretariat Training and Management,Hindi
C562,Grey Water Management,Grey Water Management,S015,1,2400,self-paced,Institute of Secretariat Training and Management,English
C563,Biodegradable Waste Management,Biodegradable Waste Management,"S007,S008,S001",1,2100,instructor-led,Institute of Secretariat Training and Management,English/Hindi
C564,Stay Safe in Cyber Space,"Welcome to the course “Stay Safe in Cyber Space”  by Indian Cyber Crime Coordination Centre, Ministry of Home Affairs. This course is created with an intent to improve cyber hygiene especially in Government Employees and to create a secure cyber ecosystem. - Understand the importance cyber safety - Learn latest trends in Cyber Crimes. - Ways to stay safe in Digital World. - Reporting cyber crimes","S006,S003",1,4601,instructor-led,Indian Cybercrime Coordination Centre - I4C,English/Hindi
C565,सामान्य योग अभ्यासक्रम,सामान्य योग प्रोटोकॉल (Common Yoga Protocol) भारत सरकार के आयुष मंत्रालय द्वारा विकसित किए गए योग अभ्यासों का एक सेट है। इसका उद्देश्य सभी स्तरों के योगाभ्यासियों के लिए एक मानकीकृत और संरचित दृष्टिकोण प्रदान करना है।,"S007,S005,S008",2,3293,self-paced,Morarji Desai National Institute of Yoga (MDNIY),English/Hindi
C566,Yoga: Pranayama,Pranayama The Breath Regulation Practice,"S015,S011",3,2146,virtual-lab,Morarji Desai National Institute of Yoga (MDNIY),English/Hindi
C567,Common Yoga Protocol English,"The Common Yoga Protocol (CYP) is a set of yoga practices that was developed by the Ministry of Ayurveda, Yoga & Naturopathy, Unani, Siddha, and Homoeopathy (AYUSH), Government of India. It was designed to provide a standardized and structured approach to the practice of yoga for individuals of all levels of experience.","S003,S012",2,3284,virtual-lab,Morarji Desai National Institute of Yoga (MDNIY),Hindi
C568,Fundamental Rules and Supplementary Rules,Fundamental Rules and Supplementary Rules,"S004,S010",1,3000,instructor-led,Institute of Secretariat Training and Management,English/Hindi
C569,National Long Distance Service (NLD Service),National Long Distance Service (NLD Service),"S006,S004,S012",1,3167,instructor-led,"National Telecommunications Institute for Policy Research, Innovation & Training (NTIPRIT)",Hindi
C570,"Landmark Judgments- RTI Act, 2005","Landmark Judgments- RTI Act, 2005",S003,3,4200,self-paced,Institute of Secretariat Training and Management,English
C571,Gender Sensitization  - 1,"Promoting gender sensitivity, this course delves into key aspects of gender-related issues, challenging biases, and fostering inclusivity.","S013,S015",1,4500,instructor-led,Institute of Secretariat Training and Management,Hindi
C572,Role of Liaison Officer in Reservation,This course is designed to provide participants with a comprehensive understanding of the responsibilities and duties of a liaison officer in the context of reservations.,S009,2,2700,virtual-lab,Institute of Secretariat Training and Management,Hindi
C573,Parcel Tracker: India Post,Parcel Tracker is a consolidation of Action Points to introduce new channel of exchange of information between the Department of Posts and its Customers and upgradation of existing system.,"S003,S001,S008",1,2405,virtual-lab,RAKNPA,English
C574,बैंक प्रतिभूतियाँ  एवं उनका नकदीकरण,बैंक गारंटी एवं नकदीकरण,"S010,S012",3,2262,self-paced,National Institute of Communication Finance,English
C575,Yoga Break at Workplace,"Y Break “Yoga break at workplace” Yoga protocol was devised with an aim to get De-stressed, Refreshed and Re-Focused to enhance immunity at the work place by practicing selected Yoga practice for short duration accrue the benefits as projected from Yoga practices for a longer duration.",S016,1,1674,instructor-led,Morarji Desai National Institute of Yoga (MDNIY),English/Hindi
C576,Orientation Module on Mission LiFE,"LiFE - Lifestyle for Environment, is an India-led mass movement to “promote mindful and deliberate utilization, instead of mindless and destructive consumption”. Introduced at CoP26 in Glasgow and launched in October 2022 at Kevadia, Gujarat by Hon’ble Prime Minister, Shri Narendra Modi, Mission LiFE aims to nudge individuals towards making simple behavioural changes in their lives and communities, to make them more environmentally sustainable. A comprehensive and non-exhaustive list of 75 individual LiFE actions have been identified across 7 themes – Save Water, Save Energy, Reduce Waste, Reduce E-Waste, Say No to Single-Use Plastics, Adopt Sustainable Food Systems, And Adopt Healthy Lifestyles. These actions are specific, measurable, easy to practice, non-disruptive to ongoing economic activities and with minimal supply-side dependencies.","S013,S002",1,1379,self-paced,"Ministry of Environment, Forest and Climate Change",English
C577,Space Situational Awareness,Overview of Space Situational Awareness,"S006,S012,S015",3,22952,instructor-led,Indian Space Research Organisation (ISRO),English
C578,INTRODUCTION TO METAMORPHIC PETROLOGY,This e-Learning course of the Geological Survey of India Training Institute (GSITI) introduces Metamorphic Petrology.  The course has five transcribed lecture videos distributed in three modules.,"S016,S010",3,5208,virtual-lab,Ministry of Mines,English
C579,5G Use Cases,"After completing this course, you will be able to: •	Provide an overview of the key capabilities of 5G •	Identify the use cases aligned with key capabilities of 5G •	Categorise the sectors for 5G use cases •	Demonstrate the use cases for each sector",S008,2,3000,instructor-led,"National Telecommunications Institute for Policy Research, Innovation & Training (NTIPRIT)",Hindi
C580,Base Transceiver Station (BTS)  Maintenance,"BTS Maintenance and Troubleshooting,Active Passive Infrastructure at BTS site, VSWR and Antenna maintenance",S010,3,1961,instructor-led,ISTM,English/Hindi
C581,Evolution of Mobile Technologies - 1G to 5G,"Learning objectives of the course: •	Provide an overview of the evolution of mobile networks, starting from 1G to the latest 5G Network •     State the types of equipment the networks use •	Understand the architecture of the 2G Network •	Understand the architecture of the 3G Network and how it evolved from the 2G Network •	Discuss the evolution of networks from 3G to 4G •	Understand the architecture of the 4G Network •	Understanding a high level 5G systemCompare the 4G Network with the 5G Network •	Understand the 5G Service-Based Architecture (SBA)","S004,S009,S002",2,2100,self-paced,"National Telecommunications Institute for Policy Research, Innovation & Training (NTIPRIT)",English
C582,Key Capabilities of 5G,"At the end of this course, you will be able to: •	Describe the 5G Radio Capabilities •	Enumerate the usage scenarios of 5G •	Identify the key performance indicators of 5G","S008,S004",3,2700,virtual-lab,"National Telecommunications Institute for Policy Research, Innovation & Training (NTIPRIT)",Hindi
C583,PARCELS-DEEP,"PARcels-DEeP is an e-learning program by the Department of Posts, India, designed to enhance the soft skills and operational abilities of parcel teams. It offers user-friendly training materials, including videos, PDF references, assignments, and tests. It follows the iGOT framework, promoting continuous capacity building and professional development. PARcels-DEeP aims to improve productivity, adaptability, and competitiveness among DoP personnel","S004,S013,S005",1,19595,virtual-lab,Department of Posts,Hindi
C584,A COURSE ON TDS UNDER GST ACT,PROVISIONS OF TAX DEDUCTION AT SOURCE UNDER GST ACT.,S003,3,3264,self-paced,National Institute of Communication Finance,Hindi
C585,Vigilance Clearance,Grant of Vigilance Clearance is an important administrative duty of the vigilance offices of Ministries and departments of the Central and State Governments of India. This resource provides an overview of the issue of grant of vigilance clearance.,S011,2,730,self-paced,Defence Headquarters Training Institute (DHTI),Hindi
C586,Vigilance Angle,It is an important task of the Administrative and Vigilance Authorities to ascertain Vigilance Angle in a particular case. There is a thin line between cases having a vigilance angle and cases having no vigilance angle. This resource provides insight to make a distinction between cases having a vigilance angle and cases of pure administrative nature.,"S006,S010",1,544,instructor-led,Defence Headquarters Training Institute (DHTI),English
C587,Microsoft Teams,"Welcome to the COMPLETE GUIDE to Microsoft Teams! It's a step-by-step guide to Microsoft Teams for beginners. You'll learn how to use teams to collaborate, create channels, and manage chats, meetings, and files in one place. Expected Outcomes: ·       Individuals will learn how to install and use MS Teams ·       Learning the different features of MS Teams and how they increase productivity in the workplace. ·       Learn how to communicate with the help of Teams. ·       Individuals will schedule a call, check the team's calendar, and also send their out-of-office messages ·       If you are not in your office or want to schedule a call with your team, understand how to look into their schedule before getting on a Teams call with them ·       Individuals can set up teams for specific project purposes and continue their conversation on those specific channels ·       Create a channel to focus more on the important task and function, and allocate the same to your team members. ·       Asking for approval instead of sending in an email and awaiting the same.",S007,1,8664,instructor-led,Microsoft,Hindi
C588,Microsoft Word Beginners,"Welcome to the course that offers a beginner's guide to Microsoft Word. This course enables you to learn Word in simple and easy steps with a focus on making the learners understand and create tasks using Ribbon Menu, Rulers, Navigation Pane, Go to Command, Proof Reading, Views, edit pictures, Indenting, Track Changes, layout, and more. Expected Outcomes: •	Understand the importance of MS Word as a productivity skill •	Different uses of Ribbon tabs and how they make work simpler •	Rulers help the individual in controlling the margins of the document and the indentations of the paragraph. •	Navigation Pane helps the individual in navigating to a page or heading without scrolling the whole document. •	Spelling and Grammar check helps the individual in correcting the document and proofreading it automatically. •	Grouping helps in rotating, flipping, moving, resizing, multiple shapes and objects as they are single shapes and objects. •	The individual can insert a picture, captions, icons, etc. for the beautification of the Word document. •	The View tab of Microsoft Word helps in showing the document exactly how it will be viewed in different layouts •	Using Microsoft Word's bookmarks, indenting, and bullets, users can create better reports. •	A good page layout makes the individual's document more readable and ensures consistency.","S010,S008,S011",2,10566,instructor-led,Microsoft,English
C589,Microsoft One Drive,"Welcome to the COMPLETE GUIDE to Microsoft One Drive! This course will help you understand the purpose of Microsoft OneDrive and will teach you how to use it. OneDrive can help you organize your files, give you constant access to your files on any device, and back up your files in case of theft or hard drive failure. You'll learn about Setting Up and Uploading Files and Folders, Creating Shared libraries, setting passwords, etc. This course will get you started using OneDrive. Expected Outcomes: •	Understand how to Store and sync files in the cloud and access them from anywhere on any device. Ideal for work in progress and sharing with specific individuals •	Storing and syncing files in the cloud and accessing them from anywhere on any device. Ideal for work in progress and sharing with specific individuals •	Share files and folders with a specific person or with the team. Also, check link settings and customize file/folder sharing •	A shared library is a location to store files that are backed by a Team Site and are accessible within Microsoft Teams, SharePoint, or Outlook. And it’s easy to copy or move files where you and others need them •	It is important to set a password for certain files and folders so that the information cannot be accessed by everyone •	Users can delete folders or retrieve them. Also understanding the timeline by when the files get deleted.","S004,S010,S007",3,4952,self-paced,Microsoft,English
C590,Microsoft Excel for Beginners,"Welcome to the Beginner's Guide course in Excel. This Excel Course enables you to Learn MS Excel in simple and easy steps. In this course we will learn how to Enter and edit Excel data, Format numbers, fonts, and alignment make simple pivot tables and charts, create simple Excel formulas, filters, formatting. Learn common Excel functions used in any Office. Expected Outcomes: · Understand how to start Excel documents and navigate through them, · One can pin documents and templates in MS Excel as per their requirement. · Every Ribbon menu comprises functions that help in using MS Excel easily. · Understand the different elements of Excel and how to use them. · Individuals can look into specific Sheet Views, zoom into the data, and even input the data. · Individuals can insert, store, wrap, and format data in worksheets. · The Page Layout tab provides commands for the user which help them in preparing the workbook. · Long sets of values or texts in the cells, to fit them all, the Merge function can be used to fit all the data. · Print View and Sorting are two basic and important functions of MS Excel which helps the user in printing exactly the required set of data and also sorting the data as per their requirement. · Change the orientation of the text and apply formatting changes with the help of the Format Painter tool in the cells. · Individuals can calculate data and numbers with the library of formulas available. · Learning how to calculate the average of numbers. · The subtraction formula does not exist in Excel, but yet individuals can calculate the subtraction value. · Learn how to calculate the product of numbers in different methods. · Learn how to use the Division formula in Excel. · Individuals can copy formulas and use them anywhere in the data sets without changing or relocating the values in the cell. · The function of the Freeze pane is to lock rows and columns. · Individuals can enter words and phrases of the function; they want to","S016,S010",2,25435,virtual-lab,Microsoft,English/Hindi
C591,Microsoft PowerPoint Beginners,"Welcome to the course that offers a beginner's guide to Microsoft PowerPoint, taking you by hand and showing you step by step how to make some amazing and mesmerizing PowerPoint slideshow presentations. We’ll learn about Screen views, Inserting Shapes, Icons, Pictures, Graphics, Charts and presentation templates. Expected Outcomes: •	Understanding what is PowerPoint and how is it important to work with slides. •	Unlike Word documents, PowerPoint presentations need a bit of creativity and to work around the slides, so it is important to learn how to start a presentation. •	Each Microsoft PowerPoint presentation comes with a series of slides. The user needs to navigate through all the slides. •	There are different screen views in Presentation, it is important to know all of them and how to use them. •	There are different screen views in Presentation, it is important to know all of them and how to use them. •	Text can be formatted to make the content look presentable. •	Individuals can use bullets and numbered lists to help in arranging the content in a sequence. •	Individuals can add different types of shapes, graphics, icons, etc. to their presentation. •	The Zoom option helps the student in presenting, using the presenter view, they might want to magnify a part of the slide. •	The data will be analyzed with the help of Microsoft Excel. Individuals can create the chart there and paste it onto their presentation •	The data will be analyzed with the help of Microsoft Excel. Individuals can create the chart there and paste it onto their presentation •	Individuals can edit the objects, format them, and arrange them as per their preferences. •	Individuals can create presentations and save them as a template, to be re-used.","S004,S002",3,11836,self-paced,Microsoft,English/Hindi
C592,RISK BASED INTERNAL AUDIT,EVOLVING CONCEPT OF RISK BASED INTERNAL AUDIT IS DISCUSSED.,S016,1,2611,instructor-led,National Institute of Communication Finance,Hindi
C593,Functions of Carrier Services Wing and Carrier Services in UL,Functions of Carrier Services Wing and Carrier Services in UL,"S013,S007,S001",1,1487,self-paced,"National Telecommunications Institute for Policy Research, Innovation & Training (NTIPRIT)",English
C594,Interior of the Earth,"This e-Learning course of the Geological Survey of India Training Institute (GSITI) introduces different layers, and their boundaries present in the Earth’s interior.","S009,S008,S016",1,5308,self-paced,Ministry of Mines,English/Hindi
C595,Right to Information Act 2005,RTI Act 2005 with case studies,"S016,S015",1,2910,instructor-led,National Academy Of Defence Financial Management (NADFM),Hindi
C596,Earthwork in Railway Projects,Earthwork for Construction of Railway Embankments,"S009,S012,S006",3,9600,instructor-led,Ministry of Railways,Hindi
C597,Pulverizer and Boiler Fuel Firing System,"Let us familiarize ourselves with the boiler, which is a major component in a thermal plant. We will also learn in detail about the boiler fuel firing system, the fuel flow path and fuel oil system. You will also learn about various types of oil guns and different atomization processes.","S003,S008",2,3261,instructor-led,Ministry of Power,English/Hindi
C598,TOTAL QUALITY MANAGEMENT,Total Quality Mangement,"S012,S015",3,2892,instructor-led,National Institute of Communication Finance,Hindi
C599,COMPANY FORMATION,RULES AND PROCEDURE FOR INCORPORATION OF COMPANY,"S002,S009",2,3159,self-paced,National Institute of Communication Finance,Hindi
C600,SARAS (REVENUE MANAGEMENT SYSTEM) : LICENSE FEE SECTION,THIS COURSE HAS BEEN DESIGNED WITH THE OBJECTIVE OF HIGHLIGHTING THE FEATURES OF LICENSE FEE SECTION OF SARAS i.e. REVENUE MANAGEMENT SYSTEM,"S008,S009,S006",2,3653,self-paced,National Institute of Communication Finance,English/Hindi
C601,BSNL Mission Karmyogi,BSNL Mission Karmyogi Training,"S001,S009,S007",3,32700,self-paced,Bharat Sanchar Nigam Limited(BSNL),English
C602,Parcel Specific Recent Initiatives,"These initiatives include creation & upgradation of dedicated network of Parcel Processing Hubs, setting up of Nodal Delivery Centres and development of dedicated network of Postal Road Transport Routes.","S011,S016",1,1505,self-paced,RAKNPA,English/Hindi
C603,ACCRUAL ACCOUNTING,"THIS COURSE ""ACCRUAL ACCOUNTING"" HAS BEEN DESIGNED TO GIVE INFORMATION ABOUT ACCOUNTING,ITS BASIS AND DIFFERENCE BETWEEN BASIS OF ACCOUNTING.","S013,S007,S003",2,2879,self-paced,National Institute of Communication Finance,English/Hindi
C604,Kimberlites Lamprophyres and Lamproites: Windows to the Earth's Mantle,"The course introduces three important rock types namely, kimberlites, lamprophyres, and lamproites which are known to have deeper mantle connections and host to diamonds.","S008,S006",1,5909,virtual-lab,Ministry of Mines,English/Hindi
C605,"Earthquakes: Causes, Measurement, and Distribution","This e-Learning course of the Geological Survey of India Training Institute (GSITI) gives a brief outlook on earthquakes and answers common questions like what an earthquake is, what are its causes and effects, and how it impacts life and property at large. The course has five transcribed lecture videos distributed in three modules.","S005,S011",1,4321,instructor-led,Ministry of Mines,English/Hindi
C606,Parcel Network Optimization Project : PNOP,"Parcel Network Optimization project (PNOP) was initiated in November 2016 to optimize parcel and delivery network with the following objectives: Development of infrastructure to increase Parcel handling capacity, To re-design, strengthen and upgrade the existing infrastructure, Development of All India Postal Road Transport Network (RTN), Development and operationalisation of National and Regional transhipment Centres, To expand the optimized network of Nodal Delivery Centers, To strengthen monitoring capacity by implementing online monitoring systems.","S003,S010",2,3900,self-paced,RAKNPA,English
C607,Basics on Capital Procurement in Defence,Capital Procurement in Defence,S006,3,3267,self-paced,National Academy Of Defence Financial Management (NADFM),Hindi
C608,Exit and Withdrawal Norms under NPS,This module provides the summary of Exit and Withdrawal Norms under NPS,"S002,S006",1,994,self-paced,Defence Headquarters Training Institute (DHTI),English/Hindi
C609,GST APPLICABILITY ON GOVERNMENT RELATED ACTIVITIES,GOODS AND SERVICES TAX APPLICABILITY ON ALL GOVERNMENT SERVICES,"S012,S007",2,2336,instructor-led,National Institute of Communication Finance,English
C610,BANK GUARANTEES AND THEIR ENCASHMENT,Bank Guarantees and their Encashment Greetings to everyone and Welcome to this course of Igot. This course is English version of one already available course on igot named बैंक प्रतिभूतियाँ  एवं उनका नकदीकरण,S011,3,2009,self-paced,National Institute of Communication Finance,English
C611,Basics of Public Policy Research,"Public Administration is the study of the management, operation, and functioning of government bodies and organizations in the public sector. As such, it is not unique: other disciplines study this subject as well. Public Administration (PA) distinguishes itself, though, by analysing the public sector from several angles in an integrated manner. In other words, it is interdisciplinary in character, employing knowledge from various disciplines in an integrated manner – or at least it is a multidisciplinary form of research, which applies the insights from different disciplines to one and the same subject. Apart from its interdisciplinary approach, Public Administration research has three other distinctive features. These unique features all influence the way in which research is conducted. Public organizations rely heavily on accurate data to make timely decisions regarding budgets, public policy, program implementation and general organization priorities. In order to accomplish these objectives, public administrators must quickly collect, analyze and interpret data.",S011,2,10108,instructor-led,Indian Institute of Public Administration,English
C612,NTPC Job Safety Analysis - Hindi,NTPC Job Safety Analysis—Hindi,"S012,S015",3,1590,instructor-led,Ministry of Power,English
C613,NTPC Job Safety Analysis - English,NTPC Job Safety Analysis - English.,S012,2,1204,self-paced,Ministry of Power,English/Hindi
C614,Turbine Overhauling Module,"In this module, we will focus on overhauling of main oil pump. Let us begin with the objectives in which we will learn about the operations and overhauling of main oil pump and auxiliary oil pump.",S006,3,16427,virtual-lab,Ministry of Power,Hindi
C615,NTPC Safety Policy - Hindi,NTPC Safety Policy - Hindi,"S010,S007,S002",3,1240,self-paced,Ministry of Power,English/Hindi
C616,NTPC Safety Policy - English,NTPC Safety Policy - English,"S003,S004",1,1020,self-paced,Ministry of Power,English/Hindi
C617,NTPC Safety Framework - Hindi,NTPC Safety Framework - Hindi,"S005,S006",1,2449,virtual-lab,Ministry of Power,English
C618,NTPC Safety Framework - English,NTPC Safety Framework - English,"S005,S009",1,2180,instructor-led,Ministry of Power,Hindi
C619,Delegation of Financial Powers to Defence Services 2021,This module provides an overview of the salient points of DFPDS 2021,"S007,S006",1,842,instructor-led,Defence Headquarters Training Institute (DHTI),English/Hindi
C620,GENERAL ARRANGEMENT OF BOILER COMPONENTS AND AUXILARIES,GENERAL ARRANGEMENT OF BOILER COMPONENTS & AUXILARIES,"S009,S012",1,3120,instructor-led,Ministry of Power,English
C621,Fundamentals of Energy Modelling,"The module explained the types of energy resources, characteristics of the   resources, classifications of energy  and certain definition defines the quality. The module brings clarity on concept of energy system. Units and measurement of energy is specific in nature. The module discussed about the precious, imprecious and commercial units of measurement and   conversion of units.",S009,1,16754,self-paced,Ministry of Power,English/Hindi
C622,FLUE GAS SYSTEM,"Let’s being this topic by introduction you to the main features of Flue Gas Systems, comprising of Air Preheater and Electrostatic Precipitator. We will further learn about different types of air preheaters heaters, its advantages, major heating component of air preheaters. We will then take a small quiz to test your understanding so far.","S001,S004",2,5620,self-paced,Ministry of Power,Hindi
C623,Erection of Boiler and Auxiliaries Module,"Let us familiarize ourselves with the boiler, major component in a coal based power plant and also learn more about thermal power plants.","S002,S006",2,5744,virtual-lab,Ministry of Power,English
C624,Conversion of Coal to Electricity,Conversion of Coal to Electricity.,"S006,S010,S007",1,13537,instructor-led,Ministry of Power,English
C625,A Course on Environmental Social and Governance,A Course on Environmental Social and Governance.,"S011,S010",3,4914,self-paced,Ministry of Power,English/Hindi
C626,Introduction to Sequence Stratigraphy,This e-Learning course of the Geological Survey of India Training Institute (GSITI) gives an introduction to Sequence Stratigraphy-the branch of Stratigraphy that mainly deals with the spatio-temporal variation or correlatability of sedimentary facies of strata (rock layers).,"S006,S007,S002",1,4459,self-paced,Ministry of Mines,English/Hindi
C627,Procurement Process,Procurement processes on the GeM Portal,S011,1,11204,instructor-led,Government e Market Place(GeM),English
C628,Payment process for Buyers,Different payment processes available to Buyers on GeM,"S016,S009,S006",1,7631,self-paced,Government e Market Place(GeM),English/Hindi
C629,Mode of Procurement (Service),This module covers Modes of Procurement of Services on GeM Portal.,"S016,S010,S015",3,6036,instructor-led,Government e Market Place(GeM),English/Hindi
C630,Mode of Procurement (Product),This course covers all the modes of procurement of Products on GeM portal.,S016,2,13897,virtual-lab,Government e Market Place(GeM),Hindi
C631,Introduction to GeM for Buyers,GeM Overview and Introduction of Buyer Functionality,"S005,S004",2,3768,virtual-lab,Government e Market Place(GeM),English
C632,Family Pension under NPS,Family Pension under NPS,"S007,S009,S003",1,574,self-paced,Defence Headquarters Training Institute (DHTI),English
C633,Reform Initiatives of Government of India,Reform Initiatives of Government of India,"S007,S001,S008",1,6600,instructor-led,Institute of Secretariat Training and Management,English
C634,BSNL WiFi Service as Public Data Office (PDO),BSNL WiFi Service as Public Data Office (PDO),"S001,S008",2,1829,self-paced,Bharat Sanchar Nigam Limited(BSNL),English
C635,Reform Intiatives of GOI- Hindi,भारत सरकार की सुधार पहल,"S005,S008",3,3600,virtual-lab,Institute of Secretariat Training and Management,English/Hindi
C636,Annual Performance Appraisal Report (Hindi),वार्षिक कार्यनिष्पादन मूल्यांकन रिपोर्ट (एपीएआर),"S013,S005,S006",2,3840,virtual-lab,Institute of Secretariat Training and Management,English
C637,Sustainable Development Goals India Stand (Hindi),सतत विकास लक्ष्य (एसडीजी) – भारत का रुख,"S005,S008",3,8400,self-paced,Institute of Secretariat Training and Management,English/Hindi
C638,Judicial Review and How to Read Judgement - Hindi,Judicial Review and How to Read Judgement - Hindi,"S005,S013",3,3600,virtual-lab,Institute of Secretariat Training and Management,Hindi
C639,Do's and Dont's for Government Employees- Hindi,Do's and Dont's for Government Employees- Hindi,"S010,S001,S005",3,3240,instructor-led,Institute of Secretariat Training and Management,English/Hindi
C640,Constitutional Provisions Relating to Disciplinary Proceedings - Hindi,Constitutional Provisions Relating to Disciplinary Proceedings - Hindi,"S002,S006,S003",2,3780,instructor-led,Institute of Secretariat Training and Management,Hindi
C641,Constitutional Provisions at Workplace- Hindi,Constitutional Provisions at Workplace- Hindi,S007,1,7200,self-paced,Institute of Secretariat Training and Management,English/Hindi
C642,Stakeholders in Governance (Hindi),शासन प्रणाली में हितधारक,S006,1,6420,instructor-led,Institute of Secretariat Training and Management,English/Hindi
C643,Government Accommodations - Hindi,Government Accommodations- Hindi,S012,2,1320,virtual-lab,Institute of Secretariat Training and Management,English/Hindi
C644,Central Government Health Scheme CGHS and Central Services MA Rules,Central Government Health Scheme (CGHS) & Central Services (MA) Rules,S001,2,4200,virtual-lab,Institute of Secretariat Training and Management,Hindi
C645,Stakeholders in Governance,Stakeholders in Governance,"S006,S012,S009",2,6180,instructor-led,Institute of Secretariat Training and Management,Hindi
C646,Central Secretariat Functionaries - Role of an Assistant Section Officer (ASO),Enroll in the course to learn about the role of an Assistant Section Officer (ASO),S006,2,2100,self-paced,Institute of Secretariat Training and Management,English/Hindi
C647,Handling CAT Cases,Handling CAT Cases,"S004,S006",2,9240,self-paced,Institute of Secretariat Training and Management,Hindi
C648,Part A. Planning : Faecal Sludge and Septage Management,The course provides a holistic understanding of faecal sludge and septage management and introduces the participants with the  state and city level approaches in planning of FSSM followed in India.,S016,3,7785,self-paced,Ministry of Housing and Urban Affairs,Hindi
C649,Part B. Planning : Faecal Sludge and Septage Management,"The course provides a holistic understanding of faecal sludge and septage management and introduces the participants with the  state and city level approaches in planning of FSSM followed in India. The conceptual knowledge would enable managers to take concrete/viable decisions about state and city level implementation for managing faecal sludge and septage, keeping inclusivity and sustainability at the center.","S004,S005",1,4985,virtual-lab,Ministry of Housing and Urban Affairs,English
C650,Orientation on Faecal Sludge and Septage Management,"The course provides a comprehensive understanding of the various components of FSSM to implement effective and sustainable sanitation solutions in cities through hands-on experience. With the increasing importance and need in small and medium towns, it is necessary to strengthen the existing knowledge base and build capacity for its planning and implementation. The course is designed to enable participants to plan for the entire sanitation service chain, through various national missions namely, SBM-U 2.0, AMRUT 2.0 and the recommendations of the 15th Finance Commission, thereby achieving targets of SDG 6.2 and 6.3. Since WASH is one of the crucial sectors under SCM, the course is crucial for officials from Smart Cities to plan for city wide inclusive sanitation services.","S005,S011,S003",3,7682,self-paced,Ministry of Housing and Urban Affairs,English
C651,Judicial Review and Reading a Judgement,Judicial Review and Reading a Judgement,S002,1,1500,virtual-lab,Institute of Secretariat Training and Management,English/Hindi
C652,Role of Inquiry Officer in Disciplinary Proceedings (Hindi),अनुशासनात्मक कार्यवाही में जांच अधिकारी की भूमिका,"S005,S013",2,3300,self-paced,Institute of Secretariat Training and Management,English
C653,Travelling Allowance (Hindi),यात्रा भत्ता (टीए),S008,1,1500,self-paced,Institute of Secretariat Training and Management,Hindi
C654,Principles of Natural Justice (Hindi),नैसर्गिक न्याय के सिद्धांत,S015,1,2100,instructor-led,Institute of Secretariat Training and Management,English
C655,Leave Rules (Hindi),छुट्टी नियमावली,"S012,S005,S007",2,2700,self-paced,Institute of Secretariat Training and Management,English
C656,Evaluation of Evidence (Hindi),साक्ष्य का मूल्यांकन,"S016,S004",1,2880,virtual-lab,Institute of Secretariat Training and Management,English/Hindi
C657,Cantonments Act - 2006 - An overview,"An Act to consolidate and amend the law relating to the administration of cantonments with a view to impart greater democratisation, and improvement of their financial base to make provisions for developmental activities and for matters connected therewith or incidental thereto.","S008,S005",3,15819,virtual-lab,National Institute of Defence Estates Management (NIDEM),English
C658,Central Secretariat Functionaries - Role of an ASO (Hindi),केंद्रीय सचिवालय के पदाधिकारी  - एक एएसओ की भूमिका,"S016,S001",1,2280,virtual-lab,Institute of Secretariat Training and Management,Hindi
C659,Central Government Employees Group Insurance Scheme (Hindi),केंद्रीय सरकारी कर्मचारी समूह बीमा योजना (सीजीईजीआईएस),"S008,S002,S011",3,1200,self-paced,Institute of Secretariat Training and Management,English
C660,Budget (Hindi),"""बजट"" पाठ्यक्रम","S007,S004",2,3300,self-paced,Institute of Secretariat Training and Management,English/Hindi
C661,Basic Principles of Management in Government Service (Hindi),सरकारी सेवा में प्रबंधन के मूल सिद्धांत,"S008,S009",2,3300,self-paced,Institute of Secretariat Training and Management,English
C662,"Appeal, Revision and Review (Hindi)","अपील, संशोधन और समीक्षा","S001,S002",1,4380,self-paced,Institute of Secretariat Training and Management,Hindi
C663,Appeal Revision and Review,Appeal Revision and Review,"S010,S002",2,2100,self-paced,Institute of Secretariat Training and Management,English
C664,Annual Performance Appraisal Report (APAR),Annual Performance Appraisal Report (APAR),"S016,S008",2,2280,virtual-lab,Institute of Secretariat Training and Management,English
C665,BIO-MEDICAL WASTE MANAGEMENT IN PRIMARY HEALTH CARE CENTERS,"This Course is designed to guide Health care Workers/Occupierss on Managment of Bio Medical Waste as per the Bio Medical Waste Managment Rules, 2016.","S005,S015",1,7089,self-paced,Central Pollution Control Board,English/Hindi
C666,Fundamentals of Geographic Information System,"This course enables learner to understand the fundamental concepts of Geographical Information System (GIS), Spatial data models, coordinate systems, map projections, as well as digitization and map editing over popular GIS interface.",S005,1,17141,virtual-lab,Ministry of Mines,Hindi
C667,Grain Analyser,"One solution for testing of all grains, cereals, pulses with the help of the artificial eye.","S007,S009,S008",2,427,instructor-led,Food Corporation of India (FCI),Hindi
C668,Principles of Stratigraphy,This e-Learning course of the Geological Survey of India Training Institute (GSITI) gives a broad idea on Principles of Stratigraphy-the branch of geology concerned with the study of rock layers (strata) and layering (stratification).,"S005,S006,S008",1,4059,virtual-lab,Ministry of Mines,Hindi
C669,Co-treatment of Faecal Sludge and Septage with Sewage at STP,The Course comprises 6 Sessions and an introduction session about the content of the course in the very beginning; along with a detailed Assessment. It is designed to facilitate an understanding of Co-treatment approach for handling faecal sludge and septage at city/town level.,"S011,S010",3,9840,self-paced,Ministry of Housing and Urban Affairs,English
C670,राष्ट्रीय बचत पत्र (एनएससी) योजना,पैसे बचाने और धारा 80सी के तहत आयकर छूट के लिए एक योजना,"S008,S009",1,2400,virtual-lab,RAKNPA,English/Hindi
C671,मासिक आय योजना (एमआईएस),"एमआईएस में निवेश करें, मासिक कमाएं",S016,1,2100,self-paced,RAKNPA,English/Hindi
C672,डाक जीवन बीमा (पीएलआई),"कम प्रीमियम, अधिक बोनस","S006,S007",2,3420,virtual-lab,RAKNPA,English/Hindi
C673,ग्रामीण डाक जीवन बीमा (आरपीएलआई),"जीवन का बीमा करें, खुशियों का आश्वासन लें",S010,2,3000,virtual-lab,RAKNPA,English/Hindi
C674,किसान विकास पत्र  योजना,पैसे बचाने और अपनी बचत पर ब्याज अर्जित करने की योजना,"S009,S010",3,2400,instructor-led,RAKNPA,English/Hindi
C675,सुकन्या समृद्धि खाता,"सशक्त लड़की, सशक्त राष्ट्र","S007,S010,S011",2,2700,instructor-led,RAKNPA,English/Hindi
C676,वरिष्ठ नागरिक बचत योजना (एससीएसएस),वरिष्ठ लोगों के लिए एक आदर्श निवेश,"S007,S001",1,2400,virtual-lab,RAKNPA,Hindi
C677,बीमा,बीमा उद्योग का परिचय,S015,3,2400,instructor-led,RAKNPA,English/Hindi
C678,आवर्ती जमा (आरडी),"आरडी में मासिक जमा करें, एकमुश्त रकम प्राप्त करें।","S007,S008,S015",1,2700,virtual-lab,RAKNPA,English
C679,Sukanya Samridhi Account (SSA),"Empowering Girl, Empowering Nation",S011,1,2700,virtual-lab,RAKNPA,English
C680,Public Provident Fund (PPF),A scheme with high interest and tax benefit,S001,1,3960,self-paced,RAKNPA,English
C681,Monthly Income Scheme(MIS),"Invest in MIS, earn monthly",S009,1,2100,instructor-led,RAKNPA,English/Hindi
C682,Introduction to POSB Schemes,"Small Savings, Big Gains","S016,S013,S001",2,1320,self-paced,RAKNPA,English/Hindi
C683,Public Policy and the VUCA World,"Each stage of public policy has significance and its success or failure is dependent on the comprehensive understanding of the challenges at each stage by the policy makers and the implementers. The challenge is to respond to highly dynamic world and increasing demands and rising aspirations of the citizens, which in policy lexicon has emerged as VUCA (Volatile, Uncertain, Complex and Ambiguous) world.",S013,3,7621,instructor-led,Indian Institute of Public Administration,English
C684,Stages and Techniques of Mineral Exploration,"This course on 'Stages and Techniques of Mineral Exploration' introduces the learner to various concepts, methodologies, and practices employed in Mineral Exploration.","S007,S010,S011",3,4698,self-paced,Ministry of Mines,English/Hindi
C685,Ways of Enhancing Presentation Skills,This e-Learning course of the Geological Survey of India Training Institute (GSITI) aims to enhance the presentation skills required for any speaking opportunity-spontaneous speaking or planned presentation.,"S011,S002",3,5158,virtual-lab,Ministry of Mines,English
C686,Mineral Potential,"This course on 'Mineral Potential' makes the learner be aware of mineral potential and prospecting possibilities of different metallic and non-metallic minerals. The course focuses further on the status of exploration and mineral potential of Gold, Platinum Group of Elements (PGE), Rare Earth Elements (REE), and Glauconite.","S016,S002",2,12681,instructor-led,Ministry of Mines,Hindi
C687,Fundamentals of Optical Mineralogy,"This course introduces the basic aspects of Optical Mineralogy, i.e. Mineral Identification using polarizing microscopes (petrological microscopes).",S010,1,16147,virtual-lab,Ministry of Mines,English
C688,Transmission System SDH,Transmission System SDH,S003,3,5258,virtual-lab,Bharat Sanchar Nigam Limited(BSNL),English
C689,Personal Selling,Personal Selling,"S002,S016",3,2176,virtual-lab,Bharat Sanchar Nigam Limited(BSNL),Hindi
C690,Segmentation Targeting and  Positioning of Parcel Services,Segmentation Targeting and  Positioning of Parcel Services offered by India Post,"S008,S015,S004",3,2400,self-paced,RAKNPA,English
C691,Rural Postal Life Insurance (RPLI),"Insure Life, Assure Happiness","S008,S011,S003",2,3000,instructor-led,RAKNPA,Hindi
C692,Insurance,Introduction to Insurance  Industry,"S012,S003",3,2400,instructor-led,RAKNPA,English
C693,National Savings Certificate (NSC) Scheme,A Scheme With Purpose of Saving Money And Income Tax Rebate Under 80c,"S006,S008",1,2400,virtual-lab,RAKNPA,Hindi
C694,Postal Life Insurance (PLI),"Low Premium, High Bonus","S001,S002,S007",1,3420,self-paced,RAKNPA,English
C695,Kisan Vikas Patra,A scheme to save money and accure interest on your savings,"S006,S015",1,2400,virtual-lab,RAKNPA,English
C696,Tree Improvement,The training modules explains various methods of tree improvement for increasing the productivity of tree species.,"S012,S007",3,15276,instructor-led,Indian Council of Forestry Research and Education,English
C697,Senior Citizen Savings Scheme(SCSS),An ideal investment for elderly people,"S011,S001,S003",1,2400,virtual-lab,RAKNPA,English
C698,Buyer Dashboard,Different Buyer Dashboards available on GeM,"S011,S012,S003",1,5303,instructor-led,Government e Market Place(GeM),Hindi
C699,SOD Schedule of dimension ODC  over dimensioned consignment,"In this course we will learn about Indian Railways SOD - Schedule of dimension, ODC - over dimensioned consignment in detail.",S006,2,3159,instructor-led,Ministry of Railways,Hindi
C700,Service Conditions,In this course we will learn about Service Conditions in detail.,"S016,S011,S007",2,2372,virtual-lab,Ministry of Railways,English/Hindi
C701,Rules Applying to Railway Servants Generally,In this module we learn about Rules Applying to Railway Servants Generally in detail,"S013,S008,S005",1,21938,virtual-lab,Ministry of Railways,English
C702,Bill Passing _Imprest_Accounts _Audit Inspection,"In this course we learn about Bill Passing, Imprest, Accounts & Audit Inspection in detail","S010,S006",3,3272,instructor-led,Ministry of Railways,Hindi
C703,Train Traffic Control Communication in Indian Railways,The course is about Train Traffic Control Communication in Indian Railways .,"S006,S004",3,5234,virtual-lab,Ministry of Railways,Hindi
C704,Preparation of Cabinet Notes,Preparation of Cabinet Notes,"S005,S001",1,18600,self-paced,Institute of Secretariat Training and Management,English/Hindi
C705,Formulation of Public Policies,Formulation of Public Policies,"S003,S002,S013",1,4500,instructor-led,Institute of Secretariat Training and Management,English/Hindi
C706,Sarbajanik Nitiyon ka Nirupan,सार्वजनिक नीतियों का निरूपण,"S007,S010",3,2820,virtual-lab,Institute of Secretariat Training and Management,English/Hindi
C707,Leave Travel Concession (LTC),Leave Travel Concession (LTC),S002,3,4073,instructor-led,Institute of Secretariat Training and Management,Hindi
C708,Noting and Drafting,This course will guide you about noting and drafting in a secretariat set up.,"S002,S001",3,7200,self-paced,Institute of Secretariat Training and Management,Hindi
C709,Government E Marketplace,A Course on Government e Marketplace (GeM),"S002,S012,S005",1,4145,self-paced,Institute of Secretariat Training and Management,English/Hindi
C710,Parliamentary Procedures,Course on Parliamentary Procedures,"S006,S011",3,7200,instructor-led,Institute of Secretariat Training and Management,Hindi
C711,Office Procedure,Office Procedure,S010,3,8220,self-paced,Institute of Secretariat Training and Management,Hindi
C712,Prevention of Sexual Harassment of Women at Workplace,A Institute of Secretariat Training & Management(ISTM) & Wadhwani Foundation Production,"S002,S006,S010",3,6719,self-paced,Institute of Secretariat Training and Management,English
C713,Code of Conduct for Government Employees,Course on Code of Conduct for Government Employees,"S005,S002",2,2100,virtual-lab,Institute of Secretariat Training and Management,English/Hindi
C714,Basics of Revenue Procurement in Defence,Basics of Revenue Procurement and Role of IFA in  Defence,S009,2,11481,instructor-led,National Academy Of Defence Financial Management (NADFM),English/Hindi
C715,Disciplinary Proceedings in Government,Disciplinary Proceedings in Government,"S013,S008",3,14220,self-paced,National Academy Of Defence Financial Management (NADFM),Hindi
C716,Flood basaltic lava flows: Their Morphology and Emplacement,This e-Learning course of the Geological Survey of India Training Institute (GSITI) aims at providing a basic understanding of the morphology and emplacement mechanisms of flood basaltic provinces like the Deccan Traps of India.,"S009,S010",1,6880,virtual-lab,Ministry of Mines,Hindi
C717,Right to Information Act  - Part 2,"Right to Information Act, 2005 - Part 2",S001,1,4920,instructor-led,Institute of Secretariat Training and Management,English
C718,FIELD IDENTIFICATION OF IMPORTANT TIMBERS OF INDIA,"There are more than 1600 wood species in India.  No two woods are similar in their anatomical structure like our finger prints. Any timber before its application or its end use has to be identified for optimal benefits. When clues like bark, leaver, fruits and flowers are absent in any harvested timber, anatomical structures or internal structure of the wood helps in its identification. Timber identification is a highly specialized subject and is an integral part of wood science and technology.","S013,S012,S009",1,6008,virtual-lab,Indian Council of Forestry Research and Education,Hindi
C719,Consolidated Instructions on Suspension,Take this course to learn about consolidated instructions on suspension.,"S009,S011,S010",2,3720,virtual-lab,Institute of Secretariat Training and Management,English/Hindi
C720,WOOD SEASONING AND PRESERVATION,Wood seasoning is a process of removing excess moisture from wood in a controlled manner that is from more than 100%(Green wood) to less than 20%(Dry wood),S003,1,3415,instructor-led,Indian Council of Forestry Research and Education,English/Hindi
C721,WOOD PRESERVATION,Wood is susceptible to fungus and insect attack especially fast grown timbers which has les resistance to fight against wood degrading organisms . To impart durability on wood preservation treatment techniques are required.,S016,3,3893,virtual-lab,Indian Council of Forestry Research and Education,Hindi
C722,Biodiversity Conservation,The course provides an understanding of the concept of Biodiversity Conservation.,"S003,S009,S013",3,8499,virtual-lab,Indian Council of Forestry Research and Education,Hindi
C723,Central Secretariat Functionaries - Role of an ASO,Central Secretariat Functionaries - Role of an ASO,"S004,S009",2,1920,virtual-lab,Institute of Secretariat Training and Management,English/Hindi
C724,Sustainable Development Goals,Sustainable Development Goals,S015,2,2940,self-paced,Institute of Secretariat Training and Management,English/Hindi
C725,Management Fundamentals in Government Services,Management Fundamentals in Government Services,"S007,S011",3,3600,self-paced,Institute of Secretariat Training and Management,Hindi
C726,IDENTIFICATION  CULTIVATION AND MANAGEMENT OF BAMBOO,"Considering the high demand of bamboo in local and in modern applications, it is necessary to enhance area under bamboo plantation with clone of selected species and quality planting material.  Intensive silvicultural practices can only improve the yields from the plantation and ensure regular supply of raw materials. In this module all the possible aspects of bamboo identification, cultivation and management are highlighted.","S016,S005",3,7200,instructor-led,Indian Council of Forestry Research and Education,English/Hindi
C727,Effective Communication,Effective Communication,"S001,S004,S005",2,20056,virtual-lab,IIMB,Hindi
C728,Public Procurement Framework of GOI,"Government organizations procure wide variety of goods and services, including execution of works, involving huge amount of funds. They need to follow the fundamental principles of Public Procurement, viz., – transparency, fairness, competition, economy, efficiency and accountability.   General Financial Rules provide the framework that helps the officers engaged in Public Procurement function.","S013,S015",1,6900,instructor-led,Department of Expenditure,English
C729,Right to Information Act - Part 1,Right to Information Act - Part 1,S011,3,3300,self-paced,Institute of Secretariat Training and Management,Hindi
C730,Pensionary Benefits,Pensionary Benefits,"S001,S016,S008",2,3300,self-paced,Institute of Secretariat Training and Management,English
C731,Travelling Allowance,Travelling Allowance,"S002,S009",2,3300,virtual-lab,Institute of Secretariat Training and Management,English
C732,Leave Rules,Leave Rules,"S016,S012",3,3300,self-paced,Institute of Secretariat Training and Management,English/Hindi
C733,Payment Function  and  Booking of Expenditure,Payment Function  and  Booking of Expenditure,"S006,S012",1,4962,virtual-lab,National Academy Of Defence Financial Management (NADFM),Hindi
C734,Nursery Techniques,"Nursery technique is a basic course designed to get a fair idea about various nursery techniques, right from establishment, design and layout to various nursery operations, propagation techniques, choice of species and protection of plant against insect-pest and diseases.",S013,2,17100,instructor-led,Indian Council of Forestry Research and Education,Hindi
C735,Butterfly Diversity and Identification,"Butterflies are vivid expressions of life and since time immemorial have inspired writers, poets, artists and naturalists throughout the globe. “Rabindranath Tagore once wrote- The butterfly counts not months but moments, and has time enough”. “The fluttering of a butterfly's wings can effect climate changes on the other side of the planet” by Paul Erlich, is a more recent quote. India has extremely diverse terrain, climate and vegetation, which comprises extremes of heat cold, desert and jungles, of low-lying plains and the highest mountains, of dryness and dampness, islands and continental areas, widely varying flora, and sharply marked seasons.  In addition, India hosts three of the world's biodiversity hotspots: the Western Ghats, the Eastern Himalayas, and the hilly ranges bordering India and Myanmar, each having numerous endemic species. Accordingly, India's diverse and varied fauna include a rich variety of butterflies.  In 1932, Brigadier William Harry Evans recorded approximately 1439 species of butterfly from British India, and now ~1700 taxa of butterflies are known  from India.  Butterflies are also ecologically important because of the role they play in the food chain of a forest ecosystem. Their egg, larva (caterpillars) and adult (butterfly) form the food of a number of other animals. Most butterflies are pollinators of flowering plants and have a symbiotic relationship with plant diversity as they are dependent upon a variety of plants for larval food. Butterflies are also good biological indicators of environmental variation and quality. Ecotourism with butterflies in parks, gardens and  conservatories has recently gained much importance and widely practiced in many countries across the tropics. Keeping all these aspects in mind it has now become important for us to know about and identify butterflies in our neighborhood. This course  is designed for beginners to make them aware about various aspects of butterflies and guide them in identification","S004,S007,S015",2,7040,instructor-led,Indian Council of Forestry Research and Education,English/Hindi
C736,Internal Audit in Defence,Internal Audit in Defence,"S005,S013,S002",1,4262,virtual-lab,National Academy Of Defence Financial Management (NADFM),English/Hindi
C737,Public Administration,Public Administration,S012,1,4500,self-paced,Institute of Secretariat Training and Management,Hindi
C738,Govt Accounting System,Govt Accounting System,"S012,S002,S015",3,3250,virtual-lab,National Academy Of Defence Financial Management (NADFM),English
C739,Plywood Manufacturing Technology (PMT),"This is an introductory course for plywood manufacturing which deals with the process of veneering, drying, adhesives and the process parameters for the manufacture of plywood using synthetic resin adhesives.","S012,S013",2,3057,instructor-led,Indian Plywood Industries Research and Training Institute (IPIRTI),English/Hindi
C740,Bamboo based Composite Technologies,"Bamboo is an excellent material in the filed of material science. Round Bamboo is used for handicrafts and other purpose. Bamboo composites developed from primary breakdown of bamboo into bamboo slivers, bamboo strips and crushed bamboo. Primary breakdown of bamboo is done at common facility center for the production of Mat based composite products from bamboo mats, Vertical and Horizontal laminates from bamboo strips and third category is bamboo lumber composites which is developed from crushed bamboo.",S005,3,2856,self-paced,Indian Plywood Industries Research and Training Institute (IPIRTI),English
C741,Borehole Planning Core Logging and Sampling in Base Metal Exploration,"Borehole planning is done in the advanced stage of mineral exploration when the hidden ore bodies and mineralized zones are targeted to be intersected below the surface by drilling. This is followed by core logging and sampling to assess the metal content of the mineralized zones.  In this course, different aspects of (1) Borehole planning & Drilling, and (2) Core logging & Sampling are discussed in respect of Base Metal mineral exploration.","S005,S006",3,6277,instructor-led,Ministry of Mines,Hindi
C742,Manual Maintenance of Track,Manual Maintenance of Track,S008,3,2793,self-paced,Ministry of Railways,English
C743,Application of Microwave Remote Sensing in Lineament Extraction,The course on 'Application Of Microwave Remote Sensing In Lineament Extraction' intends to introduce the learner to the characteristics of Microwave Remote Sensing and how this technology can be used to extract lineament data of various geological importance.,"S011,S002,S013",2,5406,instructor-led,Ministry of Mines,English/Hindi
C744,"Advanced Programme - Planning, Design and Construction of Long Span Bridges","This course provides detailed knowledge about following subjects, namely: Planning, Design and Construction of Long Span Bridges. It includes geotechnical investigation, site selection, general requirements and construction materials, Components, codal provisions, Classification of bridge, type of culverts and types of Constructions method used for Bridge Construction, Seismic Effects on Design & Performance of Long Span bridge, Sustainable design of long span bridges, Quality Control and quality assurance during casting, erection, launching and scaffolding work. The expected outcome of the course is to make the concerned officers (like AE, JE, AEE and DPR consultant) familiarize with Design, Construction and Maintenance of Bridges and Culverts.","S003,S007",2,25200,virtual-lab,Ministry of Rural Development,English
C745,Self Leadership,"Leadership starts with the self. If you can manage yourself, you can manage the whole world.","S012,S005",2,5203,instructor-led,The Art of Living,English
C746,Managing Personal Relationships,"Our personal and professional lives are interconnected. For us to perform well professionally, peace and stability in our personal relationships is helpful.",S001,3,2493,self-paced,The Art of Living,English
C747,Increasing your Emotional Quotient,Emotions are part of our lives. Managing negative emotions is critical for leadership effectiveness and good team collaboration.,"S006,S013",2,4021,virtual-lab,The Art of Living,English
C748,Acquisition of Land for Defence Purposes,"An Act to ensure, in consultation with institutions of local self-government Gram Sabhas established under the Constitution, a humane, participative, informed and transparent process for land acquisition for industrialisation, development of essential infrastructural facilities and urbanisation with the least disturbance to the owners of the land and other affected families and provide just and fair compensation to the affected families whose land has been acquired or proposed to be acquired or are affected by such acquisition and make adequate provisions for such affected persons for their rehabilitation and resettlement and for ensuring that the cumulative outcome of compulsory acquisition should be that affected persons become partners in development leading to an improvement in their post-acquisition social and economic status and for matters connected therewith or incidental thereto.","S003,S013",3,8604,virtual-lab,National Institute of Defence Estates Management (NIDEM),English/Hindi
C749,GIS Curriculum for PMGSY,"The proposed course provides detailed understanding about Geographic Information Systems and their applications in Rural Roads. The Course specially designed for officers like GIS Nodal Officers (State), GIS Analysts (State) involved in PMGSY works.  All aspects starting from Convert text-based data to a GIS format, Geo-referenced the maps and create vector GIS data,	Add Plugins and create thematic maps would be discussed in this course. Further, in the proposed course  GIS Operations like Intersect, Dissolve, and Buffer, handling the attribute data, automate the task using the graphical modeler and operations on Google Earth e.g. Geotagging, historical image would be discussed extensively.","S016,S011,S001",2,29523,self-paced,Ministry of Rural Development,English/Hindi
C750,"Cantonment Board Account Rules, 2020","Cantonment Board Account Rules, 2020 has come into effect in all 62 Cantonment Boards from 01.04.2020 in supersession of the then existing Cantonment Account Code, 1924. Accrual Based (Double Entry) Accounting has been introduced through these rules in Cantonment Boards. ABAS (Accrual Based Accounting System) is an IT-based system implemented in all Cantonment Boards for implementation of the said rules.","S007,S013",1,7103,self-paced,National Institute of Defence Estates Management (NIDEM),Hindi
C751,Basics of Geomorphology,"Geomorphology is the study of landforms and the processes that shape them. This course on 'Basics of Geomorphology' intends to make the learners aware of the different types of landforms and how they are formed by different mobile agents like wind, air and wave.",S004,3,23181,instructor-led,Ministry of Mines,Hindi
C752,Fundamentals of Sedimentology,"As the title suggests, this course on  'Fundamentals of Sedimentology' enables learners to get the basic ideas/principles of sedimentology- the study of sedimentary rocks.","S004,S012",3,22325,self-paced,Ministry of Mines,English/Hindi
C753,Understanding the Telecommunications Licensing regime,This module explains the basics of license in the Department of Telecommunications and will clarify the Unified License guidelines issued by DoT.,"S016,S015,S011",3,6465,self-paced,National Institute of Communication Finance,English
C754,Under Ground Cable in BSNL,BSNL Under Ground Cables,S009,3,4948,instructor-led,Bharat Sanchar Nigam Limited(BSNL),English/Hindi
C755,Fundamentals of Mapping Techniques in Granite-Greenstone Terrain,The course intends to acquaint learners with the methodology  of geological mapping preferred in the Precambrian granite-greenstone terrain.,S003,1,27015,instructor-led,Ministry of Mines,Hindi
C756,डाकघर बचत योजनाओं  का परिचय,"छोटी  बचत , बडे फायदे","S005,S008,S001",2,1320,instructor-led,RAKNPA,English
C757,Recurring Deposit (RD),"Deposit monthly in RD, get lump-sump",S015,1,2700,instructor-led,RAKNPA,English
C758,Subscriber Line Testing,Subscriber Line Testing Modules,"S002,S011,S007",1,2475,virtual-lab,Bharat Sanchar Nigam Limited(BSNL),English/Hindi
C759,Excel Advanced,Microsoft Office 365 Productivity Suite Training for government Officials powered by the Ministry of Skill Development & Entrepreneurship and Capacity Building Commission in partnership with Microsoft. We aim to enhance the functional computer literacy of nearly 2.5 million civil servants of the Government of India (GoI). This training program will digitally empower officials to provide efficient and effective citizen-centric services to the vulnerable and underprivileged sections of society. It will enable them to deliver last-mile social welfare services.,"S005,S016",2,13741,virtual-lab,Microsoft,English
C760,Gujarati Course Language,"This program is designed to help you learn the Gujarathi language so that you can read, write, and speak Gujarathi  confidently with any native person.","S008,S004",3,43680,self-paced,SVPNPA,English
C761,Odia Language,"This program is designed to help you learn the Odia language so that you can read, write, and speak Odia confidently with any native person.","S015,S011",1,41820,instructor-led,SVPNPA,Hindi
C762,Module 12 - Conversation and Vocabulary,"This program is designed to help you learn the Marathi language so that you can read, write, and speak Marathi confidently with any native person.",S011,1,4800,self-paced,SVPNPA,English/Hindi
C763,Module 11  - Grammar and Marathi Culture,This module introduces you to the grammar topics sentences and its types. Also you will learn Marathi words for the words related to criminal justice and various administrative terms.,"S011,S013,S005",2,3360,instructor-led,SVPNPA,English/Hindi
C764,Module 10 - Grammar and Official words,"This program is designed to help you learn the Marathi language so that you can read, write, and speak Marathi confidently with any native person.","S007,S009",3,4440,instructor-led,SVPNPA,Hindi
C765,Module 09 - Grammar and Simple Conversations,"This program is designed to help you learn the Marathi language so that you can read, write, and speak Marathi confidently with any native person.",S010,2,2400,instructor-led,SVPNPA,Hindi
C766,Module 08 - Grammar and Conversations,"This program is designed to help you learn the Marathi language so that you can read, write, and speak Marathi confidently with any native person.",S002,3,3540,instructor-led,SVPNPA,Hindi
C767,"Module 07 - Grammar, Vocabulary and Picture writing","This program is designed to help you learn the Marathi language so that you can read, write, and speak Marathi confidently with any native person.","S016,S009,S002",2,3720,self-paced,SVPNPA,English/Hindi
C768,Module 06 - Grammar and  Formal Informal Conversations,"This program is designed to help you learn the Marathi language so that you can read, write, and speak Marathi confidently with any native person.","S007,S001",3,3180,virtual-lab,SVPNPA,English
C769,Module 05 - Grammar and Conversations,"This program is designed to help you learn the Marathi language so that you can read, write, and speak Marathi confidently with any native person.",S015,1,2880,instructor-led,SVPNPA,English
C770,Module 04 - Basic Grammar and More Vocabulary,"This program is designed to help you learn the Marathi language so that you can read, write, and speak Marathi confidently with any native person.","S013,S005",1,2880,virtual-lab,SVPNPA,English/Hindi
C771,Module 03 - Learn Grammar Basics,"This program is designed to help you learn the Marathi language so that you can read, write, and speak Marathi confidently with any native person.","S008,S006,S011",3,3600,virtual-lab,SVPNPA,Hindi
C772,Module 02 - Increase your Vocabulary,"This program is designed to help you learn the Marathi language so that you can read, write, and speak Marathi confidently with any native person.","S001,S007",1,2100,self-paced,SVPNPA,Hindi
C773,Module 01 - Basics of Marathi letters and Numerals,"This program is designed to help you learn the Marathi language so that you can read, write, and speak Marathi confidently with any native person.",S012,3,5340,virtual-lab,SVPNPA,Hindi
C774,Vendor Registration,Complete registration process for vendors,"S012,S001,S008",2,1215,self-paced,Government e Market Place(GeM),Hindi
C775,Invoicing and payment Process,This module contains the details of the complete invoicing and payment process required from the end of the Seller,"S010,S007,S006",3,1073,virtual-lab,Government e Market Place(GeM),English/Hindi
C776,Catalogue Management,Complete catalogue updation process for Sellers and Service Providers,"S016,S015",1,2536,instructor-led,Government e Market Place(GeM),Hindi
C777,Bid Participation,Complete Bid participation process on the GeM portal,"S008,S016",3,1266,self-paced,Government e Market Place(GeM),English/Hindi
C778,Power System Operation,Power System Operation,S013,3,26580,self-paced,Ministry of Power,English/Hindi
C779,Market Operation and Regulatory Affairs,Market Operation and Regulatory Affairs,"S002,S007,S008",2,30180,virtual-lab,Ministry of Power,English/Hindi
C780,Mining Reforms,"(1) This course on “Reporting of Mineral Resources & Contents of Feasibility Study”  and  (2) ""Systematic  Scientific Reclamation & Rehabilitation of Mine Site""  as per the latest Reforms",S001,2,4640,virtual-lab,Ministry of Mines,Hindi
C781,Bengali language course,"This program is designed to help you learn the bengali language so that you can read, write, and speak bengali confidently with any native person.","S016,S007,S008",3,45240,self-paced,SVPNPA,English
C782,Constitutional Provisions at Workplace,Constitutional Provisions at Workplace,"S011,S004",2,7200,instructor-led,Institute of Secretariat Training and Management,English
C783,Pay Fixation,Pay Fixation,S005,1,5160,instructor-led,Institute of Secretariat Training and Management,Hindi
C784,Consultation with UPSC in disciplinary cases,Consultation with UPSC in disciplinary cases,"S013,S006,S003",3,2640,instructor-led,Institute of Secretariat Training and Management,English/Hindi
